seizure_id,date,year,month,state,district,latitude,longitude,drug_type,quantity_kg,agency
SZ000001,2024-06-03,2024,6,Karnataka,Mangaluru,15.7378,76.1677,Heroin,5.81,NCB
SZ000002,2020-03-26,2020,3,Manipur,Churachandpur,24.5695,93.4736,Cocaine,0.77,State Police
SZ000003,2022-10-05,2022,10,Punjab,Tarn Taran,31.779,75.7854,Cannabis (Ganja),220.56,NCB
SZ000004,2018-07-05,2018,7,Manipur,Chandel,25.408,93.6313,Methamphetamine,2.33,State Police
SZ000005,2019-03-19,2019,3,Manipur,Chandel,24.5594,94.4423,Cannabis (Ganja),35.63,Customs
SZ000006,2023-06-22,2023,6,Maharashtra,Nagpur,20.042,75.1336,Cannabis (Ganja),33.61,NCB
SZ000007,2022-10-13,2022,10,Punjab,Ludhiana,31.26,74.7637,Methamphetamine,1.7,NCB
SZ000008,2021-11-16,2021,11,Odisha,Koraput,21.0357,85.1947,Methamphetamine,12.64,NCB
SZ000009,2019-06-08,2019,6,Punjab,Ferozepur,30.4433,74.9902,Ketamine,1.0,NCB
SZ000010,2022-07-22,2022,7,Odisha,Cuttack,21.4524,84.5672,Cocaine,0.58,NCB
SZ000011,2021-09-20,2021,9,Punjab,Ludhiana,31.4641,75.2539,Charas/Hashish,1.5,State Police
SZ000012,2022-08-10,2022,8,Maharashtra,Mumbai,20.489,76.3637,Heroin,2.01,Customs
SZ000013,2023-12-08,2023,12,Maharashtra,Nashik,19.1042,76.3542,Charas/Hashish,3.04,State Police
SZ000014,2020-10-16,2020,10,Gujarat,Ahmedabad,22.6736,71.5411,Heroin,2.74,State Police
SZ000015,2022-08-17,2022,8,West Bengal,Kolkata,22.9804,87.5878,Cannabis (Ganja),8.47,NCB
SZ000016,2022-10-05,2022,10,Rajasthan,Jaisalmer,26.775,74.3655,Pharmaceutical Opioids,3.53,NCB
SZ000017,2023-06-02,2023,6,Haryana,Sirsa,29.7605,76.2048,Charas/Hashish,2.29,State Police
SZ000018,2020-07-15,2020,7,Maharashtra,Mumbai,20.2721,76.3439,Cannabis (Ganja),3.45,NCB
SZ000019,2022-02-04,2022,2,Assam,Cachar,26.6298,92.3124,Cocaine,4.87,BSF
SZ000020,2018-02-15,2018,2,Gujarat,Porbandar,22.7532,70.8974,Cannabis (Ganja),227.97,DRI
SZ000021,2019-07-27,2019,7,Maharashtra,Nashik,19.6462,76.4978,Heroin,0.74,BSF
SZ000022,2024-03-25,2024,3,Kerala,Kollam,11.2852,76.5287,Charas/Hashish,8.74,State Police
SZ000023,2020-09-01,2020,9,Rajasthan,Kota,27.5498,73.6653,Cannabis (Ganja),16.83,NCB
SZ000024,2024-01-06,2024,1,Assam,Dibrugarh,26.9549,92.9412,Cannabis (Ganja),53.29,NCB
SZ000025,2019-03-01,2019,3,Punjab,Amritsar,31.4608,75.4698,Heroin,2.74,NCB
SZ000026,2023-02-20,2023,2,Karnataka,Mangaluru,16.0041,75.5461,Heroin,1.33,NCB
SZ000027,2024-08-15,2024,8,Manipur,Churachandpur,24.7483,94.1244,Pharmaceutical Opioids,0.34,NCB
SZ000028,2021-01-27,2021,1,Rajasthan,Barmer,27.507,74.1678,Opium,21.5,Customs
SZ000029,2023-02-07,2023,2,Punjab,Ludhiana,31.3196,75.9284,Cannabis (Ganja),235.1,State Police
SZ000030,2020-12-12,2020,12,Uttar Pradesh,Ghaziabad,26.7762,80.5465,Cocaine,4.28,NCB
SZ000031,2018-10-24,2018,10,Kerala,Kollam,11.3695,75.9665,Opium,1.06,NCB
SZ000032,2019-02-08,2019,2,Jammu and Kashmir,Srinagar,33.0138,75.8686,Heroin,2.04,NCB
SZ000033,2022-08-22,2022,8,Punjab,Gurdaspur,31.75,75.9018,Cannabis (Ganja),21.58,NCB
SZ000034,2019-03-07,2019,3,Gujarat,Porbandar,21.5388,70.9878,Opium,11.15,State Police
SZ000035,2018-11-11,2018,11,Rajasthan,Jaisalmer,27.6642,74.9873,Heroin,0.98,Coast Guard
SZ000036,2022-08-22,2022,8,Karnataka,Belagavi,15.3428,76.2821,Heroin,4.66,State Police
SZ000037,2020-08-02,2020,8,Uttar Pradesh,Ghaziabad,26.4221,80.738,Charas/Hashish,3.38,State Police
SZ000038,2020-03-19,2020,3,Delhi,New Delhi,29.3662,77.0695,Cannabis (Ganja),139.99,NCB
SZ000039,2022-11-06,2022,11,Mizoram,Lunglei,22.821,93.3158,Charas/Hashish,1.18,NCB
SZ000040,2024-12-04,2024,12,Andhra Pradesh,Anantapur,16.2711,79.0752,Opium,1.45,BSF
SZ000041,2023-12-11,2023,12,Rajasthan,Bikaner,27.7336,73.8254,Methamphetamine,4.02,State Police
SZ000042,2022-03-05,2022,3,Rajasthan,Jodhpur,26.9656,74.2562,Opium,8.8,Customs
SZ000043,2022-06-04,2022,6,Karnataka,Mangaluru,14.6603,75.9626,Heroin,2.18,State Police
SZ000044,2022-09-10,2022,9,Karnataka,Belagavi,14.9529,75.4927,Pharmaceutical Opioids,26.08,NCB
SZ000045,2024-02-15,2024,2,Rajasthan,Bikaner,27.1048,74.9178,Cannabis (Ganja),38.82,Customs
SZ000046,2020-08-27,2020,8,Manipur,Imphal West,24.0496,94.4709,Methamphetamine,1.94,State Police
SZ000047,2022-08-15,2022,8,Rajasthan,Jodhpur,26.6926,74.1537,Charas/Hashish,10.78,State Police
SZ000048,2024-09-22,2024,9,Maharashtra,Mumbai,20.289,75.0803,Heroin,1.72,DRI
SZ000049,2018-08-19,2018,8,Odisha,Bhubaneswar,20.3788,85.5428,Heroin,1.28,NCB
SZ000050,2022-11-01,2022,11,Jammu and Kashmir,Poonch,33.9495,77.0624,Heroin,0.68,NCB
SZ000051,2023-01-27,2023,1,Bihar,Patna,25.6408,84.5742,Methamphetamine,13.5,NCB
SZ000052,2021-07-21,2021,7,Rajasthan,Bikaner,26.4683,74.5954,Cocaine,2.34,NCB
SZ000053,2024-09-21,2024,9,Maharashtra,Mumbai,19.0178,76.3246,Heroin,5.52,Customs
SZ000054,2018-10-05,2018,10,Gujarat,Ahmedabad,22.7145,71.4083,Poppy Husk,355.24,State Police
SZ000055,2020-12-12,2020,12,Rajasthan,Barmer,27.725,73.6575,Methamphetamine,3.16,State Police
SZ000056,2021-02-04,2021,2,Uttar Pradesh,Varanasi,26.5375,80.8346,Heroin,0.12,State Police
SZ000057,2021-05-23,2021,5,West Bengal,Nadia,22.2477,87.7294,Opium,12.01,State Police
SZ000058,2022-05-16,2022,5,Gujarat,Porbandar,22.5039,70.8959,Methamphetamine,9.24,Customs
SZ000059,2022-06-15,2022,6,Mizoram,Aizawl,23.7782,93.6137,Charas/Hashish,18.31,State Police
SZ000060,2023-03-09,2023,3,Mizoram,Champhai,22.5454,92.2553,MDMA,0.96,Coast Guard
SZ000061,2020-04-14,2020,4,Punjab,Amritsar,30.3735,75.8635,Cannabis (Ganja),75.09,BSF
SZ000062,2019-03-17,2019,3,Delhi,New Delhi,29.4335,77.8927,Heroin,3.89,Customs
SZ000063,2023-09-21,2023,9,Maharashtra,Nashik,19.2845,75.7501,Cocaine,0.05,NCB
SZ000064,2023-12-27,2023,12,Rajasthan,Barmer,27.8045,73.6466,Opium,8.94,State Police
SZ000065,2023-01-02,2023,1,Uttar Pradesh,Kanpur,26.3395,81.6014,Charas/Hashish,1.84,NCB
SZ000066,2020-03-14,2020,3,Gujarat,Surat,21.5946,70.7799,Opium,19.43,Coast Guard
SZ000067,2022-08-22,2022,8,West Bengal,Malda,23.0532,87.6015,Heroin,0.99,Coast Guard
SZ000068,2023-09-24,2023,9,Manipur,Chandel,24.7994,94.4704,Charas/Hashish,28.92,NCB
SZ000069,2018-07-01,2018,7,Mizoram,Lunglei,22.644,92.6822,Pharmaceutical Opioids,1.6,NCB
SZ000070,2024-09-13,2024,9,Punjab,Ferozepur,30.3617,74.9848,Cannabis (Ganja),59.73,Customs
SZ000071,2022-12-24,2022,12,West Bengal,Malda,23.3431,88.6011,Methamphetamine,6.13,Customs
SZ000072,2018-07-20,2018,7,Bihar,Gaya,25.3466,86.0617,Charas/Hashish,6.9,DRI
SZ000073,2023-09-18,2023,9,Maharashtra,Thane,20.1937,75.6935,Heroin,0.1,DRI
SZ000074,2024-03-12,2024,3,Manipur,Imphal West,24.7487,94.3933,MDMA,0.15,BSF
SZ000075,2020-01-26,2020,1,Madhya Pradesh,Bhopal,23.3112,79.098,Heroin,4.55,BSF
SZ000076,2023-05-02,2023,5,Tamil Nadu,Chennai,11.703,77.8672,Cannabis (Ganja),27.74,State Police
SZ000077,2021-01-19,2021,1,Andhra Pradesh,Guntur,16.4744,79.4969,Methamphetamine,1.0,BSF
SZ000078,2022-06-11,2022,6,Maharashtra,Thane,19.2501,75.0457,Cannabis (Ganja),167.25,NCB
SZ000079,2024-10-18,2024,10,Tamil Nadu,Coimbatore,11.2498,79.4561,Cannabis (Ganja),24.06,Customs
SZ000080,2020-06-25,2020,6,Assam,Cachar,25.9846,92.2475,Charas/Hashish,2.78,NCB
SZ000081,2022-06-24,2022,6,Punjab,Ferozepur,31.5531,75.4054,Cannabis (Ganja),186.56,NCB
SZ000082,2019-07-09,2019,7,Jammu and Kashmir,Jammu,34.1677,76.7252,Pharmaceutical Opioids,13.58,Customs
SZ000083,2020-03-05,2020,3,Maharashtra,Thane,19.8484,76.1772,Ketamine,0.3,Customs
SZ000084,2021-12-27,2021,12,Manipur,Imphal East,25.3041,94.3701,Methamphetamine,4.64,NCB
SZ000085,2022-02-09,2022,2,Assam,Cachar,25.4573,93.6756,Charas/Hashish,12.64,NCB
SZ000086,2019-07-02,2019,7,Punjab,Tarn Taran,30.8501,74.6215,Charas/Hashish,3.21,NCB
SZ000087,2023-01-13,2023,1,Uttar Pradesh,Ghaziabad,26.7166,80.1527,Cannabis (Ganja),68.77,NCB
SZ000088,2018-02-14,2018,2,Bihar,Patna,24.9901,85.7589,Charas/Hashish,2.39,Coast Guard
SZ000089,2019-04-25,2019,4,Maharashtra,Pune,19.4792,76.3986,Methamphetamine,4.37,NCB
SZ000090,2023-03-05,2023,3,Manipur,Imphal West,25.3301,93.1248,Heroin,2.67,NCB
SZ000091,2022-02-13,2022,2,Punjab,Amritsar,31.7091,74.5476,Opium,37.78,BSF
SZ000092,2019-11-21,2019,11,West Bengal,Kolkata,23.6601,87.7871,Ketamine,2.05,State Police
SZ000093,2023-05-05,2023,5,Telangana,Hyderabad,17.6562,78.8824,MDMA,1.52,NCB
SZ000094,2018-09-10,2018,9,Punjab,Ferozepur,31.5103,75.6729,Heroin,1.0,Customs
SZ000095,2022-11-07,2022,11,Delhi,New Delhi,28.1767,77.1117,Heroin,4.33,DRI
SZ000096,2018-07-27,2018,7,Punjab,Amritsar,31.7857,75.9486,Opium,5.24,State Police
SZ000097,2018-04-13,2018,4,West Bengal,Kolkata,23.528,87.0891,Cannabis (Ganja),24.51,State Police
SZ000098,2024-11-07,2024,11,Gujarat,Surat,22.0939,71.4742,Opium,53.79,Customs
SZ000099,2024-10-05,2024,10,Assam,Cachar,26.6736,92.9724,Charas/Hashish,0.16,State Police
SZ000100,2024-08-11,2024,8,Rajasthan,Jodhpur,27.7585,73.7055,Methamphetamine,0.98,NCB
SZ000101,2019-11-10,2019,11,Bihar,Bhagalpur,24.9065,85.3372,Methamphetamine,9.27,Customs
SZ000102,2023-12-16,2023,12,Tamil Nadu,Coimbatore,11.7149,79.137,Heroin,8.66,NCB
SZ000103,2018-09-06,2018,9,Gujarat,Surat,22.8801,71.0214,Cannabis (Ganja),46.13,NCB
SZ000104,2022-05-12,2022,5,West Bengal,Nadia,22.9382,87.3748,Opium,52.4,State Police
SZ000105,2019-02-09,2019,2,Uttar Pradesh,Ghaziabad,26.2083,81.3556,Cannabis (Ganja),26.79,BSF
SZ000106,2019-12-06,2019,12,Maharashtra,Nashik,19.3651,74.9823,Charas/Hashish,13.99,State Police
SZ000107,2021-08-24,2021,8,Haryana,Karnal,29.4837,76.6927,Cannabis (Ganja),75.25,BSF
SZ000108,2024-05-26,2024,5,Telangana,Hyderabad,17.7971,79.1046,Heroin,0.7,NCB
SZ000109,2022-08-15,2022,8,Bihar,Muzaffarpur,25.6631,85.4448,Cannabis (Ganja),26.65,Customs
SZ000110,2020-11-11,2020,11,Maharashtra,Mumbai,19.2809,76.4165,Methamphetamine,17.51,NCB
SZ000111,2020-02-05,2020,2,Jammu and Kashmir,Baramulla,33.6998,76.1724,Heroin,3.0,Customs
SZ000112,2024-09-10,2024,9,Bihar,Bhagalpur,24.6917,84.768,Charas/Hashish,5.96,BSF
SZ000113,2021-10-08,2021,10,Jammu and Kashmir,Srinagar,33.6753,75.9908,Charas/Hashish,12.87,NCB
SZ000114,2021-11-26,2021,11,Haryana,Sirsa,28.5923,75.6951,Heroin,2.39,NCB
SZ000115,2020-12-25,2020,12,Rajasthan,Jaisalmer,27.071,73.7196,Charas/Hashish,3.49,DRI
SZ000116,2023-05-13,2023,5,Madhya Pradesh,Gwalior,22.7162,77.9402,Heroin,3.93,NCB
SZ000117,2023-08-18,2023,8,Karnataka,Mangaluru,15.2208,75.9324,Cannabis (Ganja),185.16,NCB
SZ000118,2020-11-02,2020,11,Telangana,Khammam,17.5537,79.2317,Charas/Hashish,1.06,State Police
SZ000119,2023-04-20,2023,4,Jammu and Kashmir,Baramulla,33.7365,77.3001,Cocaine,1.83,NCB
SZ000120,2022-12-23,2022,12,Gujarat,Surat,22.888,71.5894,Heroin,2.89,DRI
SZ000121,2020-08-10,2020,8,Mizoram,Lunglei,23.005,93.0389,Cannabis (Ganja),164.17,Customs
SZ000122,2024-04-12,2024,4,Mizoram,Lunglei,23.0131,92.8441,Cocaine,0.46,NCB
SZ000123,2022-09-20,2022,9,Punjab,Ferozepur,30.6665,75.785,Heroin,2.04,BSF
SZ000124,2022-03-04,2022,3,Gujarat,Ahmedabad,21.9136,71.4696,Cannabis (Ganja),44.38,BSF
SZ000125,2023-07-21,2023,7,Gujarat,Bhavnagar,22.4608,70.9028,Opium,3.8,DRI
SZ000126,2022-07-01,2022,7,Uttar Pradesh,Agra,27.0264,80.8603,Cannabis (Ganja),251.43,BSF
SZ000127,2022-04-20,2022,4,Bihar,Gaya,24.6907,85.9703,Cocaine,2.66,BSF
SZ000128,2024-01-21,2024,1,Madhya Pradesh,Indore,22.939,78.5903,Methamphetamine,4.69,NCB
SZ000129,2019-04-13,2019,4,West Bengal,Malda,23.4957,88.4369,Cannabis (Ganja),31.15,NCB
SZ000130,2020-06-22,2020,6,Punjab,Gurdaspur,31.5889,74.7251,MDMA,0.77,State Police
SZ000131,2019-03-01,2019,3,Telangana,Warangal,18.8793,78.3314,Opium,10.1,NCB
SZ000132,2020-06-24,2020,6,Karnataka,Mysuru,15.852,75.1922,Cocaine,0.33,State Police
SZ000133,2022-07-22,2022,7,Assam,Guwahati,26.5645,93.7027,Poppy Husk,9.45,NCB
SZ000134,2021-03-02,2021,3,Manipur,Churachandpur,25.1199,94.4414,Methamphetamine,3.03,Coast Guard
SZ000135,2023-04-20,2023,4,Uttar Pradesh,Kanpur,26.2803,81.5565,Charas/Hashish,17.23,NCB
SZ000136,2021-04-02,2021,4,Rajasthan,Bikaner,26.9181,74.6594,Heroin,0.05,NCB
SZ000137,2019-10-01,2019,10,Odisha,Koraput,21.0123,85.6107,Ketamine,3.62,NCB
SZ000138,2023-08-07,2023,8,Uttar Pradesh,Lucknow,27.2504,80.8935,Methamphetamine,4.94,State Police
SZ000139,2023-03-26,2023,3,Gujarat,Ahmedabad,21.7406,71.707,Heroin,0.95,State Police
SZ000140,2019-12-18,2019,12,Telangana,Hyderabad,18.7101,79.781,Charas/Hashish,5.37,BSF
SZ000141,2022-03-26,2022,3,Gujarat,Ahmedabad,22.3415,71.7157,Methamphetamine,5.22,Customs
SZ000142,2018-12-17,2018,12,Punjab,Ferozepur,31.0198,75.7527,Charas/Hashish,1.57,Coast Guard
SZ000143,2020-05-04,2020,5,Assam,Guwahati,26.4826,92.2457,Cannabis (Ganja),212.21,NCB
SZ000144,2024-10-18,2024,10,Gujarat,Surat,22.2119,71.1517,Heroin,2.49,BSF
SZ000145,2022-03-13,2022,3,Punjab,Ferozepur,30.5087,74.8712,Methamphetamine,2.56,State Police
SZ000146,2019-08-24,2019,8,Gujarat,Kutch,21.5484,70.9618,Cannabis (Ganja),57.53,NCB
SZ000147,2024-03-01,2024,3,West Bengal,North 24 Parganas,22.3745,88.0513,Heroin,0.34,NCB
SZ000148,2023-02-23,2023,2,Bihar,Bhagalpur,24.8183,86.0278,Charas/Hashish,11.1,State Police
SZ000149,2024-03-09,2024,3,Karnataka,Belagavi,15.1292,75.546,Charas/Hashish,12.88,State Police
SZ000150,2020-03-06,2020,3,Rajasthan,Jodhpur,27.1629,73.9939,Heroin,1.18,State Police
SZ000151,2024-08-22,2024,8,Manipur,Chandel,24.5817,94.0187,Cannabis (Ganja),35.84,State Police
SZ000152,2022-05-09,2022,5,Odisha,Ganjam,20.3014,84.5657,Cannabis (Ganja),190.96,Customs
SZ000153,2022-03-21,2022,3,Uttar Pradesh,Agra,27.534,81.1058,Cannabis (Ganja),72.72,Customs
SZ000154,2024-11-11,2024,11,Punjab,Ludhiana,30.3574,74.6017,Pharmaceutical Opioids,7.89,Customs
SZ000155,2023-01-05,2023,1,Assam,Guwahati,25.4088,93.3986,Charas/Hashish,10.7,NCB
SZ000156,2020-11-16,2020,11,Jammu and Kashmir,Poonch,34.2199,76.5745,Cannabis (Ganja),86.34,State Police
SZ000157,2024-12-23,2024,12,Haryana,Karnal,28.8591,75.4518,Opium,6.71,Coast Guard
SZ000158,2022-08-27,2022,8,Manipur,Imphal East,24.452,93.7782,Opium,8.19,NCB
SZ000159,2020-11-20,2020,11,Karnataka,Bengaluru Urban,15.3527,75.6519,Ketamine,0.1,Customs
SZ000160,2022-02-11,2022,2,Rajasthan,Barmer,26.9588,74.2556,Opium,0.58,NCB
SZ000161,2020-03-06,2020,3,Rajasthan,Jodhpur,27.5144,74.9791,Pharmaceutical Opioids,4.19,NCB
SZ000162,2024-11-18,2024,11,Odisha,Bhubaneswar,20.2074,85.1554,Cannabis (Ganja),51.9,DRI
SZ000163,2023-01-15,2023,1,Haryana,Faridabad,29.7574,76.63,Pharmaceutical Opioids,1.67,NCB
SZ000164,2023-12-05,2023,12,Punjab,Ferozepur,31.2579,75.1756,Charas/Hashish,10.82,State Police
SZ000165,2020-12-22,2020,12,Punjab,Amritsar,30.5009,75.9277,Cannabis (Ganja),89.94,Customs
SZ000166,2024-08-23,2024,8,Madhya Pradesh,Bhopal,23.4433,78.7331,Pharmaceutical Opioids,5.69,State Police
SZ000167,2023-12-21,2023,12,Jammu and Kashmir,Srinagar,33.5586,76.4064,Charas/Hashish,14.94,NCB
SZ000168,2023-09-13,2023,9,Punjab,Gurdaspur,30.4063,74.792,Pharmaceutical Opioids,7.0,NCB
SZ000169,2021-03-18,2021,3,Telangana,Khammam,17.3886,78.4658,Poppy Husk,86.3,NCB
SZ000170,2022-05-25,2022,5,Gujarat,Bhavnagar,21.783,71.6709,Charas/Hashish,6.94,State Police
SZ000171,2020-12-04,2020,12,Bihar,Muzaffarpur,25.8131,85.1153,Cannabis (Ganja),103.92,Customs
SZ000172,2019-08-09,2019,8,Mizoram,Aizawl,23.0556,92.5058,Cocaine,7.92,Customs
SZ000173,2019-12-23,2019,12,Gujarat,Ahmedabad,22.2731,71.0887,Charas/Hashish,4.62,DRI
SZ000174,2021-12-12,2021,12,Manipur,Imphal East,24.2247,94.1302,Heroin,11.71,NCB
SZ000175,2024-06-08,2024,6,Telangana,Hyderabad,18.3471,79.4708,Heroin,0.54,State Police
SZ000176,2024-10-18,2024,10,West Bengal,North 24 Parganas,23.265,88.5969,Cannabis (Ganja),230.22,State Police
SZ000177,2021-10-02,2021,10,Manipur,Churachandpur,25.0523,93.3198,Charas/Hashish,1.47,NCB
SZ000178,2023-03-25,2023,3,West Bengal,Malda,23.7197,87.3071,Cannabis (Ganja),7.1,NCB
SZ000179,2024-07-20,2024,7,Maharashtra,Pune,19.5223,75.6754,Methamphetamine,2.63,NCB
SZ000180,2020-05-04,2020,5,Maharashtra,Nashik,19.0619,75.6798,Opium,15.87,Customs
SZ000181,2021-10-12,2021,10,Kerala,Kochi,10.3322,76.218,Cannabis (Ganja),132.1,State Police
SZ000182,2023-03-09,2023,3,Gujarat,Bhavnagar,22.1621,70.8747,Cannabis (Ganja),29.1,State Police
SZ000183,2024-10-10,2024,10,Gujarat,Surat,23.0581,71.3716,Cocaine,2.73,BSF
SZ000184,2023-05-13,2023,5,Jammu and Kashmir,Jammu,33.7435,76.5709,Heroin,0.15,State Police
SZ000185,2023-07-27,2023,7,Assam,Dibrugarh,26.7565,93.7317,Cannabis (Ganja),190.98,BSF
SZ000186,2020-02-11,2020,2,Jammu and Kashmir,Srinagar,34.4821,76.3314,Cannabis (Ganja),137.76,State Police
SZ000187,2019-03-21,2019,3,Maharashtra,Pune,20.2846,76.0001,Pharmaceutical Opioids,3.18,NCB
SZ000188,2023-12-08,2023,12,Gujarat,Kutch,22.5443,71.6932,Pharmaceutical Opioids,4.06,NCB
SZ000189,2020-12-01,2020,12,Maharashtra,Pune,20.1913,76.145,Cannabis (Ganja),7.1,State Police
SZ000190,2019-09-01,2019,9,Madhya Pradesh,Indore,22.5028,78.6903,Opium,13.37,Coast Guard
SZ000191,2023-05-05,2023,5,Punjab,Amritsar,31.0061,75.3071,Heroin,3.7,BSF
SZ000192,2023-02-27,2023,2,West Bengal,North 24 Parganas,23.6674,87.4534,Cannabis (Ganja),89.01,Customs
SZ000193,2021-02-04,2021,2,Kerala,Kollam,10.5131,76.7437,Heroin,2.2,BSF
SZ000194,2020-08-08,2020,8,Karnataka,Bengaluru Urban,16.0301,75.5533,Cannabis (Ganja),3.45,NCB
SZ000195,2018-05-03,2018,5,Bihar,Muzaffarpur,24.6375,85.9778,Cocaine,0.89,BSF
SZ000196,2019-07-02,2019,7,Bihar,Patna,25.2903,85.7259,Ketamine,6.37,NCB
SZ000197,2023-12-27,2023,12,Karnataka,Bengaluru Urban,15.7116,76.2228,Ketamine,1.03,Customs
SZ000198,2018-12-07,2018,12,Maharashtra,Nagpur,19.8822,75.5422,Charas/Hashish,28.06,Customs
SZ000199,2023-03-08,2023,3,Jammu and Kashmir,Poonch,34.2524,77.317,Charas/Hashish,1.42,Customs
SZ000200,2024-05-10,2024,5,Jammu and Kashmir,Baramulla,34.5586,75.9301,Cocaine,1.92,State Police
SZ000201,2023-04-17,2023,4,Jammu and Kashmir,Srinagar,33.4621,77.0123,Poppy Husk,211.48,NCB
SZ000202,2022-12-23,2022,12,West Bengal,North 24 Parganas,23.3291,87.9616,Heroin,4.56,State Police
SZ000203,2024-05-21,2024,5,Punjab,Gurdaspur,30.4314,75.7395,Cannabis (Ganja),349.14,NCB
SZ000204,2023-09-24,2023,9,Bihar,Patna,25.5468,84.9031,Cannabis (Ganja),25.58,NCB
SZ000205,2023-12-03,2023,12,Punjab,Ferozepur,31.1118,75.2593,Methamphetamine,3.2,State Police
SZ000206,2024-11-22,2024,11,Gujarat,Ahmedabad,21.6856,71.9458,Cannabis (Ganja),121.27,BSF
SZ000207,2019-04-08,2019,4,Jammu and Kashmir,Poonch,33.0941,77.3637,Heroin,1.12,NCB
SZ000208,2023-09-16,2023,9,Rajasthan,Barmer,27.6315,74.4415,Methamphetamine,10.43,State Police
SZ000209,2020-06-05,2020,6,Tamil Nadu,Coimbatore,10.7471,78.1057,Heroin,5.09,NCB
SZ000210,2020-12-19,2020,12,Madhya Pradesh,Indore,23.394,78.3523,Ketamine,0.89,NCB
SZ000211,2020-11-27,2020,11,Andhra Pradesh,Guntur,16.105,79.9165,Cannabis (Ganja),73.14,State Police
SZ000212,2023-08-19,2023,8,Rajasthan,Jodhpur,26.9349,74.0745,Methamphetamine,2.15,NCB
SZ000213,2023-06-21,2023,6,Gujarat,Porbandar,22.6767,71.1461,MDMA,3.34,State Police
SZ000214,2024-12-14,2024,12,West Bengal,Kolkata,23.37,87.175,Charas/Hashish,6.95,State Police
SZ000215,2021-12-16,2021,12,Manipur,Churachandpur,24.1494,93.4571,Poppy Husk,236.61,NCB
SZ000216,2021-05-21,2021,5,Punjab,Gurdaspur,31.262,74.7869,Methamphetamine,0.44,BSF
SZ000217,2020-08-11,2020,8,Gujarat,Surat,21.8291,71.8393,Cannabis (Ganja),263.97,State Police
SZ000218,2024-05-27,2024,5,Kerala,Kozhikode,10.4507,75.8906,Cannabis (Ganja),96.41,State Police
SZ000219,2021-12-10,2021,12,Telangana,Hyderabad,17.6362,79.0657,Ketamine,3.2,Coast Guard
SZ000220,2021-03-27,2021,3,Maharashtra,Nashik,20.2275,75.3406,Poppy Husk,118.48,NCB
SZ000221,2021-07-16,2021,7,Mizoram,Aizawl,22.8937,92.6691,Cannabis (Ganja),99.82,NCB
SZ000222,2024-12-13,2024,12,Gujarat,Ahmedabad,22.3464,70.4238,Cannabis (Ganja),792.49,NCB
SZ000223,2020-08-19,2020,8,Gujarat,Porbandar,21.4948,71.7481,Heroin,5.17,NCB
SZ000224,2021-09-12,2021,9,West Bengal,Kolkata,23.6189,87.0776,Heroin,1.76,NCB
SZ000225,2019-07-25,2019,7,Jammu and Kashmir,Jammu,33.9391,77.305,Cocaine,0.91,State Police
SZ000226,2021-10-10,2021,10,Maharashtra,Pune,19.5135,76.0483,Cannabis (Ganja),18.13,NCB
SZ000227,2022-08-18,2022,8,Manipur,Churachandpur,24.0245,93.87,MDMA,2.94,State Police
SZ000228,2018-11-07,2018,11,Gujarat,Ahmedabad,21.7427,71.7091,Charas/Hashish,6.13,BSF
SZ000229,2018-12-09,2018,12,Gujarat,Ahmedabad,22.6808,71.9423,Poppy Husk,4.03,BSF
SZ000230,2022-10-03,2022,10,Telangana,Khammam,18.2936,78.8876,MDMA,0.28,State Police
SZ000231,2018-09-19,2018,9,Rajasthan,Kota,27.0357,73.9195,MDMA,0.78,DRI
SZ000232,2020-12-05,2020,12,Tamil Nadu,Madurai,11.8381,79.0346,Cannabis (Ganja),72.74,NCB
SZ000233,2024-05-22,2024,5,Bihar,Muzaffarpur,24.7126,85.6187,Opium,23.04,DRI
SZ000234,2018-09-19,2018,9,Rajasthan,Barmer,26.9805,74.626,Cannabis (Ganja),37.66,NCB
SZ000235,2021-11-09,2021,11,Delhi,New Delhi,28.9413,76.4854,Charas/Hashish,11.8,BSF
SZ000236,2019-04-05,2019,4,Manipur,Chandel,24.3186,93.3337,Methamphetamine,0.09,State Police
SZ000237,2020-07-12,2020,7,Uttar Pradesh,Varanasi,27.0921,80.3239,Opium,8.02,NCB
SZ000238,2021-04-11,2021,4,Gujarat,Kutch,22.3087,71.3396,MDMA,0.18,NCB
SZ000239,2021-05-20,2021,5,Mizoram,Lunglei,22.3956,93.1022,Methamphetamine,9.88,Customs
SZ000240,2023-07-18,2023,7,Maharashtra,Mumbai,19.6619,75.7852,Pharmaceutical Opioids,5.48,NCB
SZ000241,2018-12-03,2018,12,Delhi,New Delhi,28.6677,77.8649,MDMA,0.5,State Police
SZ000242,2018-09-26,2018,9,Rajasthan,Jodhpur,26.3651,74.0978,Cannabis (Ganja),228.6,BSF
SZ000243,2019-12-24,2019,12,Mizoram,Lunglei,22.8072,93.5088,Ketamine,3.5,State Police
SZ000244,2024-03-06,2024,3,Mizoram,Champhai,22.9869,92.4603,Cannabis (Ganja),17.0,Customs
SZ000245,2020-09-14,2020,9,Gujarat,Surat,22.2064,70.9681,Cannabis (Ganja),48.09,BSF
SZ000246,2019-01-25,2019,1,Assam,Cachar,26.1914,92.3383,Cannabis (Ganja),16.17,NCB
SZ000247,2023-02-25,2023,2,Kerala,Thiruvananthapuram,11.1917,77.0585,Opium,6.84,NCB
SZ000248,2021-10-15,2021,10,Rajasthan,Bikaner,26.2426,74.9043,Heroin,6.98,NCB
SZ000249,2019-02-10,2019,2,Punjab,Tarn Taran,30.6587,75.1458,Heroin,2.91,State Police
SZ000250,2020-04-03,2020,4,Delhi,South Delhi,29.1106,77.8853,Heroin,2.0,BSF
SZ000251,2020-07-01,2020,7,Mizoram,Lunglei,23.7928,92.835,Methamphetamine,8.72,Customs
SZ000252,2020-01-26,2020,1,Karnataka,Belagavi,15.57,74.9647,Heroin,0.6,Customs
SZ000253,2024-08-10,2024,8,Karnataka,Belagavi,14.5879,75.6271,Cannabis (Ganja),52.52,NCB
SZ000254,2021-01-24,2021,1,Uttar Pradesh,Lucknow,26.7316,80.6745,Cannabis (Ganja),38.22,State Police
SZ000255,2021-04-02,2021,4,Manipur,Imphal West,24.5215,94.4283,Cannabis (Ganja),149.81,NCB
SZ000256,2023-06-27,2023,6,Telangana,Hyderabad,18.1523,78.492,MDMA,0.56,Coast Guard
SZ000257,2024-04-26,2024,4,Assam,Cachar,25.4942,93.0966,Opium,14.62,Coast Guard
SZ000258,2021-04-07,2021,4,Punjab,Amritsar,31.8493,75.9716,Cocaine,0.9,NCB
SZ000259,2023-08-14,2023,8,Delhi,New Delhi,29.4996,77.0286,Heroin,0.93,BSF
SZ000260,2024-12-03,2024,12,Manipur,Imphal West,25.376,93.6135,Heroin,4.82,State Police
SZ000261,2019-05-15,2019,5,Manipur,Churachandpur,23.9674,93.172,Cannabis (Ganja),144.57,Customs
SZ000262,2022-06-03,2022,6,Delhi,East Delhi,29.302,76.5184,Pharmaceutical Opioids,18.33,NCB
SZ000263,2020-07-23,2020,7,Delhi,East Delhi,28.5175,76.6151,Cannabis (Ganja),53.35,NCB
SZ000264,2020-03-10,2020,3,West Bengal,Kolkata,22.7962,88.0,Charas/Hashish,23.92,DRI
SZ000265,2023-11-10,2023,11,Mizoram,Aizawl,23.9387,92.8734,Cannabis (Ganja),90.35,NCB
SZ000266,2018-09-21,2018,9,Assam,Guwahati,26.791,93.1463,Charas/Hashish,21.87,State Police
SZ000267,2024-11-02,2024,11,Kerala,Kozhikode,11.4266,76.5074,Opium,3.19,State Police
SZ000268,2020-09-20,2020,9,Gujarat,Kutch,22.8808,71.6127,Cannabis (Ganja),8.36,NCB
SZ000269,2023-12-16,2023,12,Maharashtra,Mumbai,19.0132,76.0756,Cannabis (Ganja),37.93,NCB
SZ000270,2023-12-26,2023,12,Punjab,Ludhiana,31.1277,75.2378,Methamphetamine,4.87,NCB
SZ000271,2022-06-18,2022,6,Mizoram,Champhai,22.9755,92.4291,Poppy Husk,35.79,State Police
SZ000272,2019-02-21,2019,2,Maharashtra,Thane,19.0021,75.0172,Charas/Hashish,16.84,State Police
SZ000273,2024-04-09,2024,4,Punjab,Ferozepur,31.1468,75.4687,Heroin,1.5,State Police
SZ000274,2019-09-12,2019,9,Madhya Pradesh,Bhopal,22.7613,78.7684,Methamphetamine,14.35,NCB
SZ000275,2023-01-26,2023,1,Gujarat,Ahmedabad,22.8401,71.7268,Methamphetamine,0.77,NCB
SZ000276,2018-07-24,2018,7,Punjab,Ferozepur,31.032,75.8128,Cannabis (Ganja),147.33,State Police
SZ000277,2019-12-16,2019,12,Mizoram,Lunglei,23.7781,93.2043,Heroin,0.79,Customs
SZ000278,2021-01-10,2021,1,Maharashtra,Thane,19.473,75.3988,Charas/Hashish,3.55,NCB
SZ000279,2024-02-06,2024,2,Delhi,New Delhi,29.2563,76.6801,Heroin,8.86,NCB
SZ000280,2018-04-21,2018,4,Punjab,Ludhiana,31.5469,74.655,Poppy Husk,30.7,State Police
SZ000281,2018-05-09,2018,5,Kerala,Kollam,10.3532,75.6683,Poppy Husk,84.78,State Police
SZ000282,2023-09-21,2023,9,Assam,Karimganj,25.7956,93.0294,Pharmaceutical Opioids,13.16,NCB
SZ000283,2022-12-25,2022,12,Delhi,North West Delhi,28.6794,76.4717,Cannabis (Ganja),200.34,NCB
SZ000284,2018-11-26,2018,11,Mizoram,Lunglei,23.5845,92.2951,Heroin,1.67,BSF
SZ000285,2023-01-23,2023,1,Tamil Nadu,Chennai,11.4794,78.7979,Methamphetamine,17.93,NCB
SZ000286,2024-01-16,2024,1,Andhra Pradesh,Guntur,16.3198,80.5363,Cocaine,2.96,NCB
SZ000287,2021-07-23,2021,7,Gujarat,Ahmedabad,22.3928,71.3263,Heroin,1.02,Customs
SZ000288,2022-04-22,2022,4,Tamil Nadu,Madurai,11.2999,78.0219,Cocaine,3.5,NCB
SZ000289,2022-11-09,2022,11,Mizoram,Lunglei,23.5344,93.4639,Opium,5.31,State Police
SZ000290,2020-09-13,2020,9,Assam,Guwahati,26.2316,92.7292,Ketamine,5.61,NCB
SZ000291,2020-03-25,2020,3,Rajasthan,Barmer,26.3892,73.9613,Charas/Hashish,6.24,Coast Guard
SZ000292,2023-10-22,2023,10,Uttar Pradesh,Agra,27.5846,80.7934,Heroin,3.77,NCB
SZ000293,2021-11-27,2021,11,Jammu and Kashmir,Poonch,33.7778,75.8342,Cannabis (Ganja),182.16,Customs
SZ000294,2023-09-08,2023,9,Haryana,Faridabad,29.7593,76.1419,Heroin,6.62,State Police
SZ000295,2018-06-07,2018,6,Manipur,Churachandpur,24.0933,93.4727,Cannabis (Ganja),507.43,State Police
SZ000296,2019-05-16,2019,5,Gujarat,Kutch,22.9195,70.6316,Cannabis (Ganja),86.67,BSF
SZ000297,2022-10-15,2022,10,Jammu and Kashmir,Poonch,33.0064,77.3129,Cocaine,4.18,State Police
SZ000298,2020-04-01,2020,4,Karnataka,Mangaluru,15.2192,75.4535,Charas/Hashish,1.85,NCB
SZ000299,2024-05-12,2024,5,Mizoram,Lunglei,23.2293,92.9388,Cannabis (Ganja),89.77,State Police
SZ000300,2020-07-19,2020,7,Haryana,Karnal,29.002,75.3396,Heroin,2.15,State Police
SZ000301,2021-09-19,2021,9,Andhra Pradesh,Visakhapatnam,15.2699,79.988,Cannabis (Ganja),7.6,DRI
SZ000302,2022-08-21,2022,8,Punjab,Ludhiana,31.3419,75.6548,MDMA,2.52,BSF
SZ000303,2018-12-08,2018,12,Rajasthan,Jaisalmer,26.2262,74.1324,Heroin,2.27,NCB
SZ000304,2021-02-11,2021,2,Rajasthan,Bikaner,27.2641,73.6191,Methamphetamine,15.13,NCB
SZ000305,2021-02-26,2021,2,Jammu and Kashmir,Jammu,34.0478,76.5108,Poppy Husk,28.02,Customs
SZ000306,2019-06-17,2019,6,Punjab,Tarn Taran,30.912,75.9586,Cannabis (Ganja),149.14,Coast Guard
SZ000307,2020-10-04,2020,10,Mizoram,Aizawl,23.6769,93.5834,Heroin,10.7,BSF
SZ000308,2019-08-26,2019,8,Haryana,Sirsa,28.8082,75.7517,Opium,0.4,NCB
SZ000309,2024-06-15,2024,6,Punjab,Gurdaspur,31.093,74.8748,Charas/Hashish,2.89,Coast Guard
SZ000310,2023-10-21,2023,10,Gujarat,Ahmedabad,21.9257,71.8006,Opium,12.43,Customs
SZ000311,2024-08-02,2024,8,Karnataka,Bengaluru Urban,15.7113,75.6346,Cannabis (Ganja),292.75,BSF
SZ000312,2022-07-03,2022,7,Uttar Pradesh,Agra,26.6845,80.7805,Cannabis (Ganja),47.44,NCB
SZ000313,2024-10-17,2024,10,Mizoram,Champhai,23.3429,92.8556,Opium,11.19,State Police
SZ000314,2022-03-14,2022,3,Manipur,Imphal East,25.053,93.6562,Charas/Hashish,9.44,Coast Guard
SZ000315,2022-02-18,2022,2,Bihar,Gaya,25.3742,84.9182,Methamphetamine,4.45,State Police
SZ000316,2020-01-24,2020,1,Haryana,Sirsa,28.5254,76.6015,Poppy Husk,305.61,NCB
SZ000317,2022-11-19,2022,11,Uttar Pradesh,Agra,27.1853,80.8994,Cannabis (Ganja),82.12,BSF
SZ000318,2019-07-18,2019,7,Gujarat,Surat,21.8595,70.6132,Poppy Husk,109.92,BSF
SZ000319,2024-07-11,2024,7,Gujarat,Porbandar,22.7519,70.9585,Opium,11.8,State Police
SZ000320,2023-11-22,2023,11,Gujarat,Kutch,22.8886,70.3943,Heroin,10.92,NCB
SZ000321,2020-05-17,2020,5,Assam,Guwahati,26.5307,93.0605,Heroin,6.52,NCB
SZ000322,2019-03-21,2019,3,Bihar,Gaya,24.63,84.8087,Cannabis (Ganja),153.4,State Police
SZ000323,2023-03-15,2023,3,Punjab,Tarn Taran,31.626,75.9315,Heroin,7.9,Customs
SZ000324,2021-06-18,2021,6,Odisha,Ganjam,20.6552,84.4159,Pharmaceutical Opioids,1.77,BSF
SZ000325,2023-09-23,2023,9,Manipur,Imphal East,25.2799,93.1882,Heroin,1.9,Customs
SZ000326,2022-07-14,2022,7,Delhi,East Delhi,28.0871,76.4653,Cannabis (Ganja),19.42,State Police
SZ000327,2023-03-07,2023,3,Delhi,South Delhi,28.5167,77.6374,Charas/Hashish,6.3,NCB
SZ000328,2024-10-23,2024,10,Kerala,Kozhikode,10.6153,76.5572,Opium,23.03,Customs
SZ000329,2018-06-13,2018,6,Telangana,Hyderabad,17.836,79.3896,Heroin,2.42,NCB
SZ000330,2018-03-24,2018,3,Rajasthan,Jodhpur,26.2653,74.3139,Methamphetamine,0.25,NCB
SZ000331,2024-06-21,2024,6,Assam,Cachar,26.9294,93.7092,Methamphetamine,0.64,Customs
SZ000332,2019-10-22,2019,10,Manipur,Imphal West,24.5819,93.8505,Methamphetamine,0.7,Coast Guard
SZ000333,2022-08-14,2022,8,Andhra Pradesh,Vijayawada,16.3691,79.6328,Cannabis (Ganja),2.04,State Police
SZ000334,2019-05-16,2019,5,Gujarat,Porbandar,22.688,70.9924,Cannabis (Ganja),1.06,State Police
SZ000335,2020-10-15,2020,10,Manipur,Imphal West,24.5507,94.3065,Pharmaceutical Opioids,31.94,State Police
SZ000336,2021-03-09,2021,3,Uttar Pradesh,Ghaziabad,26.2482,80.8067,Heroin,6.2,State Police
SZ000337,2022-01-25,2022,1,Haryana,Karnal,28.4496,75.6369,Heroin,4.26,NCB
SZ000338,2021-07-01,2021,7,Uttar Pradesh,Varanasi,26.9295,80.6765,Heroin,0.32,State Police
SZ000339,2024-01-11,2024,1,Gujarat,Surat,23.03,71.3783,Heroin,2.16,State Police
SZ000340,2018-05-27,2018,5,Telangana,Hyderabad,17.9821,78.8343,Cannabis (Ganja),164.98,BSF
SZ000341,2020-12-19,2020,12,Rajasthan,Jodhpur,27.6966,74.3285,Poppy Husk,3.35,Customs
SZ000342,2021-02-19,2021,2,Rajasthan,Kota,26.6106,74.787,Charas/Hashish,0.77,NCB
SZ000343,2018-12-24,2018,12,Tamil Nadu,Tirunelveli,11.2737,78.9544,Methamphetamine,0.3,State Police
SZ000344,2023-07-17,2023,7,Delhi,New Delhi,29.3111,77.3669,Cannabis (Ganja),241.17,State Police
SZ000345,2019-02-18,2019,2,Delhi,North West Delhi,29.2038,76.5698,Poppy Husk,107.34,NCB
SZ000346,2020-07-22,2020,7,Manipur,Imphal East,24.1057,94.3527,Poppy Husk,653.76,NCB
SZ000347,2020-07-19,2020,7,Jammu and Kashmir,Poonch,34.4424,77.0556,Heroin,2.08,DRI
SZ000348,2022-02-07,2022,2,Rajasthan,Jaisalmer,26.6735,74.3382,Opium,5.29,NCB
SZ000349,2019-08-08,2019,8,Manipur,Imphal East,24.9062,94.246,Charas/Hashish,10.39,Customs
SZ000350,2022-10-08,2022,10,Jammu and Kashmir,Poonch,33.0862,76.1661,Heroin,2.85,NCB
SZ000351,2022-02-17,2022,2,Mizoram,Lunglei,23.2383,93.0408,MDMA,0.55,State Police
SZ000352,2019-11-27,2019,11,Odisha,Ganjam,21.1006,84.6918,Heroin,10.4,Customs
SZ000353,2022-10-15,2022,10,Punjab,Ferozepur,30.8187,75.9629,Heroin,1.75,Customs
SZ000354,2020-11-20,2020,11,Andhra Pradesh,Visakhapatnam,15.6319,79.3155,Pharmaceutical Opioids,0.72,State Police
SZ000355,2022-06-05,2022,6,Kerala,Kozhikode,11.4255,76.4339,Heroin,3.17,State Police
SZ000356,2018-05-07,2018,5,Karnataka,Mysuru,14.528,75.2049,Cannabis (Ganja),90.34,State Police
SZ000357,2023-12-13,2023,12,Uttar Pradesh,Kanpur,26.7876,81.178,Methamphetamine,14.12,BSF
SZ000358,2024-06-03,2024,6,Gujarat,Surat,22.4434,71.1829,Cocaine,2.73,State Police
SZ000359,2020-03-07,2020,3,Rajasthan,Bikaner,27.6325,74.0183,Charas/Hashish,2.26,State Police
SZ000360,2019-02-20,2019,2,Uttar Pradesh,Varanasi,27.5924,81.4552,Charas/Hashish,0.34,Customs
SZ000361,2020-11-01,2020,11,Bihar,Patna,24.6551,84.6923,Opium,6.26,Customs
SZ000362,2023-07-09,2023,7,Karnataka,Mangaluru,15.3949,76.3805,Cannabis (Ganja),36.21,BSF
SZ000363,2024-11-04,2024,11,Jammu and Kashmir,Srinagar,33.6044,76.1923,Heroin,0.46,NCB
SZ000364,2019-01-26,2019,1,Haryana,Sirsa,29.3416,75.8204,Methamphetamine,8.3,State Police
SZ000365,2020-12-19,2020,12,Gujarat,Kutch,22.1821,71.4019,Methamphetamine,8.32,NCB
SZ000366,2020-12-08,2020,12,Odisha,Cuttack,20.68,85.0267,Heroin,0.18,NCB
SZ000367,2019-07-17,2019,7,Gujarat,Porbandar,22.9018,70.5473,Pharmaceutical Opioids,9.49,NCB
SZ000368,2023-07-23,2023,7,Tamil Nadu,Madurai,10.9325,78.3453,Heroin,4.45,NCB
SZ000369,2023-01-11,2023,1,Telangana,Hyderabad,18.6835,78.5141,Methamphetamine,4.42,NCB
SZ000370,2020-10-04,2020,10,Assam,Karimganj,25.5124,92.2311,Heroin,1.06,BSF
SZ000371,2024-12-26,2024,12,Maharashtra,Nashik,20.055,75.0639,Methamphetamine,6.78,NCB
SZ000372,2022-04-27,2022,4,Punjab,Amritsar,31.9253,75.6248,Methamphetamine,5.43,NCB
SZ000373,2018-05-02,2018,5,Bihar,Muzaffarpur,25.0864,84.788,Pharmaceutical Opioids,5.2,NCB
SZ000374,2023-02-24,2023,2,Punjab,Gurdaspur,30.662,74.583,Heroin,3.99,State Police
SZ000375,2020-08-07,2020,8,Andhra Pradesh,Visakhapatnam,16.6009,80.1584,Heroin,0.63,BSF
SZ000376,2022-07-26,2022,7,Jammu and Kashmir,Baramulla,33.0801,75.9552,Cannabis (Ganja),1.39,NCB
SZ000377,2023-09-27,2023,9,Delhi,New Delhi,28.4677,76.3208,Heroin,6.27,NCB
SZ000378,2020-07-22,2020,7,Delhi,North West Delhi,28.1224,77.5925,Methamphetamine,14.89,Customs
SZ000379,2021-08-05,2021,8,Gujarat,Porbandar,21.6199,70.6528,Heroin,3.16,NCB
SZ000380,2020-03-10,2020,3,Haryana,Sirsa,29.1607,76.7607,Cannabis (Ganja),126.66,NCB
SZ000381,2020-07-08,2020,7,Rajasthan,Bikaner,27.7742,74.3048,Ketamine,0.3,NCB
SZ000382,2018-04-22,2018,4,Manipur,Chandel,24.7645,93.1788,Heroin,5.44,NCB
SZ000383,2021-01-23,2021,1,Andhra Pradesh,Vijayawada,16.3315,80.4625,Cannabis (Ganja),33.73,NCB
SZ000384,2022-03-18,2022,3,Haryana,Sirsa,29.5717,76.0635,Methamphetamine,5.57,State Police
SZ000385,2022-02-13,2022,2,Delhi,East Delhi,28.2052,77.322,Cannabis (Ganja),20.64,State Police
SZ000386,2018-02-12,2018,2,Manipur,Imphal East,24.7864,93.8965,Cannabis (Ganja),130.76,State Police
SZ000387,2021-10-24,2021,10,Haryana,Sirsa,28.7707,75.6995,Heroin,14.98,DRI
SZ000388,2018-12-02,2018,12,Tamil Nadu,Coimbatore,10.4445,79.3534,Heroin,2.84,BSF
SZ000389,2020-08-14,2020,8,Mizoram,Lunglei,22.4969,92.638,Methamphetamine,0.2,NCB
SZ000390,2023-02-22,2023,2,Manipur,Imphal East,24.5104,94.468,Opium,3.22,State Police
SZ000391,2020-12-19,2020,12,Gujarat,Kutch,22.0222,71.2295,Cannabis (Ganja),85.16,BSF
SZ000392,2021-03-10,2021,3,Maharashtra,Mumbai,19.1156,75.7148,MDMA,0.72,Customs
SZ000393,2023-08-09,2023,8,Karnataka,Bengaluru Urban,14.582,75.4363,Heroin,0.4,State Police
SZ000394,2022-12-13,2022,12,Delhi,South Delhi,28.4089,76.8539,Methamphetamine,3.2,State Police
SZ000395,2020-04-16,2020,4,Assam,Guwahati,26.1057,93.5683,Cocaine,0.96,NCB
SZ000396,2019-05-14,2019,5,Bihar,Muzaffarpur,25.7646,85.2379,Cannabis (Ganja),2.37,DRI
SZ000397,2024-11-18,2024,11,Maharashtra,Mumbai,19.8284,76.4212,Cannabis (Ganja),129.27,State Police
SZ000398,2019-05-19,2019,5,Maharashtra,Nagpur,20.1347,76.3931,Poppy Husk,20.92,NCB
SZ000399,2022-09-23,2022,9,Rajasthan,Jaisalmer,27.6715,74.8248,MDMA,0.29,Coast Guard
SZ000400,2019-11-14,2019,11,Mizoram,Aizawl,22.5744,92.9579,Heroin,11.42,NCB
SZ000401,2022-03-02,2022,3,Maharashtra,Nashik,20.3272,75.4576,Heroin,1.73,Customs
SZ000402,2019-05-15,2019,5,Uttar Pradesh,Ghaziabad,27.5289,81.4646,Heroin,4.36,State Police
SZ000403,2019-12-21,2019,12,Assam,Dibrugarh,25.9157,92.1513,Opium,11.81,State Police
SZ000404,2019-01-02,2019,1,Maharashtra,Mumbai,19.4887,75.9965,Cannabis (Ganja),295.38,Customs
SZ000405,2023-10-22,2023,10,Delhi,East Delhi,29.4854,77.5517,Heroin,0.22,BSF
SZ000406,2018-01-22,2018,1,Jammu and Kashmir,Baramulla,32.9907,76.2411,Charas/Hashish,34.63,Customs
SZ000407,2020-08-14,2020,8,Karnataka,Bengaluru Urban,15.2354,75.7937,Poppy Husk,393.55,State Police
SZ000408,2021-10-23,2021,10,Assam,Cachar,26.3029,92.8474,Pharmaceutical Opioids,9.25,Customs
SZ000409,2023-07-06,2023,7,Madhya Pradesh,Neemuch,22.5038,78.6574,Methamphetamine,8.6,State Police
SZ000410,2024-07-17,2024,7,Punjab,Ludhiana,31.4973,75.7533,Heroin,4.3,State Police
SZ000411,2022-05-11,2022,5,Bihar,Bhagalpur,25.2074,85.3045,Cocaine,1.58,Coast Guard
SZ000412,2020-07-26,2020,7,Andhra Pradesh,Visakhapatnam,16.664,80.4103,Methamphetamine,14.52,Customs
SZ000413,2022-03-22,2022,3,West Bengal,Nadia,22.3654,87.6695,Charas/Hashish,8.39,State Police
SZ000414,2018-12-05,2018,12,Manipur,Chandel,23.938,93.1364,MDMA,0.18,State Police
SZ000415,2023-09-17,2023,9,Rajasthan,Kota,26.7057,74.8421,Opium,4.05,State Police
SZ000416,2019-02-09,2019,2,Jammu and Kashmir,Srinagar,34.5762,75.9631,Charas/Hashish,3.69,BSF
SZ000417,2020-07-04,2020,7,Bihar,Muzaffarpur,25.0972,85.9913,Cannabis (Ganja),287.43,State Police
SZ000418,2023-08-14,2023,8,Mizoram,Champhai,23.9174,93.4395,Pharmaceutical Opioids,2.17,BSF
SZ000419,2020-11-05,2020,11,Manipur,Churachandpur,24.5732,93.6257,Heroin,2.01,State Police
SZ000420,2019-09-21,2019,9,Madhya Pradesh,Neemuch,23.4372,78.5027,Heroin,2.55,Customs
SZ000421,2020-10-04,2020,10,Jammu and Kashmir,Poonch,34.2662,76.3049,Methamphetamine,5.17,Coast Guard
SZ000422,2018-06-27,2018,6,Punjab,Gurdaspur,31.872,75.2413,Ketamine,2.29,NCB
SZ000423,2019-07-12,2019,7,Rajasthan,Jaisalmer,26.6144,73.7383,Heroin,0.5,NCB
SZ000424,2020-07-17,2020,7,Odisha,Ganjam,21.2613,84.8848,Pharmaceutical Opioids,11.83,NCB
SZ000425,2022-12-07,2022,12,Delhi,South Delhi,28.9695,77.197,Charas/Hashish,4.67,BSF
SZ000426,2022-02-06,2022,2,Odisha,Cuttack,20.8151,85.2424,Heroin,1.38,NCB
SZ000427,2023-03-14,2023,3,Madhya Pradesh,Bhopal,23.4753,78.1423,Cannabis (Ganja),6.91,NCB
SZ000428,2020-03-11,2020,3,Kerala,Kozhikode,10.5257,75.8063,Cannabis (Ganja),202.45,NCB
SZ000429,2018-04-14,2018,4,Gujarat,Ahmedabad,21.5517,70.7303,Cannabis (Ganja),239.84,BSF
SZ000430,2022-05-07,2022,5,Jammu and Kashmir,Srinagar,33.1857,76.388,Cannabis (Ganja),90.46,State Police
SZ000431,2020-08-01,2020,8,Delhi,East Delhi,28.4153,77.2144,MDMA,6.51,NCB
SZ000432,2023-01-05,2023,1,Punjab,Ferozepur,30.6452,74.6913,Cannabis (Ganja),91.18,NCB
SZ000433,2020-08-19,2020,8,Haryana,Faridabad,29.1281,76.4931,Opium,1.66,State Police
SZ000434,2018-06-01,2018,6,Maharashtra,Mumbai,19.3405,75.8285,Cannabis (Ganja),126.86,Customs
SZ000435,2020-02-07,2020,2,Punjab,Amritsar,31.7382,75.7534,Cannabis (Ganja),58.61,DRI
SZ000436,2024-11-23,2024,11,Kerala,Kozhikode,11.5455,76.2303,Methamphetamine,2.07,State Police
SZ000437,2021-11-20,2021,11,Mizoram,Lunglei,22.7583,93.2754,MDMA,2.23,Customs
SZ000438,2024-06-16,2024,6,Haryana,Gurugram,29.8199,75.698,Opium,1.75,Customs
SZ000439,2019-06-13,2019,6,Karnataka,Belagavi,14.6642,76.0572,Ketamine,4.06,NCB
SZ000440,2020-07-06,2020,7,Jammu and Kashmir,Srinagar,33.7012,76.9821,Heroin,3.14,State Police
SZ000441,2020-04-01,2020,4,Delhi,South Delhi,28.0414,76.6979,Heroin,21.67,NCB
SZ000442,2021-03-10,2021,3,Karnataka,Belagavi,16.0238,76.448,Cocaine,1.62,Customs
SZ000443,2021-10-14,2021,10,Madhya Pradesh,Indore,23.7089,77.996,Heroin,6.99,Coast Guard
SZ000444,2019-05-15,2019,5,Haryana,Faridabad,28.4646,75.8484,Pharmaceutical Opioids,14.64,Customs
SZ000445,2018-04-23,2018,4,Gujarat,Ahmedabad,22.4983,71.6354,Opium,6.06,State Police
SZ000446,2018-04-06,2018,4,Maharashtra,Mumbai,18.9822,75.1619,Cannabis (Ganja),9.48,Customs
SZ000447,2023-12-26,2023,12,West Bengal,Malda,22.2886,87.7494,Heroin,4.7,State Police
SZ000448,2020-02-19,2020,2,Manipur,Churachandpur,24.8644,93.9714,MDMA,1.06,NCB
SZ000449,2020-07-04,2020,7,Tamil Nadu,Coimbatore,11.0915,78.8535,Pharmaceutical Opioids,15.18,State Police
SZ000450,2020-01-12,2020,1,Manipur,Imphal West,25.132,93.5628,Methamphetamine,0.15,Customs
SZ000451,2022-08-02,2022,8,West Bengal,Malda,23.3187,87.438,Charas/Hashish,13.82,NCB
SZ000452,2020-12-10,2020,12,Manipur,Chandel,24.2118,94.3969,Cannabis (Ganja),24.69,State Police
SZ000453,2021-01-22,2021,1,Andhra Pradesh,Vijayawada,16.6288,79.4586,Methamphetamine,0.73,State Police
SZ000454,2022-09-13,2022,9,Maharashtra,Mumbai,19.1284,75.1018,Cannabis (Ganja),18.73,DRI
SZ000455,2024-01-04,2024,1,Uttar Pradesh,Kanpur,27.5134,81.2906,Cannabis (Ganja),285.76,State Police
SZ000456,2018-07-27,2018,7,Telangana,Hyderabad,17.7176,78.4479,MDMA,2.74,Customs
SZ000457,2024-07-26,2024,7,Mizoram,Lunglei,22.5736,92.4477,Cannabis (Ganja),82.01,NCB
SZ000458,2023-03-15,2023,3,Karnataka,Mangaluru,15.8206,76.32,Cannabis (Ganja),327.62,State Police
SZ000459,2021-07-22,2021,7,Madhya Pradesh,Bhopal,22.6579,78.6899,Cannabis (Ganja),194.03,State Police
SZ000460,2021-06-06,2021,6,Odisha,Ganjam,21.6267,84.6318,Ketamine,3.66,State Police
SZ000461,2019-10-03,2019,10,Mizoram,Lunglei,23.1763,92.1976,Charas/Hashish,11.75,State Police
SZ000462,2020-04-18,2020,4,Maharashtra,Thane,19.0669,75.2071,Charas/Hashish,1.33,NCB
SZ000463,2024-03-09,2024,3,West Bengal,Nadia,22.6625,87.7407,Heroin,6.73,DRI
SZ000464,2023-02-02,2023,2,Haryana,Karnal,29.7751,75.4596,Opium,20.72,State Police
SZ000465,2023-02-27,2023,2,Delhi,North West Delhi,28.6967,76.5531,Cannabis (Ganja),52.4,State Police
SZ000466,2024-07-04,2024,7,Rajasthan,Barmer,26.3422,73.7437,Charas/Hashish,5.45,NCB
SZ000467,2022-06-11,2022,6,Rajasthan,Kota,26.5948,74.0153,Charas/Hashish,3.87,NCB
SZ000468,2021-01-27,2021,1,Gujarat,Kutch,22.1369,70.5191,Poppy Husk,422.92,NCB
SZ000469,2018-01-23,2018,1,Gujarat,Porbandar,22.6058,70.9614,Cannabis (Ganja),55.94,BSF
SZ000470,2021-07-05,2021,7,Gujarat,Surat,21.7185,71.3696,Charas/Hashish,0.84,NCB
SZ000471,2018-12-12,2018,12,Gujarat,Kutch,22.1844,70.5304,Opium,13.13,Customs
SZ000472,2019-05-09,2019,5,Gujarat,Surat,22.975,71.4331,Pharmaceutical Opioids,1.51,Customs
SZ000473,2021-11-05,2021,11,Manipur,Churachandpur,24.0584,93.7384,Cocaine,2.38,NCB
SZ000474,2020-01-23,2020,1,Bihar,Gaya,24.5165,85.9894,Charas/Hashish,15.11,State Police
SZ000475,2020-03-10,2020,3,Maharashtra,Nashik,20.0205,75.7855,Methamphetamine,13.04,State Police
SZ000476,2024-03-08,2024,3,Madhya Pradesh,Indore,23.4501,79.4069,Poppy Husk,348.12,Customs
SZ000477,2018-08-04,2018,8,Rajasthan,Jodhpur,27.6761,73.7096,Cannabis (Ganja),174.9,State Police
SZ000478,2021-12-05,2021,12,Odisha,Ganjam,21.1887,85.2184,Heroin,2.22,NCB
SZ000479,2020-05-08,2020,5,Manipur,Imphal East,25.3372,93.9728,Cannabis (Ganja),10.7,State Police
SZ000480,2019-06-03,2019,6,Punjab,Ludhiana,30.6483,74.8908,Methamphetamine,10.99,NCB
SZ000481,2022-08-14,2022,8,Assam,Guwahati,26.2956,92.6293,Cannabis (Ganja),250.12,BSF
SZ000482,2023-01-20,2023,1,Rajasthan,Bikaner,26.7346,74.7444,Pharmaceutical Opioids,3.27,Customs
SZ000483,2020-10-24,2020,10,Mizoram,Champhai,23.1337,93.6617,Ketamine,2.28,Customs
SZ000484,2020-06-27,2020,6,Jammu and Kashmir,Baramulla,33.7468,77.0575,Heroin,18.05,BSF
SZ000485,2021-08-04,2021,8,Tamil Nadu,Tirunelveli,11.1349,79.2296,Charas/Hashish,0.62,Customs
SZ000486,2020-01-15,2020,1,Karnataka,Mangaluru,15.2791,75.3183,Heroin,4.29,NCB
SZ000487,2021-06-27,2021,6,Andhra Pradesh,Anantapur,15.8684,79.8694,Charas/Hashish,1.51,NCB
SZ000488,2018-09-13,2018,9,Jammu and Kashmir,Srinagar,33.4284,77.156,Cannabis (Ganja),63.06,State Police
SZ000489,2018-03-27,2018,3,West Bengal,Kolkata,23.7292,88.1909,Charas/Hashish,7.32,DRI
SZ000490,2023-02-16,2023,2,Maharashtra,Nagpur,19.9964,76.3481,Opium,14.99,Customs
SZ000491,2021-09-14,2021,9,Rajasthan,Bikaner,26.4343,73.5314,MDMA,0.09,State Police
SZ000492,2023-12-15,2023,12,Punjab,Tarn Taran,31.1806,74.728,MDMA,1.35,BSF
SZ000493,2019-02-02,2019,2,Gujarat,Bhavnagar,22.6539,71.5917,Heroin,7.37,NCB
SZ000494,2021-09-06,2021,9,Punjab,Tarn Taran,31.069,74.7216,Methamphetamine,7.9,State Police
SZ000495,2018-09-06,2018,9,Gujarat,Kutch,21.4826,70.9251,Methamphetamine,3.42,NCB
SZ000496,2024-09-17,2024,9,Gujarat,Bhavnagar,21.8692,71.9519,Heroin,3.8,NCB
SZ000497,2018-10-16,2018,10,Tamil Nadu,Coimbatore,11.1892,78.9085,Cannabis (Ganja),60.77,Customs
SZ000498,2021-06-14,2021,6,Madhya Pradesh,Bhopal,23.5372,77.8933,Methamphetamine,2.17,NCB
SZ000499,2019-05-05,2019,5,Karnataka,Mysuru,14.633,74.9588,Charas/Hashish,21.42,State Police
SZ000500,2020-07-26,2020,7,Haryana,Karnal,29.5671,76.3874,Pharmaceutical Opioids,8.13,State Police
SZ000501,2023-10-01,2023,10,Manipur,Imphal West,25.1511,94.49,Poppy Husk,212.73,NCB
SZ000502,2021-12-24,2021,12,Punjab,Ludhiana,30.3618,75.1086,Cannabis (Ganja),40.61,State Police
SZ000503,2019-11-25,2019,11,Rajasthan,Jaisalmer,26.355,73.5244,Cannabis (Ganja),241.2,NCB
SZ000504,2023-05-11,2023,5,Assam,Dibrugarh,26.2529,93.2409,Charas/Hashish,7.76,State Police
SZ000505,2020-12-20,2020,12,Tamil Nadu,Chennai,10.8808,79.364,Heroin,2.67,State Police
SZ000506,2023-03-07,2023,3,Mizoram,Aizawl,23.3515,93.6356,MDMA,0.05,Customs
SZ000507,2023-05-25,2023,5,Bihar,Bhagalpur,24.6225,85.3915,Opium,1.44,NCB
SZ000508,2023-03-25,2023,3,Kerala,Kozhikode,10.1582,76.2285,Heroin,6.86,Coast Guard
SZ000509,2018-01-22,2018,1,Punjab,Ferozepur,30.5494,75.4497,MDMA,0.22,NCB
SZ000510,2024-12-21,2024,12,Tamil Nadu,Madurai,11.6617,78.1526,Ketamine,0.53,NCB
SZ000511,2024-01-07,2024,1,Odisha,Koraput,20.9279,85.4867,Poppy Husk,123.27,NCB
SZ000512,2022-11-27,2022,11,Mizoram,Lunglei,23.1205,93.082,Methamphetamine,0.46,NCB
SZ000513,2018-04-11,2018,4,Manipur,Imphal East,24.1315,94.2678,Heroin,5.57,NCB
SZ000514,2018-12-15,2018,12,Jammu and Kashmir,Baramulla,33.7346,77.1272,Cannabis (Ganja),18.89,BSF
SZ000515,2023-02-04,2023,2,Maharashtra,Nagpur,19.7803,75.9554,Cannabis (Ganja),408.75,State Police
SZ000516,2019-06-21,2019,6,Manipur,Churachandpur,25.1368,94.3046,Heroin,4.35,NCB
SZ000517,2022-06-15,2022,6,Maharashtra,Nashik,19.2115,75.504,Cannabis (Ganja),317.52,NCB
SZ000518,2019-08-07,2019,8,Kerala,Kollam,10.0724,75.4736,Methamphetamine,5.86,State Police
SZ000519,2022-03-07,2022,3,Maharashtra,Nashik,19.2488,75.131,Opium,7.24,NCB
SZ000520,2020-10-25,2020,10,Punjab,Ferozepur,31.2713,75.4478,MDMA,2.7,Coast Guard
SZ000521,2020-04-13,2020,4,Gujarat,Porbandar,22.9192,70.5654,Cannabis (Ganja),189.52,State Police
SZ000522,2021-04-15,2021,4,Uttar Pradesh,Lucknow,27.6079,81.1954,Heroin,13.76,Customs
SZ000523,2019-05-19,2019,5,Mizoram,Aizawl,23.0335,92.8036,Heroin,7.49,NCB
SZ000524,2019-11-05,2019,11,Telangana,Nizamabad,18.897,78.5968,Heroin,6.76,BSF
SZ000525,2018-08-26,2018,8,Maharashtra,Mumbai,19.3305,76.2356,Cocaine,0.64,DRI
SZ000526,2022-11-22,2022,11,Manipur,Imphal West,24.3083,94.3513,Cannabis (Ganja),208.19,NCB
SZ000527,2021-07-24,2021,7,Maharashtra,Nashik,19.3842,75.4822,Poppy Husk,69.13,State Police
SZ000528,2024-02-21,2024,2,Mizoram,Lunglei,23.3489,92.8766,Heroin,6.72,NCB
SZ000529,2019-05-11,2019,5,Uttar Pradesh,Ghaziabad,26.8752,81.5539,Cannabis (Ganja),263.95,NCB
SZ000530,2020-08-12,2020,8,Rajasthan,Kota,26.6124,73.5556,Cannabis (Ganja),71.17,State Police
SZ000531,2023-11-01,2023,11,Karnataka,Belagavi,14.895,75.7912,Methamphetamine,18.32,Customs
SZ000532,2022-11-13,2022,11,Delhi,North West Delhi,28.9659,77.6851,Charas/Hashish,1.86,NCB
SZ000533,2018-01-12,2018,1,Delhi,East Delhi,28.3398,77.868,Charas/Hashish,1.96,NCB
SZ000534,2020-03-02,2020,3,Tamil Nadu,Tirunelveli,11.4112,78.2606,Methamphetamine,0.05,Customs
SZ000535,2018-09-10,2018,9,Kerala,Kozhikode,10.4888,76.7716,Poppy Husk,30.03,NCB
SZ000536,2023-03-02,2023,3,Odisha,Koraput,20.6355,85.7022,Opium,26.83,NCB
SZ000537,2019-11-09,2019,11,Delhi,South Delhi,28.0205,77.3846,Heroin,3.42,Customs
SZ000538,2024-09-19,2024,9,Bihar,Bhagalpur,25.7604,85.54,Methamphetamine,11.61,BSF
SZ000539,2023-06-01,2023,6,Gujarat,Bhavnagar,22.1554,70.6809,Cannabis (Ganja),143.02,NCB
SZ000540,2022-05-25,2022,5,Uttar Pradesh,Kanpur,27.1699,80.6649,Poppy Husk,231.04,BSF
SZ000541,2024-02-05,2024,2,Gujarat,Ahmedabad,22.2072,70.907,Cannabis (Ganja),131.32,NCB
SZ000542,2022-07-13,2022,7,Rajasthan,Bikaner,27.7218,74.4417,Charas/Hashish,1.86,BSF
SZ000543,2024-08-24,2024,8,Rajasthan,Kota,26.6567,74.1355,Heroin,2.37,NCB
SZ000544,2022-12-02,2022,12,Maharashtra,Pune,19.2314,75.2635,Cannabis (Ganja),261.89,NCB
SZ000545,2018-06-10,2018,6,Punjab,Amritsar,30.6941,75.036,Poppy Husk,88.79,State Police
SZ000546,2023-06-04,2023,6,Bihar,Gaya,25.6922,85.9213,Heroin,3.65,NCB
SZ000547,2022-02-23,2022,2,Assam,Cachar,26.3268,92.7936,Charas/Hashish,1.36,Coast Guard
SZ000548,2024-09-08,2024,9,Delhi,East Delhi,27.9559,76.75,Heroin,1.83,Customs
SZ000549,2019-02-19,2019,2,Rajasthan,Jaisalmer,26.2945,74.6361,Ketamine,2.23,Customs
SZ000550,2020-01-08,2020,1,Telangana,Hyderabad,18.4757,78.9746,Charas/Hashish,12.33,NCB
SZ000551,2021-11-11,2021,11,Tamil Nadu,Tirunelveli,11.1699,79.1012,Cannabis (Ganja),176.76,DRI
SZ000552,2020-11-11,2020,11,Manipur,Churachandpur,23.9983,93.7946,Heroin,0.62,NCB
SZ000553,2019-10-08,2019,10,Delhi,South Delhi,28.2101,76.8516,Pharmaceutical Opioids,5.45,State Police
SZ000554,2019-06-13,2019,6,Mizoram,Champhai,23.3399,92.2523,Opium,7.32,NCB
SZ000555,2022-04-21,2022,4,Karnataka,Mysuru,15.0692,75.2887,Cannabis (Ganja),164.98,BSF
SZ000556,2022-03-02,2022,3,Kerala,Thiruvananthapuram,10.411,76.7166,Heroin,0.27,NCB
SZ000557,2021-01-16,2021,1,Punjab,Ferozepur,30.6647,75.3877,Ketamine,0.45,State Police
SZ000558,2024-03-15,2024,3,Manipur,Churachandpur,23.9643,94.6014,Cannabis (Ganja),135.67,State Police
SZ000559,2021-12-05,2021,12,Mizoram,Champhai,23.2714,92.483,Cannabis (Ganja),50.78,Customs
SZ000560,2020-08-01,2020,8,West Bengal,North 24 Parganas,22.31,87.749,Charas/Hashish,0.09,NCB
SZ000561,2020-08-18,2020,8,Maharashtra,Nashik,20.4971,76.2988,Pharmaceutical Opioids,19.05,NCB
SZ000562,2019-02-19,2019,2,Kerala,Kollam,10.4888,76.9986,Charas/Hashish,0.39,NCB
SZ000563,2021-03-19,2021,3,Gujarat,Bhavnagar,21.794,70.4637,Methamphetamine,1.86,State Police
SZ000564,2023-01-12,2023,1,Madhya Pradesh,Neemuch,23.0964,78.688,Opium,22.16,Customs
SZ000565,2021-12-01,2021,12,Mizoram,Champhai,23.2249,93.0238,Cannabis (Ganja),24.96,Customs
SZ000566,2022-05-20,2022,5,Maharashtra,Mumbai,19.2363,75.5724,Cannabis (Ganja),71.86,Customs
SZ000567,2020-08-02,2020,8,Jammu and Kashmir,Srinagar,34.3025,75.8979,Methamphetamine,2.15,NCB
SZ000568,2019-01-24,2019,1,Rajasthan,Kota,26.9065,74.0517,Cannabis (Ganja),96.35,NCB
SZ000569,2019-08-21,2019,8,Rajasthan,Jaisalmer,27.5089,73.6205,Cannabis (Ganja),230.44,NCB
SZ000570,2021-09-18,2021,9,Haryana,Gurugram,29.0686,76.7079,Heroin,0.68,NCB
SZ000571,2018-08-17,2018,8,Karnataka,Belagavi,15.5365,75.6035,Cannabis (Ganja),164.96,NCB
SZ000572,2022-09-15,2022,9,Andhra Pradesh,Vijayawada,16.1987,79.56,Opium,4.72,State Police
SZ000573,2022-08-10,2022,8,Rajasthan,Bikaner,26.3945,74.5321,Ketamine,0.86,State Police
SZ000574,2019-12-08,2019,12,Telangana,Warangal,18.4172,78.9895,Charas/Hashish,5.11,NCB
SZ000575,2023-11-20,2023,11,Mizoram,Champhai,23.7654,93.2763,Cannabis (Ganja),36.6,State Police
SZ000576,2018-03-19,2018,3,Jammu and Kashmir,Jammu,33.725,76.3998,Cannabis (Ganja),38.6,BSF
SZ000577,2023-10-04,2023,10,Delhi,New Delhi,28.5235,76.5575,Pharmaceutical Opioids,6.07,NCB
SZ000578,2021-03-10,2021,3,Jammu and Kashmir,Baramulla,34.1267,76.2387,Cannabis (Ganja),71.55,Customs
SZ000579,2019-10-14,2019,10,West Bengal,Malda,23.349,88.0707,Heroin,2.38,NCB
SZ000580,2018-03-17,2018,3,Bihar,Muzaffarpur,25.5811,85.4623,Poppy Husk,170.99,Customs
SZ000581,2019-09-08,2019,9,Odisha,Koraput,20.5145,84.6787,Cannabis (Ganja),487.46,BSF
SZ000582,2020-09-20,2020,9,Gujarat,Ahmedabad,22.2382,70.7799,Heroin,1.08,NCB
SZ000583,2020-05-16,2020,5,Punjab,Amritsar,30.4633,75.0473,Cocaine,2.44,BSF
SZ000584,2021-01-13,2021,1,Assam,Guwahati,26.8624,93.5971,Cannabis (Ganja),403.57,NCB
SZ000585,2020-02-06,2020,2,Maharashtra,Nashik,20.421,75.075,Cocaine,0.57,NCB
SZ000586,2023-06-10,2023,6,Bihar,Gaya,24.5694,85.2638,Opium,4.8,State Police
SZ000587,2022-03-08,2022,3,West Bengal,North 24 Parganas,22.8933,88.2984,Heroin,0.23,Customs
SZ000588,2021-03-07,2021,3,Andhra Pradesh,Anantapur,16.272,79.2551,Charas/Hashish,1.47,NCB
SZ000589,2022-06-26,2022,6,Mizoram,Lunglei,23.7666,93.1472,Pharmaceutical Opioids,7.8,State Police
SZ000590,2021-06-09,2021,6,West Bengal,North 24 Parganas,22.2019,88.4226,Opium,0.62,NCB
SZ000591,2019-08-10,2019,8,Mizoram,Aizawl,23.5808,92.5252,Heroin,7.58,NCB
SZ000592,2020-06-07,2020,6,Delhi,East Delhi,29.229,76.5546,Poppy Husk,83.85,DRI
SZ000593,2022-06-21,2022,6,Gujarat,Bhavnagar,22.3388,71.2694,MDMA,0.35,State Police
SZ000594,2019-09-05,2019,9,Punjab,Amritsar,31.8251,75.3607,Cannabis (Ganja),26.1,State Police
SZ000595,2021-04-11,2021,4,Delhi,South Delhi,28.7092,77.8749,Cannabis (Ganja),39.82,NCB
SZ000596,2019-02-10,2019,2,Manipur,Imphal West,24.7902,93.7767,Methamphetamine,1.68,NCB
SZ000597,2023-05-27,2023,5,Haryana,Karnal,28.9196,76.5042,Pharmaceutical Opioids,6.41,NCB
SZ000598,2024-01-16,2024,1,Delhi,South Delhi,29.2247,77.6789,Methamphetamine,3.91,State Police
SZ000599,2022-01-21,2022,1,Maharashtra,Nashik,19.4109,75.726,Charas/Hashish,0.43,Coast Guard
SZ000600,2022-10-21,2022,10,Gujarat,Bhavnagar,22.9422,71.3523,Pharmaceutical Opioids,2.5,Customs
SZ000601,2022-07-16,2022,7,Punjab,Gurdaspur,31.2341,74.607,Cannabis (Ganja),52.42,State Police
SZ000602,2024-07-27,2024,7,Gujarat,Porbandar,21.8112,71.1544,Cannabis (Ganja),68.43,BSF
SZ000603,2018-01-24,2018,1,Mizoram,Champhai,23.2607,92.6504,MDMA,3.81,BSF
SZ000604,2023-01-25,2023,1,Delhi,New Delhi,28.3429,77.3535,Charas/Hashish,4.51,NCB
SZ000605,2018-03-10,2018,3,Manipur,Churachandpur,24.5884,93.5928,Cannabis (Ganja),178.65,DRI
SZ000606,2018-11-12,2018,11,Haryana,Karnal,28.8462,76.4841,Cocaine,1.27,NCB
SZ000607,2022-09-20,2022,9,Delhi,North West Delhi,27.9776,76.6074,Heroin,0.66,NCB
SZ000608,2021-06-18,2021,6,Mizoram,Lunglei,23.4382,92.2269,Cannabis (Ganja),0.42,BSF
SZ000609,2024-07-09,2024,7,Punjab,Ludhiana,30.5459,75.6199,Opium,14.98,BSF
SZ000610,2021-04-10,2021,4,Telangana,Nizamabad,17.7217,78.4955,Methamphetamine,9.51,NCB
SZ000611,2018-03-27,2018,3,Manipur,Imphal West,23.9771,93.8319,Pharmaceutical Opioids,2.47,NCB
SZ000612,2024-04-11,2024,4,Haryana,Karnal,28.3206,75.7586,Charas/Hashish,4.26,NCB
SZ000613,2018-07-12,2018,7,Rajasthan,Barmer,26.4402,73.4271,Charas/Hashish,11.52,NCB
SZ000614,2023-01-25,2023,1,Gujarat,Kutch,22.6,71.3931,Cannabis (Ganja),30.65,NCB
SZ000615,2022-06-08,2022,6,Rajasthan,Kota,26.6381,74.1572,Cannabis (Ganja),40.37,Customs
SZ000616,2019-07-03,2019,7,Mizoram,Aizawl,22.4594,92.553,MDMA,1.37,Coast Guard
SZ000617,2022-11-10,2022,11,Kerala,Kozhikode,11.0913,76.4061,Cannabis (Ganja),64.13,NCB
SZ000618,2020-04-02,2020,4,Jammu and Kashmir,Jammu,34.4471,76.5646,Cannabis (Ganja),157.88,DRI
SZ000619,2024-10-12,2024,10,Jammu and Kashmir,Baramulla,34.1315,76.0645,Methamphetamine,4.26,Customs
SZ000620,2020-12-27,2020,12,Haryana,Sirsa,28.4397,76.5459,Cannabis (Ganja),62.44,State Police
SZ000621,2020-08-18,2020,8,Maharashtra,Nagpur,20.1698,75.8436,Ketamine,6.72,DRI
SZ000622,2020-11-03,2020,11,Gujarat,Surat,22.6215,70.9267,Opium,7.75,NCB
SZ000623,2020-12-26,2020,12,West Bengal,Kolkata,22.5915,87.6151,Cannabis (Ganja),95.26,State Police
SZ000624,2020-07-02,2020,7,Delhi,New Delhi,28.425,76.4384,Pharmaceutical Opioids,8.23,State Police
SZ000625,2019-01-15,2019,1,Bihar,Gaya,25.0004,85.0601,Opium,89.52,Customs
SZ000626,2019-06-05,2019,6,Kerala,Kochi,11.1621,76.5354,Cannabis (Ganja),42.52,Coast Guard
SZ000627,2018-05-17,2018,5,Maharashtra,Thane,19.0611,76.0675,Opium,13.77,Customs
SZ000628,2019-06-25,2019,6,Odisha,Ganjam,21.1915,85.747,Methamphetamine,5.42,BSF
SZ000629,2020-06-08,2020,6,Assam,Cachar,25.6275,93.5803,Cocaine,0.36,BSF
SZ000630,2021-05-22,2021,5,Haryana,Gurugram,28.4925,76.8852,MDMA,1.56,NCB
SZ000631,2022-08-09,2022,8,Assam,Guwahati,26.7265,92.4906,Methamphetamine,4.44,Customs
SZ000632,2019-04-07,2019,4,Karnataka,Mysuru,14.8252,75.6388,Methamphetamine,0.51,BSF
SZ000633,2024-05-01,2024,5,Assam,Cachar,25.8995,92.6611,Cannabis (Ganja),129.7,Customs
SZ000634,2022-04-06,2022,4,Punjab,Gurdaspur,31.2344,75.707,Cannabis (Ganja),46.54,State Police
SZ000635,2023-03-25,2023,3,Rajasthan,Kota,26.522,74.5837,Methamphetamine,2.89,State Police
SZ000636,2024-06-04,2024,6,Punjab,Ferozepur,31.1331,75.7967,Cannabis (Ganja),49.29,NCB
SZ000637,2024-08-09,2024,8,Haryana,Karnal,28.8317,75.9987,Pharmaceutical Opioids,11.13,Customs
SZ000638,2023-04-03,2023,4,Manipur,Chandel,25.3703,93.3589,MDMA,0.24,NCB
SZ000639,2023-10-08,2023,10,Karnataka,Bengaluru Urban,15.0833,75.7698,Cannabis (Ganja),102.71,State Police
SZ000640,2022-07-21,2022,7,Punjab,Tarn Taran,31.1986,74.8252,Heroin,10.79,State Police
SZ000641,2022-01-18,2022,1,Gujarat,Kutch,21.5483,71.6856,Heroin,5.17,Customs
SZ000642,2021-09-03,2021,9,Rajasthan,Jaisalmer,27.7312,73.7524,Cocaine,0.18,Customs
SZ000643,2021-03-15,2021,3,Rajasthan,Bikaner,26.2205,73.9806,Poppy Husk,3.39,State Police
SZ000644,2024-10-24,2024,10,Jammu and Kashmir,Baramulla,34.1734,76.2802,Heroin,14.34,Customs
SZ000645,2024-04-10,2024,4,Gujarat,Bhavnagar,21.4976,70.7978,Poppy Husk,116.83,NCB
SZ000646,2018-06-17,2018,6,Mizoram,Aizawl,22.6296,92.78,Ketamine,0.42,Customs
SZ000647,2021-02-03,2021,2,Assam,Cachar,26.9698,92.4217,Cannabis (Ganja),23.96,NCB
SZ000648,2022-08-12,2022,8,Rajasthan,Jodhpur,27.2976,73.8707,Cannabis (Ganja),38.91,BSF
SZ000649,2024-03-24,2024,3,Maharashtra,Mumbai,19.7801,75.4648,Cannabis (Ganja),313.66,Coast Guard
SZ000650,2020-03-17,2020,3,Kerala,Kollam,11.5889,76.3494,Cannabis (Ganja),0.16,State Police
SZ000651,2020-07-02,2020,7,Assam,Guwahati,26.1277,92.6006,Cocaine,4.21,NCB
SZ000652,2019-03-18,2019,3,Delhi,East Delhi,28.4326,77.3726,Ketamine,1.04,NCB
SZ000653,2018-05-08,2018,5,Haryana,Sirsa,29.3196,75.5399,Pharmaceutical Opioids,2.53,NCB
SZ000654,2019-10-01,2019,10,Jammu and Kashmir,Srinagar,33.5016,75.9851,Charas/Hashish,10.04,DRI
SZ000655,2023-11-13,2023,11,Odisha,Bhubaneswar,21.2971,85.4467,Cannabis (Ganja),82.19,DRI
SZ000656,2020-07-14,2020,7,Assam,Karimganj,26.6658,93.0754,Opium,7.11,NCB
SZ000657,2024-08-01,2024,8,Assam,Guwahati,26.2507,92.2477,Opium,3.26,BSF
SZ000658,2022-06-16,2022,6,Jammu and Kashmir,Jammu,33.6666,76.9145,Heroin,1.75,NCB
SZ000659,2022-04-12,2022,4,Tamil Nadu,Tirunelveli,11.667,78.8289,Cannabis (Ganja),59.26,NCB
SZ000660,2020-07-18,2020,7,Manipur,Churachandpur,24.8323,94.2858,Opium,0.14,Customs
SZ000661,2021-04-20,2021,4,Punjab,Ludhiana,30.5311,75.6099,Cannabis (Ganja),18.03,NCB
SZ000662,2018-03-16,2018,3,Tamil Nadu,Chennai,11.5843,78.4609,Cannabis (Ganja),24.26,State Police
SZ000663,2018-07-27,2018,7,Gujarat,Ahmedabad,22.1718,71.3352,Heroin,3.66,State Police
SZ000664,2019-09-25,2019,9,Maharashtra,Nagpur,20.1448,75.5796,MDMA,1.23,NCB
SZ000665,2019-02-27,2019,2,Mizoram,Aizawl,23.4115,93.4717,Cannabis (Ganja),312.57,State Police
SZ000666,2020-08-15,2020,8,Bihar,Muzaffarpur,24.5639,85.4349,Charas/Hashish,22.46,Customs
SZ000667,2020-11-24,2020,11,Delhi,East Delhi,27.9243,76.4117,Opium,3.05,NCB
SZ000668,2024-04-15,2024,4,Kerala,Kochi,11.419,76.6692,Heroin,1.87,NCB
SZ000669,2024-11-16,2024,11,Rajasthan,Jodhpur,26.3213,74.6338,MDMA,0.28,State Police
SZ000670,2024-06-23,2024,6,Uttar Pradesh,Lucknow,27.2856,81.0308,Heroin,4.43,DRI
SZ000671,2019-02-14,2019,2,Andhra Pradesh,Guntur,15.2705,80.1614,Poppy Husk,14.42,NCB
SZ000672,2024-12-22,2024,12,Punjab,Tarn Taran,30.8661,75.9901,Pharmaceutical Opioids,6.46,NCB
SZ000673,2022-11-21,2022,11,Maharashtra,Nagpur,19.9304,75.9789,Heroin,13.45,BSF
SZ000674,2023-01-18,2023,1,Uttar Pradesh,Agra,27.1381,80.2582,Methamphetamine,9.75,NCB
SZ000675,2024-12-07,2024,12,Haryana,Sirsa,29.4646,75.4275,Cannabis (Ganja),210.26,State Police
SZ000676,2021-06-07,2021,6,Rajasthan,Jaisalmer,27.6774,74.6114,Heroin,0.15,BSF
SZ000677,2020-05-23,2020,5,Manipur,Churachandpur,25.1421,94.5114,Cannabis (Ganja),621.59,NCB
SZ000678,2019-05-02,2019,5,Mizoram,Champhai,23.5183,92.2802,Methamphetamine,12.92,DRI
SZ000679,2024-06-15,2024,6,Telangana,Hyderabad,18.6135,79.5188,Methamphetamine,1.62,State Police
SZ000680,2023-05-04,2023,5,Madhya Pradesh,Bhopal,23.1707,78.691,Heroin,15.61,BSF
SZ000681,2021-05-22,2021,5,Odisha,Koraput,20.964,85.463,Methamphetamine,9.18,Customs
SZ000682,2018-05-21,2018,5,Madhya Pradesh,Gwalior,23.2564,79.0065,Charas/Hashish,0.36,State Police
SZ000683,2019-04-10,2019,4,Karnataka,Bengaluru Urban,15.8728,76.0635,Cannabis (Ganja),198.46,NCB
SZ000684,2019-06-19,2019,6,Delhi,South Delhi,29.1669,77.3735,Cannabis (Ganja),95.36,NCB
SZ000685,2022-08-07,2022,8,Delhi,South Delhi,28.6574,76.6175,Ketamine,4.07,State Police
SZ000686,2020-08-16,2020,8,Delhi,New Delhi,29.4062,76.6512,Charas/Hashish,21.51,NCB
SZ000687,2024-12-03,2024,12,Karnataka,Mangaluru,15.8332,75.8403,Cannabis (Ganja),12.0,State Police
SZ000688,2019-06-17,2019,6,Assam,Guwahati,26.5751,93.2168,Heroin,0.7,NCB
SZ000689,2019-09-06,2019,9,Madhya Pradesh,Indore,22.3611,78.108,Cocaine,2.27,NCB
SZ000690,2022-06-05,2022,6,Manipur,Imphal East,24.3585,93.4676,Methamphetamine,5.77,Customs
SZ000691,2018-06-11,2018,6,Haryana,Sirsa,28.3958,76.8364,Heroin,5.63,State Police
SZ000692,2024-07-01,2024,7,Mizoram,Aizawl,23.7052,92.9867,Methamphetamine,0.66,NCB
SZ000693,2019-01-22,2019,1,Madhya Pradesh,Gwalior,23.1867,78.8576,Charas/Hashish,6.09,NCB
SZ000694,2024-07-03,2024,7,Rajasthan,Kota,26.6426,74.3713,Charas/Hashish,0.23,Customs
SZ000695,2020-11-15,2020,11,Karnataka,Belagavi,15.0037,75.8084,Heroin,5.78,NCB
SZ000696,2023-08-24,2023,8,Madhya Pradesh,Indore,22.5664,78.3551,Heroin,7.09,NCB
SZ000697,2019-07-16,2019,7,Maharashtra,Pune,20.0584,75.8609,Cocaine,8.9,NCB
SZ000698,2018-06-08,2018,6,Madhya Pradesh,Indore,22.7594,78.9033,Heroin,4.43,NCB
SZ000699,2018-06-15,2018,6,Manipur,Churachandpur,23.9805,94.1789,Cocaine,1.14,NCB
SZ000700,2019-12-14,2019,12,Punjab,Gurdaspur,30.735,75.7765,Cannabis (Ganja),35.79,NCB
SZ000701,2020-10-11,2020,10,West Bengal,Malda,23.3991,87.6119,Charas/Hashish,6.85,NCB
SZ000702,2021-02-15,2021,2,Odisha,Bhubaneswar,21.2174,84.8859,MDMA,0.52,NCB
SZ000703,2021-12-18,2021,12,Uttar Pradesh,Varanasi,27.5027,81.0651,Methamphetamine,8.07,State Police
SZ000704,2023-01-24,2023,1,Assam,Guwahati,25.5902,93.0507,MDMA,1.02,NCB
SZ000705,2022-06-27,2022,6,Punjab,Amritsar,31.5661,75.6652,Methamphetamine,2.75,NCB
SZ000706,2018-09-02,2018,9,West Bengal,Nadia,23.3802,88.578,Heroin,7.37,DRI
SZ000707,2024-02-04,2024,2,Jammu and Kashmir,Baramulla,33.1669,77.2581,Ketamine,0.2,NCB
SZ000708,2021-04-04,2021,4,Delhi,East Delhi,28.3553,76.6522,Heroin,13.47,State Police
SZ000709,2023-01-23,2023,1,Manipur,Chandel,24.4884,93.2637,Charas/Hashish,2.38,NCB
SZ000710,2021-02-15,2021,2,Mizoram,Lunglei,22.4043,92.2012,MDMA,0.17,NCB
SZ000711,2024-10-20,2024,10,Assam,Guwahati,26.0423,92.6719,Cannabis (Ganja),13.18,BSF
SZ000712,2019-01-08,2019,1,Manipur,Churachandpur,23.9406,93.1306,Heroin,12.83,NCB
SZ000713,2022-07-18,2022,7,Karnataka,Bengaluru Urban,14.827,74.9629,Heroin,4.9,State Police
SZ000714,2018-09-22,2018,9,Punjab,Ferozepur,30.9078,75.7068,Charas/Hashish,2.06,NCB
SZ000715,2022-08-05,2022,8,Rajasthan,Jaisalmer,27.0801,74.4414,Cannabis (Ganja),5.46,NCB
SZ000716,2019-07-23,2019,7,Assam,Dibrugarh,26.9468,93.7076,MDMA,0.87,NCB
SZ000717,2018-08-14,2018,8,Delhi,East Delhi,28.5585,77.5203,Cannabis (Ganja),142.97,State Police
SZ000718,2024-06-01,2024,6,Rajasthan,Barmer,27.319,73.9667,Heroin,5.32,NCB
SZ000719,2018-03-26,2018,3,Delhi,North West Delhi,28.9259,77.4602,Heroin,3.74,NCB
SZ000720,2019-04-26,2019,4,Delhi,North West Delhi,28.6121,76.6029,Heroin,2.7,NCB
SZ000721,2022-08-19,2022,8,Rajasthan,Jodhpur,27.6895,74.5931,Methamphetamine,5.87,Coast Guard
SZ000722,2020-12-08,2020,12,Tamil Nadu,Madurai,11.052,77.929,Cannabis (Ganja),10.19,NCB
SZ000723,2022-09-25,2022,9,Haryana,Karnal,29.3038,76.254,Opium,54.62,State Police
SZ000724,2023-08-27,2023,8,Delhi,South Delhi,28.585,76.9809,Cannabis (Ganja),128.61,DRI
SZ000725,2020-05-27,2020,5,Andhra Pradesh,Guntur,16.4082,79.9969,Heroin,5.59,NCB
SZ000726,2023-02-08,2023,2,Tamil Nadu,Coimbatore,11.6737,78.0777,Cocaine,0.94,NCB
SZ000727,2021-01-13,2021,1,Manipur,Chandel,25.4436,93.9195,Heroin,1.51,State Police
SZ000728,2019-04-04,2019,4,Assam,Dibrugarh,25.8639,92.1902,Methamphetamine,3.43,Coast Guard
SZ000729,2020-09-18,2020,9,Punjab,Gurdaspur,31.2034,75.653,Cannabis (Ganja),56.39,NCB
SZ000730,2021-11-06,2021,11,Manipur,Churachandpur,24.6756,93.2915,Opium,0.94,State Police
SZ000731,2021-06-13,2021,6,Maharashtra,Pune,19.311,75.4733,Charas/Hashish,6.36,NCB
SZ000732,2022-02-23,2022,2,Manipur,Chandel,24.1436,93.1695,Opium,11.18,Customs
SZ000733,2024-02-18,2024,2,Gujarat,Surat,22.7932,70.7176,Opium,13.4,State Police
SZ000734,2024-07-25,2024,7,Delhi,East Delhi,28.6715,76.6925,Cocaine,0.46,BSF
SZ000735,2023-01-20,2023,1,Rajasthan,Kota,27.5017,73.4797,MDMA,0.29,NCB
SZ000736,2019-08-17,2019,8,Manipur,Imphal West,25.0234,93.4463,Heroin,0.55,Customs
SZ000737,2023-01-19,2023,1,Kerala,Thiruvananthapuram,11.3918,76.3672,Cannabis (Ganja),30.63,State Police
SZ000738,2020-05-25,2020,5,Haryana,Sirsa,29.7125,76.8756,Methamphetamine,9.31,NCB
SZ000739,2022-10-21,2022,10,Karnataka,Mysuru,15.3193,75.7444,Poppy Husk,81.46,NCB
SZ000740,2018-01-19,2018,1,Tamil Nadu,Coimbatore,11.4651,78.1108,MDMA,0.66,Coast Guard
SZ000741,2023-02-01,2023,2,Haryana,Gurugram,29.042,76.2505,Charas/Hashish,7.07,NCB
SZ000742,2024-04-03,2024,4,Uttar Pradesh,Varanasi,27.4045,81.0765,Opium,3.64,State Police
SZ000743,2024-06-08,2024,6,Gujarat,Surat,22.0665,71.0739,Charas/Hashish,8.27,NCB
SZ000744,2023-07-24,2023,7,Rajasthan,Jodhpur,26.9429,73.8745,Pharmaceutical Opioids,3.0,State Police
SZ000745,2021-09-20,2021,9,Haryana,Sirsa,29.4811,75.9831,Methamphetamine,3.98,NCB
SZ000746,2020-06-26,2020,6,Mizoram,Lunglei,22.9171,93.1631,Charas/Hashish,4.48,State Police
SZ000747,2020-11-17,2020,11,Rajasthan,Bikaner,27.3433,74.8299,Cannabis (Ganja),287.84,NCB
SZ000748,2023-11-08,2023,11,Telangana,Warangal,18.7112,78.6862,Cannabis (Ganja),22.41,State Police
SZ000749,2022-11-12,2022,11,Andhra Pradesh,Visakhapatnam,15.5512,79.1454,Heroin,3.71,DRI
SZ000750,2019-07-17,2019,7,Gujarat,Ahmedabad,22.4218,71.6044,Cannabis (Ganja),23.45,Customs
SZ000751,2023-07-24,2023,7,Rajasthan,Jaisalmer,27.0594,73.7315,Cannabis (Ganja),0.7,Customs
SZ000752,2019-06-18,2019,6,Haryana,Karnal,29.4737,75.9844,Cannabis (Ganja),2.47,BSF
SZ000753,2021-02-09,2021,2,Mizoram,Lunglei,22.906,92.9845,Ketamine,5.27,Customs
SZ000754,2018-11-01,2018,11,Karnataka,Bengaluru Urban,15.2667,75.1283,Heroin,0.88,State Police
SZ000755,2024-02-15,2024,2,Manipur,Imphal West,24.3627,94.4769,Cannabis (Ganja),333.52,State Police
SZ000756,2024-08-23,2024,8,Mizoram,Champhai,22.605,93.2442,MDMA,0.79,State Police
SZ000757,2020-10-02,2020,10,Andhra Pradesh,Vijayawada,16.1777,80.1348,Charas/Hashish,2.1,State Police
SZ000758,2021-02-20,2021,2,Tamil Nadu,Coimbatore,11.4742,78.2866,Cannabis (Ganja),38.08,State Police
SZ000759,2023-03-17,2023,3,Bihar,Gaya,25.2715,86.0968,Ketamine,1.79,State Police
SZ000760,2018-11-22,2018,11,Rajasthan,Bikaner,26.7763,74.6318,Cannabis (Ganja),57.32,State Police
SZ000761,2024-09-20,2024,9,Bihar,Bhagalpur,24.3329,86.0958,Cannabis (Ganja),195.18,NCB
SZ000762,2024-07-05,2024,7,Odisha,Ganjam,20.8572,85.0553,MDMA,0.05,State Police
SZ000763,2020-11-08,2020,11,Assam,Karimganj,25.4652,93.6485,Ketamine,9.75,NCB
SZ000764,2022-10-22,2022,10,Assam,Karimganj,26.6034,92.3792,Heroin,2.17,State Police
SZ000765,2019-08-10,2019,8,Tamil Nadu,Tirunelveli,10.4011,78.2113,Poppy Husk,94.83,NCB
SZ000766,2020-04-01,2020,4,Telangana,Warangal,17.7485,79.8078,Charas/Hashish,2.5,Customs
SZ000767,2019-06-13,2019,6,Punjab,Gurdaspur,31.5386,75.9677,Opium,9.66,NCB
SZ000768,2021-09-07,2021,9,Jammu and Kashmir,Srinagar,33.8752,76.9346,MDMA,0.05,NCB
SZ000769,2023-03-25,2023,3,Bihar,Gaya,25.6665,84.7413,Heroin,3.57,BSF
SZ000770,2021-06-10,2021,6,Gujarat,Kutch,22.1611,71.4945,Heroin,3.14,State Police
SZ000771,2024-08-08,2024,8,Mizoram,Champhai,23.3302,92.833,Charas/Hashish,4.01,State Police
SZ000772,2023-05-27,2023,5,Manipur,Churachandpur,24.8228,94.3089,Poppy Husk,434.41,NCB
SZ000773,2018-04-01,2018,4,Manipur,Churachandpur,24.2666,94.2188,Ketamine,0.7,State Police
SZ000774,2024-10-10,2024,10,Karnataka,Belagavi,14.6694,75.5405,Cannabis (Ganja),27.03,NCB
SZ000775,2019-04-23,2019,4,Rajasthan,Bikaner,26.5738,73.5937,Heroin,9.62,NCB
SZ000776,2019-06-14,2019,6,Tamil Nadu,Madurai,10.5306,78.5191,Heroin,7.68,BSF
SZ000777,2023-04-10,2023,4,Gujarat,Kutch,21.4801,71.8457,Heroin,1.33,State Police
SZ000778,2019-05-19,2019,5,Assam,Cachar,26.8094,93.0671,Methamphetamine,0.14,Customs
SZ000779,2023-02-09,2023,2,Maharashtra,Nagpur,20.2592,75.2398,Cannabis (Ganja),2.82,NCB
SZ000780,2018-01-02,2018,1,West Bengal,Nadia,22.6882,88.1171,Heroin,4.83,DRI
SZ000781,2021-07-25,2021,7,Odisha,Koraput,21.4109,84.9788,Opium,32.2,NCB
SZ000782,2019-10-23,2019,10,Jammu and Kashmir,Jammu,34.27,76.5432,Cannabis (Ganja),23.4,NCB
SZ000783,2020-05-18,2020,5,Bihar,Patna,24.5195,85.2071,Cannabis (Ganja),184.9,BSF
SZ000784,2021-08-18,2021,8,Punjab,Gurdaspur,31.6692,74.8963,Pharmaceutical Opioids,15.59,State Police
SZ000785,2022-11-13,2022,11,Haryana,Gurugram,29.6878,76.599,Charas/Hashish,0.14,State Police
SZ000786,2020-06-04,2020,6,Maharashtra,Nagpur,19.3246,75.9068,Methamphetamine,12.33,DRI
SZ000787,2021-06-12,2021,6,Rajasthan,Barmer,26.4718,73.6676,Charas/Hashish,11.96,BSF
SZ000788,2022-01-17,2022,1,Maharashtra,Mumbai,20.2949,75.9103,MDMA,2.96,State Police
SZ000789,2021-05-02,2021,5,Uttar Pradesh,Lucknow,26.1053,80.5902,Cannabis (Ganja),118.02,Customs
SZ000790,2023-07-15,2023,7,Assam,Guwahati,25.5573,93.7032,Ketamine,2.7,NCB
SZ000791,2020-10-08,2020,10,Assam,Guwahati,25.4135,92.2918,Cannabis (Ganja),4.76,NCB
SZ000792,2021-10-13,2021,10,West Bengal,Malda,22.6236,88.3038,Methamphetamine,0.18,BSF
SZ000793,2023-01-08,2023,1,Manipur,Chandel,23.9304,94.0557,Cannabis (Ganja),93.27,BSF
SZ000794,2020-10-18,2020,10,Andhra Pradesh,Anantapur,16.4216,79.5671,MDMA,0.28,NCB
SZ000795,2024-06-02,2024,6,Assam,Dibrugarh,26.2767,92.7079,Cannabis (Ganja),79.16,Customs
SZ000796,2020-07-17,2020,7,Uttar Pradesh,Varanasi,26.858,80.8748,Heroin,4.38,Customs
SZ000797,2020-11-22,2020,11,Kerala,Kochi,11.0609,76.3588,Methamphetamine,4.8,Customs
SZ000798,2022-12-05,2022,12,Gujarat,Porbandar,22.2489,70.9973,Cannabis (Ganja),345.37,BSF
SZ000799,2024-07-19,2024,7,Karnataka,Belagavi,14.9773,75.4509,Methamphetamine,0.62,NCB
SZ000800,2019-10-18,2019,10,Mizoram,Champhai,23.9105,93.1932,Heroin,2.29,BSF
SZ000801,2022-01-11,2022,1,Mizoram,Champhai,23.352,93.3315,Heroin,0.94,State Police
SZ000802,2019-10-27,2019,10,West Bengal,Malda,22.2795,88.0779,Cannabis (Ganja),83.12,DRI
SZ000803,2024-09-03,2024,9,Jammu and Kashmir,Baramulla,33.1076,76.1347,Cannabis (Ganja),269.43,State Police
SZ000804,2024-05-27,2024,5,Gujarat,Ahmedabad,22.1124,70.6132,Cannabis (Ganja),453.03,NCB
SZ000805,2019-04-06,2019,4,Gujarat,Kutch,21.5964,70.9096,Cannabis (Ganja),48.19,State Police
SZ000806,2021-09-02,2021,9,Delhi,New Delhi,28.9895,77.2076,Cocaine,0.51,State Police
SZ000807,2021-03-26,2021,3,Delhi,New Delhi,28.0739,76.4006,Cannabis (Ganja),159.73,Customs
SZ000808,2023-09-26,2023,9,Uttar Pradesh,Lucknow,26.4729,81.1238,Poppy Husk,189.21,State Police
SZ000809,2018-04-21,2018,4,West Bengal,North 24 Parganas,23.6721,87.0822,Heroin,0.8,State Police
SZ000810,2020-10-15,2020,10,Haryana,Karnal,29.0242,76.5974,Methamphetamine,5.0,Customs
SZ000811,2020-12-12,2020,12,Karnataka,Belagavi,15.7038,76.1096,Opium,58.82,BSF
SZ000812,2022-02-08,2022,2,Delhi,North West Delhi,29.1656,76.9722,Opium,16.91,State Police
SZ000813,2019-03-14,2019,3,Delhi,New Delhi,28.2864,77.4569,Cannabis (Ganja),275.89,State Police
SZ000814,2022-01-20,2022,1,Andhra Pradesh,Anantapur,15.2186,79.3733,Pharmaceutical Opioids,7.93,Customs
SZ000815,2022-07-26,2022,7,Mizoram,Champhai,23.5029,93.2845,Methamphetamine,6.36,BSF
SZ000816,2024-05-04,2024,5,Assam,Cachar,26.1636,92.6011,Cocaine,2.12,State Police
SZ000817,2020-11-10,2020,11,Delhi,New Delhi,28.0534,77.2037,Opium,9.48,State Police
SZ000818,2022-10-16,2022,10,Gujarat,Kutch,21.858,71.912,Methamphetamine,3.28,State Police
SZ000819,2019-10-21,2019,10,Punjab,Ludhiana,31.8949,74.9791,Methamphetamine,7.92,Customs
SZ000820,2022-03-17,2022,3,Delhi,East Delhi,27.9924,76.5047,Heroin,0.05,NCB
SZ000821,2023-07-05,2023,7,Jammu and Kashmir,Jammu,34.3622,76.9673,Methamphetamine,7.79,Customs
SZ000822,2022-03-15,2022,3,Jammu and Kashmir,Poonch,34.2785,75.8662,Pharmaceutical Opioids,13.74,NCB
SZ000823,2024-01-16,2024,1,Mizoram,Champhai,23.9081,92.7505,Methamphetamine,0.94,NCB
SZ000824,2022-07-27,2022,7,Punjab,Amritsar,31.1223,74.7007,Poppy Husk,79.26,State Police
SZ000825,2022-04-27,2022,4,Assam,Guwahati,25.7359,92.3382,Heroin,3.74,NCB
SZ000826,2018-10-20,2018,10,West Bengal,Nadia,23.2463,87.3758,Pharmaceutical Opioids,5.73,NCB
SZ000827,2024-12-05,2024,12,Gujarat,Kutch,21.9267,71.9575,Cannabis (Ganja),55.52,NCB
SZ000828,2021-01-04,2021,1,Delhi,South Delhi,28.1246,77.2344,Cannabis (Ganja),160.39,State Police
SZ000829,2020-01-04,2020,1,Gujarat,Bhavnagar,22.6115,71.9058,Cannabis (Ganja),322.69,State Police
SZ000830,2022-10-06,2022,10,Andhra Pradesh,Visakhapatnam,16.3847,79.6789,Cannabis (Ganja),49.41,NCB
SZ000831,2024-02-21,2024,2,Telangana,Warangal,17.6431,79.2321,MDMA,1.45,Customs
SZ000832,2020-02-05,2020,2,Kerala,Kollam,10.968,76.8091,Cannabis (Ganja),32.19,Customs
SZ000833,2021-04-08,2021,4,Odisha,Bhubaneswar,20.6931,84.7098,Cannabis (Ganja),3.2,State Police
SZ000834,2020-05-02,2020,5,Punjab,Ferozepur,30.89,74.7757,Cocaine,7.36,DRI
SZ000835,2021-09-21,2021,9,Assam,Karimganj,26.504,92.5078,Pharmaceutical Opioids,5.56,Customs
SZ000836,2018-04-26,2018,4,Uttar Pradesh,Agra,27.6464,80.6574,Ketamine,0.47,State Police
SZ000837,2021-04-12,2021,4,Bihar,Gaya,24.7951,85.5928,Heroin,2.26,NCB
SZ000838,2023-10-05,2023,10,Gujarat,Ahmedabad,22.6847,70.5418,Cannabis (Ganja),170.44,BSF
SZ000839,2023-05-10,2023,5,Tamil Nadu,Chennai,11.5055,79.4588,Opium,10.95,State Police
SZ000840,2023-05-24,2023,5,Karnataka,Mangaluru,14.7847,75.8482,Poppy Husk,25.69,State Police
SZ000841,2024-10-02,2024,10,Assam,Cachar,26.2553,92.1749,Methamphetamine,0.77,State Police
SZ000842,2023-03-18,2023,3,Mizoram,Champhai,22.5448,93.6969,Cannabis (Ganja),0.29,BSF
SZ000843,2021-04-11,2021,4,Delhi,South Delhi,28.5445,76.7169,Cannabis (Ganja),56.05,NCB
SZ000844,2022-05-15,2022,5,Rajasthan,Kota,27.0083,74.6936,Cannabis (Ganja),297.77,DRI
SZ000845,2023-11-22,2023,11,Rajasthan,Jodhpur,26.229,74.9915,Cannabis (Ganja),64.38,State Police
SZ000846,2022-01-02,2022,1,Uttar Pradesh,Ghaziabad,26.8728,81.4093,Heroin,2.88,Customs
SZ000847,2018-10-25,2018,10,Assam,Karimganj,25.713,92.4822,Methamphetamine,0.17,NCB
SZ000848,2019-07-18,2019,7,Mizoram,Lunglei,22.8709,92.447,Heroin,0.05,DRI
SZ000849,2019-03-18,2019,3,Maharashtra,Mumbai,19.5333,75.9116,Opium,10.39,State Police
SZ000850,2022-02-08,2022,2,Bihar,Gaya,25.8795,85.9166,Methamphetamine,0.68,NCB
SZ000851,2021-08-14,2021,8,Karnataka,Belagavi,15.3803,74.9882,Ketamine,11.87,State Police
SZ000852,2023-05-02,2023,5,Jammu and Kashmir,Baramulla,33.8547,75.8158,Pharmaceutical Opioids,2.95,State Police
SZ000853,2022-04-10,2022,4,Punjab,Tarn Taran,31.8194,74.5737,Cannabis (Ganja),289.01,NCB
SZ000854,2023-01-11,2023,1,Tamil Nadu,Tirunelveli,11.5136,79.0099,Cocaine,2.25,NCB
SZ000855,2024-02-05,2024,2,Rajasthan,Kota,26.5196,74.0094,MDMA,0.05,NCB
SZ000856,2019-07-18,2019,7,Madhya Pradesh,Neemuch,22.2968,79.3126,Poppy Husk,507.21,State Police
SZ000857,2024-08-26,2024,8,Manipur,Chandel,23.9761,94.3693,Charas/Hashish,8.29,NCB
SZ000858,2020-07-08,2020,7,Uttar Pradesh,Varanasi,26.5482,80.426,Cannabis (Ganja),153.23,BSF
SZ000859,2020-06-06,2020,6,Telangana,Hyderabad,18.7984,79.3891,Heroin,6.81,NCB
SZ000860,2021-02-08,2021,2,Haryana,Karnal,29.677,75.8679,Cannabis (Ganja),80.32,Customs
SZ000861,2022-11-27,2022,11,Uttar Pradesh,Agra,26.9249,80.6061,Heroin,10.19,BSF
SZ000862,2020-09-15,2020,9,Punjab,Gurdaspur,30.7729,74.7481,Cannabis (Ganja),115.65,NCB
SZ000863,2022-12-04,2022,12,Rajasthan,Jodhpur,26.446,73.8618,Cannabis (Ganja),238.07,Customs
SZ000864,2023-09-25,2023,9,Manipur,Imphal West,24.0064,93.3811,MDMA,0.63,Customs
SZ000865,2020-12-02,2020,12,Jammu and Kashmir,Poonch,33.8574,76.0134,Charas/Hashish,3.35,NCB
SZ000866,2021-05-10,2021,5,Haryana,Gurugram,29.772,75.3903,Cannabis (Ganja),92.6,NCB
SZ000867,2019-07-13,2019,7,Karnataka,Mysuru,14.5427,75.2557,Cannabis (Ganja),103.88,Customs
SZ000868,2024-06-11,2024,6,Bihar,Patna,24.7076,85.0241,Cannabis (Ganja),32.84,State Police
SZ000869,2024-01-21,2024,1,Mizoram,Lunglei,23.584,93.3196,Opium,1.03,NCB
SZ000870,2022-05-23,2022,5,Assam,Karimganj,26.1384,92.2944,Cannabis (Ganja),50.91,NCB
SZ000871,2021-04-05,2021,4,Gujarat,Kutch,22.419,71.8763,Heroin,9.23,Coast Guard
SZ000872,2023-08-04,2023,8,Odisha,Koraput,20.2932,84.8724,Heroin,6.41,NCB
SZ000873,2023-11-24,2023,11,Jammu and Kashmir,Jammu,34.0262,76.8076,Heroin,0.07,State Police
SZ000874,2021-07-07,2021,7,Manipur,Churachandpur,24.8251,94.6393,Cannabis (Ganja),56.83,State Police
SZ000875,2018-10-10,2018,10,Tamil Nadu,Madurai,10.3915,79.3099,Charas/Hashish,5.48,DRI
SZ000876,2019-01-05,2019,1,Punjab,Ludhiana,30.6337,75.8424,Methamphetamine,11.79,State Police
SZ000877,2021-05-02,2021,5,Manipur,Imphal West,25.3133,93.9146,Cannabis (Ganja),66.57,BSF
SZ000878,2023-05-08,2023,5,Mizoram,Champhai,22.3913,92.3972,MDMA,0.54,NCB
SZ000879,2023-12-03,2023,12,Haryana,Sirsa,28.7916,76.0936,Pharmaceutical Opioids,16.29,Customs
SZ000880,2021-07-20,2021,7,Punjab,Amritsar,31.202,75.7169,Heroin,4.31,DRI
SZ000881,2022-08-04,2022,8,Bihar,Muzaffarpur,25.4173,85.6561,Opium,1.95,State Police
SZ000882,2022-11-10,2022,11,Bihar,Muzaffarpur,24.8629,85.2494,Heroin,0.49,NCB
SZ000883,2023-03-19,2023,3,Gujarat,Kutch,21.6375,70.5294,Cannabis (Ganja),38.32,State Police
SZ000884,2020-09-26,2020,9,Punjab,Ludhiana,30.5568,74.9689,Charas/Hashish,50.66,BSF
SZ000885,2024-08-13,2024,8,Uttar Pradesh,Kanpur,26.1374,80.3298,Cannabis (Ganja),95.05,NCB
SZ000886,2022-09-09,2022,9,Jammu and Kashmir,Baramulla,34.4513,76.2586,Cannabis (Ganja),27.93,NCB
SZ000887,2024-11-02,2024,11,Bihar,Gaya,24.7732,85.9242,Heroin,11.4,NCB
SZ000888,2024-05-27,2024,5,West Bengal,North 24 Parganas,22.3111,87.6348,Cocaine,3.39,NCB
SZ000889,2018-11-20,2018,11,Telangana,Nizamabad,18.6651,78.4768,Cannabis (Ganja),29.47,Customs
SZ000890,2020-01-04,2020,1,Assam,Guwahati,26.103,92.7338,Poppy Husk,553.74,BSF
SZ000891,2022-10-26,2022,10,Madhya Pradesh,Bhopal,22.8171,78.82,Cannabis (Ganja),197.69,DRI
SZ000892,2021-06-16,2021,6,Telangana,Khammam,18.5558,78.3243,Pharmaceutical Opioids,14.33,NCB
SZ000893,2023-10-03,2023,10,Jammu and Kashmir,Jammu,34.2743,76.25,Cannabis (Ganja),30.52,Customs
SZ000894,2024-07-09,2024,7,Tamil Nadu,Madurai,10.5509,78.5277,Methamphetamine,0.68,NCB
SZ000895,2018-11-11,2018,11,Haryana,Faridabad,29.6791,76.2132,Charas/Hashish,17.94,NCB
SZ000896,2021-10-26,2021,10,Punjab,Tarn Taran,30.3995,76.004,Opium,13.29,NCB
SZ000897,2019-09-13,2019,9,Andhra Pradesh,Guntur,16.2304,80.2517,Cannabis (Ganja),125.08,NCB
SZ000898,2018-06-06,2018,6,Mizoram,Aizawl,23.6022,92.3678,Methamphetamine,16.12,State Police
SZ000899,2022-12-19,2022,12,Manipur,Imphal East,25.0946,93.6986,Heroin,1.07,State Police
SZ000900,2024-04-05,2024,4,Mizoram,Lunglei,23.1088,92.9858,Pharmaceutical Opioids,13.6,NCB
SZ000901,2024-11-11,2024,11,Haryana,Karnal,29.6212,75.3281,Cocaine,3.12,Coast Guard
SZ000902,2022-08-11,2022,8,Mizoram,Lunglei,23.0381,92.7934,Cannabis (Ganja),2.27,NCB
SZ000903,2020-08-19,2020,8,Gujarat,Porbandar,21.7161,71.2352,Heroin,11.97,State Police
SZ000904,2021-10-14,2021,10,West Bengal,Nadia,22.7868,88.1258,Heroin,1.62,State Police
SZ000905,2019-06-06,2019,6,Karnataka,Mangaluru,15.8494,76.1406,Heroin,4.21,State Police
SZ000906,2024-04-02,2024,4,Gujarat,Porbandar,22.0891,70.5786,Cannabis (Ganja),366.85,NCB
SZ000907,2022-02-24,2022,2,Assam,Cachar,26.7173,92.7747,Cannabis (Ganja),91.48,Customs
SZ000908,2018-01-12,2018,1,Manipur,Imphal West,25.166,94.5674,Charas/Hashish,3.71,Customs
SZ000909,2022-07-01,2022,7,Assam,Guwahati,25.8275,93.5845,MDMA,0.84,Coast Guard
SZ000910,2024-08-04,2024,8,Manipur,Imphal West,24.7647,93.6723,Heroin,2.31,BSF
SZ000911,2022-04-08,2022,4,Maharashtra,Nashik,20.5144,76.0163,Methamphetamine,3.09,NCB
SZ000912,2018-09-26,2018,9,Punjab,Amritsar,30.6708,75.9378,Methamphetamine,2.3,NCB
SZ000913,2020-10-12,2020,10,Andhra Pradesh,Visakhapatnam,16.6542,80.049,Cannabis (Ganja),164.08,Coast Guard
SZ000914,2019-05-20,2019,5,Mizoram,Champhai,23.0199,93.1557,Charas/Hashish,1.02,Customs
SZ000915,2020-11-03,2020,11,Gujarat,Bhavnagar,22.0267,71.1634,Heroin,7.31,NCB
SZ000916,2023-09-10,2023,9,Andhra Pradesh,Vijayawada,15.3227,79.8821,Pharmaceutical Opioids,0.42,Customs
SZ000917,2020-07-01,2020,7,Maharashtra,Thane,19.6791,75.9471,Cocaine,3.53,State Police
SZ000918,2019-07-27,2019,7,Delhi,North West Delhi,28.1345,77.587,Cannabis (Ganja),134.61,NCB
SZ000919,2018-09-12,2018,9,Haryana,Sirsa,28.6772,76.44,Opium,6.06,Customs
SZ000920,2024-05-08,2024,5,Delhi,North West Delhi,28.0713,76.7427,Heroin,1.49,State Police
SZ000921,2023-03-07,2023,3,Maharashtra,Nagpur,19.7235,75.328,MDMA,1.17,Customs
SZ000922,2019-09-23,2019,9,Gujarat,Surat,21.5223,70.5936,Methamphetamine,0.93,State Police
SZ000923,2018-06-25,2018,6,Kerala,Kozhikode,10.1035,75.5393,Opium,43.77,NCB
SZ000924,2022-12-04,2022,12,Punjab,Amritsar,31.9028,76.0575,Cocaine,0.83,NCB
SZ000925,2023-04-03,2023,4,Punjab,Amritsar,30.701,75.6698,Cannabis (Ganja),160.23,Customs
SZ000926,2024-06-03,2024,6,Mizoram,Aizawl,23.4094,93.0745,Heroin,4.56,NCB
SZ000927,2020-04-19,2020,4,Haryana,Gurugram,29.7876,75.5901,Pharmaceutical Opioids,5.94,State Police
SZ000928,2021-02-10,2021,2,Madhya Pradesh,Gwalior,22.8275,79.2574,Poppy Husk,83.78,BSF
SZ000929,2018-11-23,2018,11,Telangana,Nizamabad,17.9408,79.5219,Cannabis (Ganja),112.79,State Police
SZ000930,2019-04-05,2019,4,Bihar,Bhagalpur,25.4086,84.9837,Charas/Hashish,0.05,State Police
SZ000931,2022-03-02,2022,3,Punjab,Ludhiana,30.6937,75.5366,Cannabis (Ganja),75.65,NCB
SZ000932,2022-03-14,2022,3,Delhi,South Delhi,29.3923,76.9622,Opium,9.29,NCB
SZ000933,2022-08-08,2022,8,Jammu and Kashmir,Poonch,34.0646,76.356,Heroin,12.66,NCB
SZ000934,2024-09-04,2024,9,Rajasthan,Bikaner,27.3562,73.6772,Cannabis (Ganja),44.32,Coast Guard
SZ000935,2018-11-11,2018,11,Mizoram,Champhai,23.1999,92.1626,Cocaine,0.58,Customs
SZ000936,2023-07-26,2023,7,Jammu and Kashmir,Srinagar,33.6174,77.2139,Pharmaceutical Opioids,4.55,BSF
SZ000937,2019-10-23,2019,10,Telangana,Nizamabad,18.6816,79.1179,Pharmaceutical Opioids,10.08,BSF
SZ000938,2024-07-02,2024,7,Rajasthan,Bikaner,26.9866,73.7916,Cannabis (Ganja),24.75,DRI
SZ000939,2020-11-11,2020,11,Assam,Guwahati,26.2728,93.4445,Methamphetamine,3.23,Coast Guard
SZ000940,2024-07-20,2024,7,Assam,Guwahati,25.4036,92.5255,Methamphetamine,0.84,Customs
SZ000941,2022-04-18,2022,4,Tamil Nadu,Coimbatore,10.9911,78.252,Cannabis (Ganja),373.66,State Police
SZ000942,2023-04-26,2023,4,Uttar Pradesh,Lucknow,26.6337,81.0534,Opium,42.85,NCB
SZ000943,2021-11-02,2021,11,Punjab,Ludhiana,30.6225,75.197,Heroin,1.19,Coast Guard
SZ000944,2024-10-06,2024,10,Manipur,Imphal West,24.9675,93.7392,Methamphetamine,31.24,Customs
SZ000945,2024-09-01,2024,9,Jammu and Kashmir,Poonch,34.1154,77.1911,Opium,6.12,State Police
SZ000946,2022-08-21,2022,8,Gujarat,Surat,21.664,71.0507,Pharmaceutical Opioids,2.08,NCB
SZ000947,2021-06-27,2021,6,Telangana,Hyderabad,17.3241,78.608,Charas/Hashish,4.88,DRI
SZ000948,2019-09-17,2019,9,Telangana,Hyderabad,17.5115,79.5299,Heroin,6.52,BSF
SZ000949,2018-06-04,2018,6,Gujarat,Surat,23.0444,70.4614,Heroin,5.23,BSF
SZ000950,2021-05-13,2021,5,Punjab,Ferozepur,30.6375,75.7379,Pharmaceutical Opioids,3.48,Customs
SZ000951,2019-01-26,2019,1,Andhra Pradesh,Vijayawada,15.5835,79.3563,Opium,19.22,BSF
SZ000952,2018-09-26,2018,9,Tamil Nadu,Tirunelveli,10.9654,79.0206,Opium,8.1,State Police
SZ000953,2019-09-26,2019,9,Assam,Dibrugarh,26.5176,93.1141,Cannabis (Ganja),103.98,State Police
SZ000954,2024-01-22,2024,1,Odisha,Ganjam,20.821,85.1861,MDMA,0.89,NCB
SZ000955,2020-04-09,2020,4,Kerala,Thiruvananthapuram,11.0177,76.4037,Cannabis (Ganja),47.22,NCB
SZ000956,2023-11-03,2023,11,Gujarat,Porbandar,22.3786,71.807,Charas/Hashish,8.3,State Police
SZ000957,2019-11-21,2019,11,Telangana,Warangal,18.1948,78.592,Cannabis (Ganja),67.77,NCB
SZ000958,2022-10-19,2022,10,Uttar Pradesh,Kanpur,26.6786,81.6935,Poppy Husk,141.4,Customs
SZ000959,2018-07-27,2018,7,Assam,Guwahati,26.2632,92.7671,Cocaine,1.68,NCB
SZ000960,2021-03-01,2021,3,Kerala,Kollam,10.6482,76.1312,Cannabis (Ganja),85.38,State Police
SZ000961,2024-09-02,2024,9,Karnataka,Bengaluru Urban,15.3506,75.9096,Pharmaceutical Opioids,15.91,NCB
SZ000962,2019-04-01,2019,4,Manipur,Imphal East,24.809,93.5904,Poppy Husk,55.88,State Police
SZ000963,2022-05-08,2022,5,Uttar Pradesh,Ghaziabad,26.4294,80.2507,Cannabis (Ganja),133.0,BSF
SZ000964,2021-10-22,2021,10,Assam,Dibrugarh,25.9247,93.6134,Cannabis (Ganja),116.64,NCB
SZ000965,2019-09-01,2019,9,Rajasthan,Bikaner,26.5541,74.8982,Cocaine,0.47,State Police
SZ000966,2018-12-25,2018,12,Jammu and Kashmir,Poonch,33.5766,75.8746,Charas/Hashish,6.52,DRI
SZ000967,2024-05-10,2024,5,Telangana,Warangal,17.936,78.3037,Heroin,0.11,State Police
SZ000968,2023-08-23,2023,8,Rajasthan,Jaisalmer,27.447,73.8192,Methamphetamine,1.49,Customs
SZ000969,2018-05-21,2018,5,Assam,Karimganj,26.9433,93.6346,Pharmaceutical Opioids,19.62,NCB
SZ000970,2020-11-14,2020,11,Tamil Nadu,Tirunelveli,11.4918,78.2871,Heroin,8.06,State Police
SZ000971,2024-09-22,2024,9,Manipur,Chandel,24.4894,93.9167,Charas/Hashish,11.36,NCB
SZ000972,2021-05-25,2021,5,Gujarat,Porbandar,22.6486,71.9086,Cannabis (Ganja),63.3,State Police
SZ000973,2021-09-24,2021,9,Punjab,Gurdaspur,30.9012,75.6677,Cannabis (Ganja),0.39,State Police
SZ000974,2021-10-21,2021,10,Gujarat,Ahmedabad,22.5278,70.9832,Heroin,5.05,DRI
SZ000975,2018-04-05,2018,4,Jammu and Kashmir,Jammu,34.45,77.1725,Cannabis (Ganja),92.47,NCB
SZ000976,2018-01-15,2018,1,Manipur,Imphal West,25.2471,93.4527,Heroin,2.92,Customs
SZ000977,2021-10-09,2021,10,Assam,Karimganj,26.3353,92.4803,Cocaine,0.83,Customs
SZ000978,2018-02-11,2018,2,Madhya Pradesh,Bhopal,23.0764,78.9349,Methamphetamine,0.45,State Police
SZ000979,2022-07-21,2022,7,Madhya Pradesh,Bhopal,23.6163,79.2722,Heroin,0.38,Coast Guard
SZ000980,2021-08-22,2021,8,Gujarat,Kutch,22.8929,70.6471,Methamphetamine,1.72,NCB
SZ000981,2020-06-11,2020,6,Jammu and Kashmir,Jammu,34.1911,76.3149,Poppy Husk,68.7,NCB
SZ000982,2022-04-06,2022,4,Manipur,Churachandpur,24.7823,94.2671,Cannabis (Ganja),53.35,Coast Guard
SZ000983,2021-06-04,2021,6,Uttar Pradesh,Kanpur,26.325,80.7674,Heroin,0.21,DRI
SZ000984,2021-08-16,2021,8,Assam,Karimganj,26.1163,93.2622,Cocaine,0.92,NCB
SZ000985,2023-07-24,2023,7,Mizoram,Champhai,22.6311,93.0812,MDMA,1.44,Coast Guard
SZ000986,2023-04-06,2023,4,Haryana,Gurugram,29.3496,76.3872,Methamphetamine,6.21,State Police
SZ000987,2018-04-08,2018,4,West Bengal,Malda,22.7243,87.2096,Pharmaceutical Opioids,6.18,NCB
SZ000988,2022-08-27,2022,8,Madhya Pradesh,Neemuch,23.4341,78.2344,Cannabis (Ganja),34.54,DRI
SZ000989,2018-01-13,2018,1,Assam,Guwahati,26.6544,92.8127,Cocaine,0.21,Customs
SZ000990,2019-09-21,2019,9,Haryana,Gurugram,28.9204,76.672,Cannabis (Ganja),58.35,NCB
SZ000991,2018-09-09,2018,9,Manipur,Churachandpur,24.1047,94.6686,Pharmaceutical Opioids,2.9,NCB
SZ000992,2024-04-25,2024,4,Punjab,Ludhiana,31.8208,75.5888,Cocaine,2.03,Customs
SZ000993,2021-08-01,2021,8,Madhya Pradesh,Bhopal,22.7473,78.577,Charas/Hashish,7.74,Coast Guard
SZ000994,2018-02-08,2018,2,Uttar Pradesh,Kanpur,26.7689,80.5985,Cannabis (Ganja),110.87,Coast Guard
SZ000995,2023-03-22,2023,3,Punjab,Tarn Taran,31.8571,74.6415,Methamphetamine,6.57,Customs
SZ000996,2019-07-26,2019,7,Tamil Nadu,Madurai,11.2982,78.7028,Cannabis (Ganja),538.35,NCB
SZ000997,2018-07-25,2018,7,Jammu and Kashmir,Srinagar,33.938,76.8697,Methamphetamine,1.42,NCB
SZ000998,2019-03-26,2019,3,Assam,Guwahati,26.2461,92.941,Ketamine,1.72,DRI
SZ000999,2024-07-07,2024,7,Uttar Pradesh,Lucknow,27.038,80.7351,Opium,4.3,DRI
SZ001000,2019-01-23,2019,1,Uttar Pradesh,Lucknow,27.2481,80.5735,MDMA,0.69,State Police
SZ001001,2024-03-01,2024,3,Punjab,Tarn Taran,31.8683,74.7195,Cannabis (Ganja),7.31,NCB
SZ001002,2018-04-09,2018,4,Gujarat,Ahmedabad,22.2669,71.5835,Poppy Husk,26.44,State Police
SZ001003,2022-08-10,2022,8,Kerala,Kozhikode,11.3168,75.703,MDMA,0.92,Customs
SZ001004,2020-11-24,2020,11,Tamil Nadu,Madurai,11.7174,78.2552,Cannabis (Ganja),75.63,State Police
SZ001005,2021-11-23,2021,11,Delhi,North West Delhi,29.4099,77.584,MDMA,0.57,State Police
SZ001006,2021-09-01,2021,9,Haryana,Faridabad,28.5109,76.2245,Cannabis (Ganja),81.24,State Police
SZ001007,2024-01-16,2024,1,Mizoram,Aizawl,23.1379,93.1598,Heroin,2.23,State Police
SZ001008,2024-05-13,2024,5,Punjab,Ferozepur,31.4062,75.5791,Heroin,4.82,State Police
SZ001009,2018-07-06,2018,7,Uttar Pradesh,Agra,26.7203,80.5058,Poppy Husk,273.64,Customs
SZ001010,2019-04-05,2019,4,Maharashtra,Pune,19.0617,75.0941,Methamphetamine,6.59,State Police
SZ001011,2019-09-24,2019,9,Assam,Cachar,25.7138,93.2273,Pharmaceutical Opioids,3.58,NCB
SZ001012,2020-08-25,2020,8,Punjab,Ludhiana,31.1639,75.3672,Cannabis (Ganja),110.76,NCB
SZ001013,2021-02-18,2021,2,West Bengal,North 24 Parganas,22.2131,87.5153,Cannabis (Ganja),379.1,DRI
SZ001014,2020-03-09,2020,3,Punjab,Ferozepur,30.7464,75.2764,Cannabis (Ganja),129.19,State Police
SZ001015,2024-12-12,2024,12,Delhi,North West Delhi,28.1989,77.0856,Cannabis (Ganja),52.32,State Police
SZ001016,2020-05-08,2020,5,Manipur,Imphal East,23.9814,94.1605,Poppy Husk,432.48,State Police
SZ001017,2024-08-03,2024,8,Andhra Pradesh,Vijayawada,15.3137,80.1064,Cannabis (Ganja),75.95,Customs
SZ001018,2023-09-19,2023,9,Odisha,Bhubaneswar,21.393,85.6848,Heroin,12.3,NCB
SZ001019,2019-10-05,2019,10,Rajasthan,Jodhpur,26.7426,73.4383,MDMA,2.42,NCB
SZ001020,2021-03-05,2021,3,Karnataka,Bengaluru Urban,14.7006,75.3521,Cannabis (Ganja),36.48,State Police
SZ001021,2021-05-04,2021,5,Gujarat,Ahmedabad,21.5167,70.9503,Heroin,0.42,Customs
SZ001022,2023-02-20,2023,2,Rajasthan,Jodhpur,26.5321,73.5098,Heroin,0.47,State Police
SZ001023,2021-10-23,2021,10,Punjab,Gurdaspur,31.8306,76.1244,Methamphetamine,1.35,State Police
SZ001024,2020-02-07,2020,2,Rajasthan,Kota,26.9887,74.6411,Charas/Hashish,4.72,NCB
SZ001025,2023-05-22,2023,5,Mizoram,Lunglei,22.6323,93.2992,Heroin,6.67,State Police
SZ001026,2023-10-24,2023,10,Uttar Pradesh,Ghaziabad,27.2063,80.8123,Methamphetamine,4.13,Customs
SZ001027,2019-02-06,2019,2,Madhya Pradesh,Indore,22.4789,78.8129,Heroin,1.37,NCB
SZ001028,2022-11-11,2022,11,Maharashtra,Pune,20.5252,75.8141,Cannabis (Ganja),120.88,NCB
SZ001029,2022-12-14,2022,12,Rajasthan,Barmer,26.9374,74.6969,Methamphetamine,4.91,BSF
SZ001030,2022-05-05,2022,5,Gujarat,Ahmedabad,22.6226,70.7598,Poppy Husk,22.36,State Police
SZ001031,2023-04-22,2023,4,Odisha,Cuttack,21.3409,85.1952,Ketamine,1.0,State Police
SZ001032,2022-04-04,2022,4,Manipur,Chandel,24.3082,93.3145,Cannabis (Ganja),27.62,NCB
SZ001033,2018-07-01,2018,7,Karnataka,Bengaluru Urban,15.8368,76.4975,Pharmaceutical Opioids,12.6,State Police
SZ001034,2024-05-09,2024,5,Haryana,Gurugram,29.5013,76.724,Ketamine,10.47,State Police
SZ001035,2023-08-27,2023,8,Uttar Pradesh,Ghaziabad,27.581,80.4358,Ketamine,0.7,DRI
SZ001036,2022-07-03,2022,7,Punjab,Tarn Taran,30.4806,75.577,Opium,26.22,Customs
SZ001037,2019-09-11,2019,9,Gujarat,Surat,22.7061,71.345,Heroin,4.12,Coast Guard
SZ001038,2023-03-27,2023,3,Assam,Guwahati,25.6166,93.096,Cannabis (Ganja),27.0,State Police
SZ001039,2024-11-27,2024,11,Gujarat,Porbandar,22.0799,71.7552,Cannabis (Ganja),61.93,State Police
SZ001040,2021-05-03,2021,5,Punjab,Ferozepur,31.3874,75.4191,Cannabis (Ganja),8.0,BSF
SZ001041,2018-10-22,2018,10,Punjab,Amritsar,30.6252,75.3253,Ketamine,0.74,Customs
SZ001042,2022-02-01,2022,2,Haryana,Sirsa,28.3364,76.2476,Charas/Hashish,2.55,Customs
SZ001043,2023-10-20,2023,10,Punjab,Ferozepur,30.5416,74.9222,Cannabis (Ganja),145.4,NCB
SZ001044,2019-02-06,2019,2,Delhi,East Delhi,28.4512,77.8162,Pharmaceutical Opioids,6.26,NCB
SZ001045,2021-10-20,2021,10,Uttar Pradesh,Lucknow,27.043,80.799,Cannabis (Ganja),24.11,State Police
SZ001046,2021-12-06,2021,12,Maharashtra,Pune,19.6064,76.1056,Ketamine,1.67,NCB
SZ001047,2021-06-07,2021,6,Delhi,North West Delhi,28.461,77.2768,Poppy Husk,139.76,NCB
SZ001048,2024-08-22,2024,8,Rajasthan,Kota,26.2485,74.1196,Poppy Husk,58.39,BSF
SZ001049,2018-02-08,2018,2,Rajasthan,Jaisalmer,26.3053,74.5773,Methamphetamine,3.24,State Police
SZ001050,2020-01-14,2020,1,Rajasthan,Kota,26.9796,74.0154,Cannabis (Ganja),551.04,Customs
SZ001051,2022-01-12,2022,1,Odisha,Koraput,21.0418,84.8898,Cannabis (Ganja),177.7,NCB
SZ001052,2020-09-25,2020,9,Mizoram,Aizawl,22.9843,93.4639,Charas/Hashish,2.57,NCB
SZ001053,2018-01-06,2018,1,Maharashtra,Nashik,19.802,75.8213,Methamphetamine,9.33,State Police
SZ001054,2022-12-21,2022,12,Madhya Pradesh,Neemuch,22.221,78.4785,Cannabis (Ganja),272.36,BSF
SZ001055,2020-02-02,2020,2,Gujarat,Bhavnagar,22.2025,71.9468,Pharmaceutical Opioids,4.47,State Police
SZ001056,2019-01-14,2019,1,Bihar,Gaya,25.4287,84.6993,Heroin,0.05,State Police
SZ001057,2021-01-23,2021,1,Andhra Pradesh,Guntur,16.6687,80.2913,Pharmaceutical Opioids,11.31,Customs
SZ001058,2023-11-23,2023,11,Uttar Pradesh,Ghaziabad,27.2065,80.9884,Cannabis (Ganja),98.05,Customs
SZ001059,2018-01-10,2018,1,Madhya Pradesh,Neemuch,23.59,78.5999,Pharmaceutical Opioids,9.39,NCB
SZ001060,2022-11-10,2022,11,Jammu and Kashmir,Jammu,33.2029,76.3637,Heroin,0.37,State Police
SZ001061,2020-01-03,2020,1,Maharashtra,Mumbai,19.0927,75.8398,Poppy Husk,45.85,BSF
SZ001062,2023-05-26,2023,5,Karnataka,Mysuru,15.8557,76.2812,Cocaine,12.89,BSF
SZ001063,2019-10-10,2019,10,Manipur,Imphal East,24.9409,93.6653,Cannabis (Ganja),75.6,NCB
SZ001064,2022-02-19,2022,2,Delhi,North West Delhi,29.2096,77.401,Methamphetamine,0.65,NCB
SZ001065,2020-06-24,2020,6,Delhi,East Delhi,28.0489,76.7261,Cannabis (Ganja),1.79,Coast Guard
SZ001066,2021-12-18,2021,12,Mizoram,Aizawl,22.7162,92.496,Opium,1.15,State Police
SZ001067,2022-05-08,2022,5,Manipur,Imphal East,24.6286,94.2566,Cannabis (Ganja),248.11,Customs
SZ001068,2019-07-13,2019,7,Tamil Nadu,Tirunelveli,11.9048,78.4437,MDMA,0.91,State Police
SZ001069,2024-06-04,2024,6,Manipur,Imphal East,25.222,94.0847,Opium,50.88,DRI
SZ001070,2020-02-24,2020,2,Bihar,Patna,25.2763,84.9609,Poppy Husk,47.76,State Police
SZ001071,2021-09-04,2021,9,Punjab,Amritsar,31.1436,75.5404,Heroin,4.37,NCB
SZ001072,2021-01-26,2021,1,Rajasthan,Jodhpur,26.2997,74.569,Cannabis (Ganja),131.45,NCB
SZ001073,2018-05-04,2018,5,Manipur,Imphal East,25.4158,93.862,Cannabis (Ganja),81.17,BSF
SZ001074,2018-04-07,2018,4,Manipur,Imphal West,25.2453,94.1958,Cannabis (Ganja),76.67,State Police
SZ001075,2022-05-12,2022,5,Mizoram,Aizawl,22.6339,93.2234,Heroin,2.49,NCB
SZ001076,2024-12-27,2024,12,Rajasthan,Jaisalmer,27.4574,73.4779,Charas/Hashish,4.06,State Police
SZ001077,2024-05-07,2024,5,Rajasthan,Kota,27.193,74.6268,Poppy Husk,601.05,Customs
SZ001078,2020-12-15,2020,12,Manipur,Chandel,24.0938,94.0146,Cannabis (Ganja),94.65,NCB
SZ001079,2019-06-15,2019,6,Maharashtra,Nashik,18.9967,76.2592,Charas/Hashish,7.52,State Police
SZ001080,2019-03-21,2019,3,Uttar Pradesh,Agra,26.2658,80.3247,Pharmaceutical Opioids,7.64,NCB
SZ001081,2024-12-01,2024,12,Kerala,Kollam,10.5745,76.0038,Heroin,3.67,Customs
SZ001082,2023-11-27,2023,11,Punjab,Ludhiana,30.9745,74.6455,Methamphetamine,21.39,Customs
SZ001083,2018-11-07,2018,11,Assam,Dibrugarh,26.6604,93.6776,Cannabis (Ganja),211.93,NCB
SZ001084,2018-10-07,2018,10,Mizoram,Aizawl,23.1134,92.7232,Cannabis (Ganja),231.94,State Police
SZ001085,2020-03-16,2020,3,Madhya Pradesh,Bhopal,22.5049,78.7228,Methamphetamine,16.44,BSF
SZ001086,2021-05-27,2021,5,Uttar Pradesh,Ghaziabad,27.4103,80.3913,Heroin,1.94,Customs
SZ001087,2024-11-09,2024,11,Manipur,Churachandpur,25.3344,94.1042,Heroin,7.7,State Police
SZ001088,2024-03-02,2024,3,Punjab,Tarn Taran,31.8696,76.127,Cannabis (Ganja),136.6,State Police
SZ001089,2018-06-17,2018,6,Gujarat,Kutch,21.5872,71.0384,Opium,14.97,BSF
SZ001090,2018-03-05,2018,3,Andhra Pradesh,Anantapur,16.6045,79.9837,Cannabis (Ganja),15.09,NCB
SZ001091,2019-05-23,2019,5,Karnataka,Belagavi,15.8701,76.3949,Heroin,5.68,NCB
SZ001092,2019-09-16,2019,9,West Bengal,Malda,22.4648,88.566,Cannabis (Ganja),38.33,BSF
SZ001093,2018-10-04,2018,10,Delhi,East Delhi,28.9851,77.0517,Cannabis (Ganja),23.48,State Police
SZ001094,2018-07-02,2018,7,Mizoram,Lunglei,22.4355,92.7455,Opium,24.96,State Police
SZ001095,2021-10-22,2021,10,Odisha,Bhubaneswar,20.2361,84.3068,Opium,13.0,Coast Guard
SZ001096,2022-01-16,2022,1,Gujarat,Surat,22.5774,70.4264,Cannabis (Ganja),19.0,Customs
SZ001097,2023-05-07,2023,5,Mizoram,Lunglei,23.3979,93.1092,Cannabis (Ganja),101.93,NCB
SZ001098,2021-01-18,2021,1,Maharashtra,Nashik,19.3701,76.0335,Charas/Hashish,1.16,Coast Guard
SZ001099,2024-10-27,2024,10,Kerala,Kochi,10.9678,75.8177,Methamphetamine,11.17,DRI
SZ001100,2020-02-05,2020,2,Gujarat,Kutch,22.246,71.8748,Charas/Hashish,4.6,State Police
SZ001101,2023-11-07,2023,11,Mizoram,Lunglei,23.7118,93.0246,Heroin,3.81,NCB
SZ001102,2022-05-16,2022,5,Kerala,Kochi,11.1187,76.5336,Ketamine,2.18,Customs
SZ001103,2023-06-09,2023,6,Mizoram,Champhai,23.4831,93.1736,Charas/Hashish,1.73,NCB
SZ001104,2019-08-26,2019,8,Delhi,North West Delhi,28.5426,77.4789,Ketamine,2.67,State Police
SZ001105,2018-01-10,2018,1,Telangana,Hyderabad,18.5603,78.441,Cannabis (Ganja),43.17,State Police
SZ001106,2023-04-14,2023,4,Andhra Pradesh,Guntur,15.8372,80.1751,Cannabis (Ganja),60.74,State Police
SZ001107,2021-10-15,2021,10,Maharashtra,Nagpur,20.0788,75.3881,Opium,32.57,Customs
SZ001108,2022-09-15,2022,9,Maharashtra,Mumbai,20.4575,75.311,Cannabis (Ganja),110.48,Coast Guard
SZ001109,2019-07-16,2019,7,Odisha,Bhubaneswar,21.7074,85.7036,Heroin,2.18,NCB
SZ001110,2019-05-27,2019,5,Maharashtra,Pune,19.9434,75.7999,Cannabis (Ganja),47.78,NCB
SZ001111,2018-02-22,2018,2,Odisha,Ganjam,21.0256,85.5076,Cannabis (Ganja),256.29,NCB
SZ001112,2024-07-10,2024,7,Tamil Nadu,Chennai,11.5277,78.2635,Poppy Husk,166.84,State Police
SZ001113,2024-12-17,2024,12,Mizoram,Aizawl,23.3046,92.2714,Pharmaceutical Opioids,14.23,NCB
SZ001114,2018-10-27,2018,10,Punjab,Ferozepur,31.3684,75.5498,Cannabis (Ganja),104.66,NCB
SZ001115,2022-08-19,2022,8,Assam,Dibrugarh,26.3459,92.838,Methamphetamine,0.72,NCB
SZ001116,2019-07-26,2019,7,Karnataka,Bengaluru Urban,15.0082,75.13,Pharmaceutical Opioids,14.15,BSF
SZ001117,2021-01-26,2021,1,West Bengal,Nadia,22.3226,88.3654,Opium,1.78,NCB
SZ001118,2022-06-26,2022,6,Mizoram,Aizawl,22.9278,93.5119,Charas/Hashish,23.66,NCB
SZ001119,2024-02-24,2024,2,Andhra Pradesh,Visakhapatnam,16.0664,79.3801,Charas/Hashish,8.17,Customs
SZ001120,2021-07-04,2021,7,Andhra Pradesh,Anantapur,16.1167,79.1049,Pharmaceutical Opioids,2.93,NCB
SZ001121,2022-05-05,2022,5,Punjab,Ludhiana,30.5743,74.6317,Methamphetamine,2.83,State Police
SZ001122,2022-06-07,2022,6,Odisha,Koraput,21.1617,84.4927,MDMA,0.42,Customs
SZ001123,2018-09-03,2018,9,Manipur,Imphal West,24.0519,93.2277,Heroin,11.15,Customs
SZ001124,2019-07-23,2019,7,Punjab,Gurdaspur,30.8718,75.3849,MDMA,2.41,Customs
SZ001125,2018-09-03,2018,9,Rajasthan,Kota,26.9956,73.7102,Cocaine,0.49,NCB
SZ001126,2021-03-15,2021,3,Tamil Nadu,Tirunelveli,10.9573,78.1524,Heroin,5.08,BSF
SZ001127,2024-07-06,2024,7,Mizoram,Aizawl,23.373,92.5151,Pharmaceutical Opioids,16.51,NCB
SZ001128,2018-09-02,2018,9,Manipur,Imphal West,24.1287,94.282,Opium,11.25,BSF
SZ001129,2023-10-26,2023,10,Kerala,Kozhikode,11.1079,76.7324,Cannabis (Ganja),276.89,DRI
SZ001130,2020-04-18,2020,4,Gujarat,Porbandar,22.7539,71.3667,Heroin,3.82,NCB
SZ001131,2024-02-27,2024,2,Tamil Nadu,Chennai,11.0158,78.6611,Ketamine,1.8,NCB
SZ001132,2024-11-22,2024,11,Manipur,Imphal East,25.2309,94.4216,Heroin,23.43,State Police
SZ001133,2020-12-18,2020,12,Punjab,Ludhiana,31.6856,74.6617,Methamphetamine,5.99,Customs
SZ001134,2024-05-25,2024,5,Haryana,Sirsa,29.8066,76.7746,Ketamine,0.76,State Police
SZ001135,2022-02-07,2022,2,Uttar Pradesh,Varanasi,26.9673,80.1945,Cannabis (Ganja),73.69,DRI
SZ001136,2019-11-01,2019,11,Maharashtra,Nashik,19.1025,75.1536,Ketamine,11.6,State Police
SZ001137,2018-09-25,2018,9,Gujarat,Surat,22.1396,70.6351,Cannabis (Ganja),62.55,NCB
SZ001138,2018-03-27,2018,3,Punjab,Gurdaspur,30.5534,75.7483,Cannabis (Ganja),154.86,BSF
SZ001139,2023-08-14,2023,8,Karnataka,Mysuru,14.5228,75.6905,Ketamine,2.81,NCB
SZ001140,2024-02-01,2024,2,Punjab,Gurdaspur,31.3193,75.8275,Methamphetamine,1.92,NCB
SZ001141,2024-08-19,2024,8,Maharashtra,Pune,19.0731,75.8536,Cannabis (Ganja),345.17,NCB
SZ001142,2022-04-18,2022,4,Gujarat,Porbandar,22.3819,71.4194,Charas/Hashish,5.69,Coast Guard
SZ001143,2024-08-12,2024,8,Karnataka,Bengaluru Urban,15.9468,75.4235,Heroin,5.09,NCB
SZ001144,2021-12-21,2021,12,Assam,Dibrugarh,25.7915,93.552,Charas/Hashish,0.79,NCB
SZ001145,2021-04-02,2021,4,Tamil Nadu,Tirunelveli,11.4395,77.9961,Cannabis (Ganja),128.73,State Police
SZ001146,2023-05-15,2023,5,Kerala,Kozhikode,10.2391,76.522,Methamphetamine,1.92,Customs
SZ001147,2021-03-11,2021,3,Madhya Pradesh,Indore,23.1915,78.2031,Cannabis (Ganja),173.72,State Police
SZ001148,2024-08-07,2024,8,Gujarat,Ahmedabad,21.5319,70.6965,Heroin,0.48,State Police
SZ001149,2018-04-05,2018,4,Punjab,Amritsar,31.4515,75.7101,Heroin,7.76,NCB
SZ001150,2023-03-02,2023,3,Bihar,Gaya,24.7974,85.1205,Charas/Hashish,10.41,State Police
SZ001151,2019-12-06,2019,12,Punjab,Ferozepur,31.7648,75.8516,Heroin,1.38,BSF
SZ001152,2021-03-11,2021,3,Mizoram,Aizawl,23.1539,92.8681,Heroin,7.63,State Police
SZ001153,2023-03-26,2023,3,Karnataka,Bengaluru Urban,14.7926,75.6637,MDMA,0.05,BSF
SZ001154,2022-10-06,2022,10,Haryana,Faridabad,28.5961,76.1749,Heroin,1.24,Coast Guard
SZ001155,2018-05-21,2018,5,Uttar Pradesh,Kanpur,26.3033,80.3192,Methamphetamine,3.58,NCB
SZ001156,2022-05-15,2022,5,Odisha,Cuttack,20.951,84.3959,Charas/Hashish,4.19,BSF
SZ001157,2018-06-09,2018,6,Punjab,Tarn Taran,30.4204,75.8533,Heroin,15.79,Customs
SZ001158,2019-05-10,2019,5,Gujarat,Ahmedabad,21.7405,70.9555,MDMA,1.0,NCB
SZ001159,2020-08-10,2020,8,Rajasthan,Bikaner,27.458,73.4827,Ketamine,2.01,BSF
SZ001160,2021-01-01,2021,1,Assam,Guwahati,26.7202,93.1888,Pharmaceutical Opioids,7.97,Customs
SZ001161,2019-12-10,2019,12,Andhra Pradesh,Vijayawada,16.0687,80.0737,Methamphetamine,6.35,State Police
SZ001162,2020-11-24,2020,11,Karnataka,Bengaluru Urban,15.9442,75.3143,Heroin,6.56,NCB
SZ001163,2021-07-10,2021,7,Maharashtra,Pune,19.8045,75.8617,Pharmaceutical Opioids,0.94,NCB
SZ001164,2024-09-18,2024,9,Rajasthan,Jaisalmer,27.0337,73.5403,Heroin,1.81,Customs
SZ001165,2024-03-04,2024,3,Mizoram,Aizawl,23.5879,93.2698,Cannabis (Ganja),107.58,BSF
SZ001166,2023-04-16,2023,4,Gujarat,Porbandar,22.7703,70.7757,Cannabis (Ganja),5.28,State Police
SZ001167,2024-01-10,2024,1,Mizoram,Lunglei,23.1226,93.3313,Charas/Hashish,17.55,NCB
SZ001168,2020-03-13,2020,3,Manipur,Chandel,25.4224,93.1348,Charas/Hashish,1.1,NCB
SZ001169,2019-08-06,2019,8,Delhi,North West Delhi,29.4751,76.8387,Methamphetamine,1.16,State Police
SZ001170,2023-05-23,2023,5,Rajasthan,Jodhpur,26.6697,73.4391,Heroin,1.06,DRI
SZ001171,2024-08-17,2024,8,Assam,Dibrugarh,25.9358,92.6068,MDMA,0.64,NCB
SZ001172,2019-05-10,2019,5,Delhi,East Delhi,28.1646,76.8975,Charas/Hashish,4.04,State Police
SZ001173,2019-09-13,2019,9,Tamil Nadu,Chennai,10.9633,79.427,Cannabis (Ganja),41.0,NCB
SZ001174,2023-01-14,2023,1,Delhi,New Delhi,29.3964,76.4651,Heroin,0.65,State Police
SZ001175,2023-04-19,2023,4,Karnataka,Mysuru,16.1143,75.2533,Cannabis (Ganja),41.55,NCB
SZ001176,2019-11-24,2019,11,Jammu and Kashmir,Srinagar,34.1821,76.9416,Cocaine,2.91,NCB
SZ001177,2024-12-26,2024,12,Telangana,Nizamabad,17.3339,79.0192,Charas/Hashish,15.31,State Police
SZ001178,2020-09-13,2020,9,Odisha,Koraput,21.6894,85.4287,Cocaine,1.55,NCB
SZ001179,2021-09-22,2021,9,Punjab,Ferozepur,30.9709,75.7177,Heroin,0.05,DRI
SZ001180,2021-12-22,2021,12,Jammu and Kashmir,Poonch,34.4589,76.4142,Heroin,2.52,DRI
SZ001181,2021-02-16,2021,2,Gujarat,Porbandar,21.7307,71.5829,Cannabis (Ganja),350.39,State Police
SZ001182,2023-08-20,2023,8,Gujarat,Bhavnagar,21.6717,71.9216,Charas/Hashish,4.13,Customs
SZ001183,2023-09-20,2023,9,Karnataka,Mangaluru,14.6854,75.1499,Charas/Hashish,1.73,State Police
SZ001184,2022-10-01,2022,10,Bihar,Patna,24.6721,86.0699,Poppy Husk,48.73,Customs
SZ001185,2022-10-03,2022,10,Haryana,Gurugram,29.637,75.8652,Cannabis (Ganja),40.51,State Police
SZ001186,2020-06-24,2020,6,Maharashtra,Pune,20.4585,75.7782,Heroin,2.48,State Police
SZ001187,2019-01-09,2019,1,Maharashtra,Mumbai,19.4332,74.9276,Heroin,0.66,DRI
SZ001188,2020-11-24,2020,11,Rajasthan,Jaisalmer,27.5717,74.3111,Heroin,4.15,NCB
SZ001189,2020-09-26,2020,9,Tamil Nadu,Coimbatore,10.8445,78.0804,Heroin,10.96,State Police
SZ001190,2018-02-02,2018,2,Jammu and Kashmir,Srinagar,33.7418,77.2161,Cannabis (Ganja),498.39,NCB
SZ001191,2020-05-08,2020,5,Delhi,South Delhi,29.0912,76.5343,MDMA,0.19,State Police
SZ001192,2021-01-03,2021,1,Uttar Pradesh,Varanasi,27.3722,81.5785,Poppy Husk,711.03,NCB
SZ001193,2024-04-27,2024,4,Mizoram,Lunglei,22.5022,93.3118,Cannabis (Ganja),122.7,NCB
SZ001194,2024-04-17,2024,4,Odisha,Bhubaneswar,20.2214,84.4421,Cannabis (Ganja),13.21,State Police
SZ001195,2019-03-04,2019,3,Delhi,South Delhi,28.6544,76.3007,Heroin,1.0,BSF
SZ001196,2022-12-17,2022,12,Rajasthan,Bikaner,27.451,74.094,MDMA,0.53,State Police
SZ001197,2021-07-12,2021,7,Andhra Pradesh,Visakhapatnam,15.1249,79.6078,Cannabis (Ganja),27.63,NCB
SZ001198,2023-04-16,2023,4,Assam,Guwahati,25.4951,93.2575,Methamphetamine,0.05,Coast Guard
SZ001199,2023-08-21,2023,8,Tamil Nadu,Madurai,10.4484,77.9612,Methamphetamine,9.42,State Police
SZ001200,2023-06-10,2023,6,Mizoram,Lunglei,23.6733,92.4234,Cannabis (Ganja),9.83,State Police
SZ001201,2018-04-07,2018,4,Uttar Pradesh,Agra,27.3069,80.2258,Cannabis (Ganja),289.68,State Police
SZ001202,2024-01-22,2024,1,Punjab,Ferozepur,30.8553,75.6465,Poppy Husk,497.42,NCB
SZ001203,2020-05-22,2020,5,Jammu and Kashmir,Srinagar,33.0864,76.1693,MDMA,5.41,NCB
SZ001204,2021-03-08,2021,3,Manipur,Chandel,24.9744,94.4728,MDMA,0.42,State Police
SZ001205,2019-03-05,2019,3,Delhi,South Delhi,29.4741,77.3741,Charas/Hashish,0.4,Coast Guard
SZ001206,2024-08-06,2024,8,Manipur,Churachandpur,25.2867,93.9084,Heroin,4.77,NCB
SZ001207,2024-10-24,2024,10,Maharashtra,Mumbai,20.1332,75.5884,Heroin,2.79,State Police
SZ001208,2019-03-16,2019,3,Telangana,Warangal,18.7006,79.188,Opium,9.5,State Police
SZ001209,2019-09-02,2019,9,Rajasthan,Barmer,27.8185,74.5597,Charas/Hashish,7.09,Coast Guard
SZ001210,2021-05-27,2021,5,Delhi,New Delhi,28.7416,76.6583,Cannabis (Ganja),260.49,State Police
SZ001211,2019-01-11,2019,1,Gujarat,Surat,22.0806,71.7423,Cannabis (Ganja),150.14,State Police
SZ001212,2019-08-26,2019,8,Punjab,Amritsar,30.8462,75.6865,Opium,10.06,Customs
SZ001213,2024-01-02,2024,1,Telangana,Khammam,18.2134,78.795,MDMA,1.82,Coast Guard
SZ001214,2021-04-16,2021,4,Maharashtra,Pune,20.0385,75.6865,Methamphetamine,0.66,Customs
SZ001215,2023-09-15,2023,9,Odisha,Ganjam,20.2734,84.6503,Heroin,8.76,Customs
SZ001216,2021-01-27,2021,1,Manipur,Churachandpur,24.0382,93.5012,Cannabis (Ganja),4.99,Customs
SZ001217,2019-07-26,2019,7,Karnataka,Mangaluru,15.5029,74.9449,Heroin,3.29,Coast Guard
SZ001218,2020-02-18,2020,2,Kerala,Kozhikode,10.3592,76.5631,Opium,3.86,BSF
SZ001219,2022-07-16,2022,7,Assam,Cachar,26.8404,93.4279,Heroin,4.97,BSF
SZ001220,2021-12-16,2021,12,Rajasthan,Jodhpur,27.4713,74.495,Cannabis (Ganja),22.91,State Police
SZ001221,2018-07-05,2018,7,Maharashtra,Nashik,20.4951,75.6644,Charas/Hashish,3.35,NCB
SZ001222,2023-12-05,2023,12,Punjab,Amritsar,30.7725,75.5265,Heroin,1.22,State Police
SZ001223,2021-10-25,2021,10,Rajasthan,Kota,26.6726,74.211,Heroin,1.58,NCB
SZ001224,2019-03-25,2019,3,Telangana,Nizamabad,17.7964,78.8297,Pharmaceutical Opioids,2.25,DRI
SZ001225,2018-07-19,2018,7,West Bengal,Nadia,22.6298,87.8213,Heroin,0.3,BSF
SZ001226,2019-02-11,2019,2,Karnataka,Belagavi,14.7992,75.5437,Methamphetamine,1.31,State Police
SZ001227,2018-08-15,2018,8,Telangana,Nizamabad,17.9242,78.5394,Cannabis (Ganja),229.97,State Police
SZ001228,2019-05-16,2019,5,Maharashtra,Nashik,19.5863,75.0169,Methamphetamine,16.63,State Police
SZ001229,2024-03-05,2024,3,Manipur,Churachandpur,24.8931,93.5283,Heroin,10.56,State Police
SZ001230,2018-04-27,2018,4,Rajasthan,Bikaner,26.9401,74.9401,Cocaine,0.48,State Police
SZ001231,2020-11-07,2020,11,Jammu and Kashmir,Poonch,33.5655,75.8636,Cocaine,5.97,NCB
SZ001232,2023-07-21,2023,7,West Bengal,Malda,22.2177,88.3114,Opium,3.47,State Police
SZ001233,2021-02-14,2021,2,Karnataka,Bengaluru Urban,15.5655,75.8613,Heroin,0.5,DRI
SZ001234,2023-03-01,2023,3,Jammu and Kashmir,Poonch,33.6738,77.3194,Charas/Hashish,38.16,Customs
SZ001235,2023-07-26,2023,7,Rajasthan,Kota,26.4713,73.9773,Cannabis (Ganja),52.25,Customs
SZ001236,2021-05-26,2021,5,Karnataka,Bengaluru Urban,14.7764,76.1467,Pharmaceutical Opioids,3.58,NCB
SZ001237,2020-08-05,2020,8,Madhya Pradesh,Indore,22.513,79.3451,Charas/Hashish,5.42,NCB
SZ001238,2024-03-11,2024,3,Kerala,Kozhikode,11.3986,76.008,Heroin,8.32,State Police
SZ001239,2022-03-08,2022,3,Karnataka,Mangaluru,15.0395,76.4051,Heroin,1.47,State Police
SZ001240,2021-05-11,2021,5,Mizoram,Champhai,23.5979,92.8137,MDMA,2.99,NCB
SZ001241,2021-10-11,2021,10,Punjab,Ferozepur,31.4442,75.514,Charas/Hashish,4.09,DRI
SZ001242,2022-08-02,2022,8,Rajasthan,Jodhpur,26.9054,74.7036,MDMA,3.01,State Police
SZ001243,2018-06-07,2018,6,Gujarat,Porbandar,22.8592,71.6565,Methamphetamine,6.32,State Police
SZ001244,2020-12-26,2020,12,Rajasthan,Bikaner,26.5471,73.7311,Pharmaceutical Opioids,13.41,BSF
SZ001245,2020-08-07,2020,8,Rajasthan,Jodhpur,27.4642,74.1979,Methamphetamine,14.54,State Police
SZ001246,2022-12-14,2022,12,Jammu and Kashmir,Jammu,33.082,77.1482,Methamphetamine,3.46,State Police
SZ001247,2024-04-07,2024,4,Rajasthan,Bikaner,27.7704,74.8485,Cocaine,0.26,State Police
SZ001248,2023-07-23,2023,7,Maharashtra,Nashik,19.969,75.424,Methamphetamine,5.57,State Police
SZ001249,2019-04-14,2019,4,Madhya Pradesh,Indore,22.3999,78.3971,Charas/Hashish,8.17,NCB
SZ001250,2023-09-13,2023,9,Andhra Pradesh,Guntur,16.2329,80.5277,Charas/Hashish,6.21,Customs
SZ001251,2020-08-24,2020,8,Gujarat,Bhavnagar,21.7735,71.663,Heroin,1.2,NCB
SZ001252,2024-03-16,2024,3,Kerala,Kochi,10.2053,76.1551,Charas/Hashish,16.53,State Police
SZ001253,2024-10-26,2024,10,Madhya Pradesh,Gwalior,23.5673,78.6288,Charas/Hashish,1.41,DRI
SZ001254,2021-01-02,2021,1,Bihar,Muzaffarpur,24.4778,85.2617,Cannabis (Ganja),360.88,State Police
SZ001255,2023-11-22,2023,11,Jammu and Kashmir,Srinagar,33.2701,76.6781,Heroin,3.89,DRI
SZ001256,2022-06-19,2022,6,Mizoram,Champhai,23.156,92.4216,MDMA,1.14,State Police
SZ001257,2023-07-01,2023,7,Maharashtra,Mumbai,19.397,74.9655,Opium,1.52,NCB
SZ001258,2024-01-20,2024,1,Telangana,Hyderabad,18.7445,79.0509,Opium,21.12,NCB
SZ001259,2019-12-13,2019,12,Tamil Nadu,Tirunelveli,11.4842,78.4654,Cannabis (Ganja),44.01,BSF
SZ001260,2018-07-23,2018,7,Karnataka,Mysuru,15.3149,76.2468,Methamphetamine,12.84,State Police
SZ001261,2020-04-27,2020,4,Rajasthan,Jaisalmer,26.9655,74.7635,Heroin,7.47,State Police
SZ001262,2024-08-06,2024,8,Haryana,Faridabad,29.5773,76.3072,Methamphetamine,7.3,NCB
SZ001263,2023-06-05,2023,6,Gujarat,Surat,22.1366,71.3269,Heroin,1.11,NCB
SZ001264,2024-02-13,2024,2,Delhi,East Delhi,28.644,77.2951,Methamphetamine,10.5,NCB
SZ001265,2024-12-20,2024,12,Gujarat,Bhavnagar,21.7407,71.8904,Heroin,0.29,Coast Guard
SZ001266,2024-02-04,2024,2,Mizoram,Lunglei,22.8503,93.6442,Opium,1.43,BSF
SZ001267,2022-03-04,2022,3,Rajasthan,Bikaner,26.6855,73.889,Opium,9.17,NCB
SZ001268,2020-06-16,2020,6,Haryana,Karnal,28.4223,75.4046,Cannabis (Ganja),95.44,Customs
SZ001269,2020-04-27,2020,4,Tamil Nadu,Chennai,11.0181,78.3114,Heroin,0.9,State Police
SZ001270,2021-12-17,2021,12,Andhra Pradesh,Anantapur,15.1774,79.4406,Cannabis (Ganja),461.19,Customs
SZ001271,2020-01-03,2020,1,Delhi,New Delhi,29.1407,77.3165,Heroin,2.09,NCB
SZ001272,2019-08-25,2019,8,Karnataka,Mangaluru,15.7989,75.7203,Methamphetamine,0.5,State Police
SZ001273,2023-08-14,2023,8,Manipur,Imphal East,24.9581,94.1897,Cannabis (Ganja),192.63,State Police
SZ001274,2023-11-09,2023,11,Uttar Pradesh,Agra,26.4782,80.2032,Cannabis (Ganja),137.32,NCB
SZ001275,2021-12-25,2021,12,Andhra Pradesh,Anantapur,16.703,79.8412,MDMA,0.91,NCB
SZ001276,2020-02-22,2020,2,Mizoram,Aizawl,23.5877,93.5182,Heroin,4.44,BSF
SZ001277,2024-07-04,2024,7,Gujarat,Kutch,21.8471,71.7821,Heroin,3.11,State Police
SZ001278,2024-05-09,2024,5,Andhra Pradesh,Vijayawada,15.2766,79.199,Methamphetamine,0.15,NCB
SZ001279,2019-06-06,2019,6,Uttar Pradesh,Kanpur,27.3452,81.6366,Methamphetamine,0.61,Customs
SZ001280,2022-12-18,2022,12,Assam,Guwahati,26.0827,93.1273,Pharmaceutical Opioids,14.7,Coast Guard
SZ001281,2022-07-04,2022,7,Punjab,Ferozepur,30.6414,75.4325,Cannabis (Ganja),29.51,BSF
SZ001282,2020-02-07,2020,2,Jammu and Kashmir,Baramulla,33.7885,76.4024,Methamphetamine,12.6,NCB
SZ001283,2020-08-05,2020,8,Karnataka,Mangaluru,15.2791,75.6374,Cocaine,3.52,BSF
SZ001284,2024-08-23,2024,8,Haryana,Gurugram,28.8735,76.7913,Charas/Hashish,0.88,State Police
SZ001285,2024-12-03,2024,12,Kerala,Kochi,11.6302,75.8191,Opium,4.99,NCB
SZ001286,2022-10-15,2022,10,Haryana,Gurugram,29.7708,76.2546,Heroin,3.94,State Police
SZ001287,2024-11-27,2024,11,Mizoram,Aizawl,23.0817,92.4918,Opium,4.74,State Police
SZ001288,2020-11-08,2020,11,Assam,Cachar,26.5383,92.4946,Heroin,2.19,NCB
SZ001289,2024-04-15,2024,4,Telangana,Warangal,17.5993,79.5753,Methamphetamine,2.87,Coast Guard
SZ001290,2023-01-15,2023,1,Delhi,North West Delhi,27.9656,77.7068,Pharmaceutical Opioids,9.0,DRI
SZ001291,2023-02-16,2023,2,Kerala,Thiruvananthapuram,10.9549,76.8347,Cannabis (Ganja),142.17,Customs
SZ001292,2024-03-16,2024,3,Maharashtra,Nashik,19.1682,76.0079,Charas/Hashish,6.62,State Police
SZ001293,2023-12-15,2023,12,Haryana,Faridabad,29.5822,76.0798,Methamphetamine,0.06,BSF
SZ001294,2020-08-27,2020,8,Uttar Pradesh,Kanpur,27.5077,80.9795,Charas/Hashish,5.21,State Police
SZ001295,2024-11-09,2024,11,Assam,Cachar,26.3775,93.4277,Methamphetamine,3.98,BSF
SZ001296,2020-09-07,2020,9,Manipur,Imphal West,25.2552,93.7801,Heroin,0.72,NCB
SZ001297,2019-03-18,2019,3,Tamil Nadu,Chennai,11.2528,78.2284,Heroin,8.02,NCB
SZ001298,2020-04-25,2020,4,Gujarat,Bhavnagar,22.0785,71.9326,Cannabis (Ganja),228.62,NCB
SZ001299,2024-04-12,2024,4,Bihar,Gaya,24.6646,85.7148,Heroin,6.35,Customs
SZ001300,2019-08-20,2019,8,Andhra Pradesh,Vijayawada,16.4974,79.8829,Cannabis (Ganja),151.82,State Police
SZ001301,2020-09-13,2020,9,Gujarat,Bhavnagar,22.5357,70.6408,MDMA,0.22,State Police
SZ001302,2018-11-19,2018,11,Bihar,Patna,24.5764,85.7897,Opium,58.3,State Police
SZ001303,2020-05-20,2020,5,Manipur,Imphal East,24.9032,93.9071,Heroin,0.73,NCB
SZ001304,2021-12-19,2021,12,Delhi,North West Delhi,28.9822,76.4235,Pharmaceutical Opioids,25.56,DRI
SZ001305,2019-05-05,2019,5,Delhi,New Delhi,28.3523,76.5909,MDMA,1.54,DRI
SZ001306,2024-09-24,2024,9,Karnataka,Bengaluru Urban,14.7929,75.433,Pharmaceutical Opioids,11.13,NCB
SZ001307,2019-01-12,2019,1,Tamil Nadu,Chennai,10.5047,78.9651,Heroin,0.91,NCB
SZ001308,2019-09-21,2019,9,Rajasthan,Kota,27.6694,74.8221,Cannabis (Ganja),10.8,NCB
SZ001309,2023-03-09,2023,3,Maharashtra,Nashik,19.8914,74.9243,Pharmaceutical Opioids,34.79,BSF
SZ001310,2023-08-02,2023,8,Tamil Nadu,Coimbatore,11.8606,78.7888,Methamphetamine,14.22,State Police
SZ001311,2024-09-23,2024,9,Manipur,Chandel,24.8506,94.4934,Cannabis (Ganja),3.39,NCB
SZ001312,2024-05-14,2024,5,Uttar Pradesh,Varanasi,26.703,80.3377,Cannabis (Ganja),17.63,Customs
SZ001313,2022-08-02,2022,8,Assam,Cachar,25.5567,93.3168,Heroin,0.25,NCB
SZ001314,2019-05-04,2019,5,Odisha,Bhubaneswar,21.1828,85.5991,Heroin,3.42,NCB
SZ001315,2020-10-10,2020,10,West Bengal,Nadia,23.6095,87.6627,Heroin,0.74,State Police
SZ001316,2020-05-18,2020,5,Kerala,Kochi,10.2044,75.8673,Heroin,2.28,NCB
SZ001317,2023-09-07,2023,9,Tamil Nadu,Chennai,11.6512,79.0444,Poppy Husk,22.16,State Police
SZ001318,2023-09-20,2023,9,Manipur,Imphal East,23.9857,93.9109,Heroin,6.18,State Police
SZ001319,2019-06-24,2019,6,Madhya Pradesh,Bhopal,22.91,79.1088,Cannabis (Ganja),18.43,NCB
SZ001320,2021-10-02,2021,10,Gujarat,Surat,22.2402,70.8211,Cannabis (Ganja),50.8,State Police
SZ001321,2020-07-20,2020,7,Jammu and Kashmir,Jammu,34.0739,75.8595,Heroin,3.42,NCB
SZ001322,2020-02-26,2020,2,Delhi,New Delhi,28.4648,76.5151,Cannabis (Ganja),30.22,NCB
SZ001323,2018-04-07,2018,4,Uttar Pradesh,Agra,27.4304,80.6055,Charas/Hashish,0.46,DRI
SZ001324,2021-02-07,2021,2,Haryana,Faridabad,28.5217,76.1726,MDMA,2.13,State Police
SZ001325,2024-09-27,2024,9,Bihar,Bhagalpur,25.8801,86.0447,Cocaine,3.17,Coast Guard
SZ001326,2022-06-08,2022,6,Karnataka,Mangaluru,14.8839,75.556,Ketamine,0.11,State Police
SZ001327,2018-03-26,2018,3,Assam,Cachar,26.5079,92.5364,Cannabis (Ganja),3.01,State Police
SZ001328,2021-07-24,2021,7,Delhi,New Delhi,29.0072,76.3708,Heroin,3.07,Coast Guard
SZ001329,2024-08-18,2024,8,Haryana,Gurugram,28.3167,75.6812,Cannabis (Ganja),5.65,State Police
SZ001330,2019-06-17,2019,6,Mizoram,Champhai,22.6731,93.2547,Heroin,3.81,State Police
SZ001331,2021-01-09,2021,1,Tamil Nadu,Chennai,10.3946,78.0946,Heroin,2.34,State Police
SZ001332,2021-06-25,2021,6,Rajasthan,Bikaner,27.5404,74.1564,Cannabis (Ganja),25.81,BSF
SZ001333,2024-08-14,2024,8,Maharashtra,Nagpur,20.2507,75.1831,MDMA,0.85,State Police
SZ001334,2024-11-02,2024,11,Rajasthan,Jaisalmer,26.7012,74.3752,Heroin,10.77,NCB
SZ001335,2021-03-10,2021,3,Odisha,Cuttack,20.3743,85.4298,Cannabis (Ganja),50.45,NCB
SZ001336,2020-05-13,2020,5,Maharashtra,Nagpur,20.3437,75.9977,Methamphetamine,5.67,Coast Guard
SZ001337,2024-02-26,2024,2,Tamil Nadu,Coimbatore,10.6063,78.8429,Opium,9.04,State Police
SZ001338,2020-04-14,2020,4,Odisha,Ganjam,20.271,85.6114,Heroin,0.52,State Police
SZ001339,2023-09-17,2023,9,Haryana,Karnal,29.4148,75.4589,MDMA,0.89,Customs
SZ001340,2018-05-19,2018,5,Rajasthan,Jodhpur,26.3386,74.8384,MDMA,0.32,NCB
SZ001341,2024-09-07,2024,9,Punjab,Gurdaspur,30.7315,75.7484,Charas/Hashish,2.36,Coast Guard
SZ001342,2020-08-08,2020,8,Delhi,North West Delhi,27.941,77.5615,Heroin,3.34,NCB
SZ001343,2023-07-18,2023,7,Andhra Pradesh,Vijayawada,16.3094,78.9741,Cannabis (Ganja),40.06,NCB
SZ001344,2024-09-01,2024,9,Punjab,Tarn Taran,31.3944,75.0036,Charas/Hashish,7.48,BSF
SZ001345,2020-06-06,2020,6,Tamil Nadu,Tirunelveli,10.8762,77.9222,Methamphetamine,2.71,NCB
SZ001346,2018-10-05,2018,10,Punjab,Tarn Taran,31.7029,75.5381,Ketamine,5.17,State Police
SZ001347,2020-09-21,2020,9,Rajasthan,Bikaner,26.5931,74.5986,Poppy Husk,401.61,NCB
SZ001348,2018-12-05,2018,12,Punjab,Gurdaspur,30.3755,76.1208,Methamphetamine,8.34,State Police
SZ001349,2021-07-27,2021,7,Uttar Pradesh,Ghaziabad,26.5327,80.9291,Opium,25.52,NCB
SZ001350,2020-10-08,2020,10,Bihar,Gaya,24.4969,84.9348,Poppy Husk,330.03,State Police
SZ001351,2019-06-16,2019,6,Telangana,Nizamabad,18.6875,78.2451,Cannabis (Ganja),1.25,BSF
SZ001352,2018-03-20,2018,3,Karnataka,Mangaluru,15.4443,74.9895,Methamphetamine,3.94,NCB
SZ001353,2019-02-15,2019,2,Tamil Nadu,Chennai,11.6218,79.2074,Heroin,3.85,NCB
SZ001354,2024-08-10,2024,8,Manipur,Imphal West,24.4155,93.5522,Methamphetamine,30.75,Customs
SZ001355,2022-11-25,2022,11,Rajasthan,Jaisalmer,26.5465,74.9577,Methamphetamine,4.65,Customs
SZ001356,2024-10-15,2024,10,Assam,Guwahati,25.6454,92.8312,Charas/Hashish,1.44,State Police
SZ001357,2022-06-06,2022,6,Tamil Nadu,Chennai,11.7731,79.1497,Poppy Husk,353.67,NCB
SZ001358,2019-01-18,2019,1,Delhi,East Delhi,29.1217,76.8333,Opium,27.4,State Police
SZ001359,2023-12-16,2023,12,Bihar,Patna,24.9764,84.8887,Heroin,0.7,BSF
SZ001360,2021-11-08,2021,11,Odisha,Bhubaneswar,21.2921,84.4429,Cannabis (Ganja),36.03,Coast Guard
SZ001361,2024-04-18,2024,4,Rajasthan,Bikaner,26.849,73.5669,Heroin,2.15,NCB
SZ001362,2021-03-07,2021,3,Punjab,Amritsar,30.5817,75.0792,Methamphetamine,20.18,NCB
SZ001363,2023-03-14,2023,3,Maharashtra,Nagpur,20.2656,75.3919,Charas/Hashish,2.24,NCB
SZ001364,2020-05-19,2020,5,Telangana,Warangal,17.6755,78.4463,Methamphetamine,3.06,State Police
SZ001365,2023-10-06,2023,10,Mizoram,Aizawl,22.4824,92.7882,Poppy Husk,348.54,State Police
SZ001366,2019-05-16,2019,5,Assam,Dibrugarh,26.7344,92.8151,Cannabis (Ganja),56.8,State Police
SZ001367,2019-07-06,2019,7,Assam,Guwahati,25.6331,93.7306,Cannabis (Ganja),192.51,Customs
SZ001368,2020-11-11,2020,11,Manipur,Churachandpur,24.9833,94.5324,Methamphetamine,3.36,State Police
SZ001369,2022-06-04,2022,6,Odisha,Cuttack,20.4951,84.7743,Methamphetamine,0.05,BSF
SZ001370,2020-12-11,2020,12,Mizoram,Champhai,23.8997,93.4907,Charas/Hashish,4.54,Coast Guard
SZ001371,2022-04-12,2022,4,Gujarat,Porbandar,21.7799,70.8108,Cannabis (Ganja),168.33,NCB
SZ001372,2023-11-15,2023,11,Bihar,Muzaffarpur,24.9237,85.7603,MDMA,1.15,NCB
SZ001373,2021-02-03,2021,2,Mizoram,Aizawl,23.4027,93.1225,Heroin,0.47,NCB
SZ001374,2020-09-23,2020,9,Rajasthan,Jodhpur,27.3702,74.3438,Ketamine,2.19,DRI
SZ001375,2022-07-07,2022,7,Rajasthan,Jaisalmer,26.9458,74.528,Heroin,0.92,Customs
SZ001376,2024-10-11,2024,10,Gujarat,Porbandar,22.7983,71.8433,Poppy Husk,19.91,Coast Guard
SZ001377,2023-05-02,2023,5,Karnataka,Belagavi,15.181,76.3546,Cannabis (Ganja),230.63,NCB
SZ001378,2020-08-21,2020,8,Rajasthan,Jodhpur,27.2147,74.3277,Ketamine,0.6,Customs
SZ001379,2020-12-08,2020,12,Odisha,Cuttack,20.908,84.4108,Opium,1.76,NCB
SZ001380,2018-06-16,2018,6,Haryana,Sirsa,28.6164,75.8933,Methamphetamine,0.16,State Police
SZ001381,2019-08-16,2019,8,Delhi,East Delhi,28.4787,77.8178,Heroin,4.78,NCB
SZ001382,2022-01-19,2022,1,Mizoram,Aizawl,23.371,92.6558,Cocaine,0.07,Customs
SZ001383,2022-09-26,2022,9,Gujarat,Surat,22.6392,71.1731,Heroin,4.27,NCB
SZ001384,2020-06-21,2020,6,Rajasthan,Kota,27.4041,74.4987,Cannabis (Ganja),184.71,Customs
SZ001385,2019-07-22,2019,7,West Bengal,Kolkata,23.6832,88.6568,Poppy Husk,116.75,State Police
SZ001386,2022-03-07,2022,3,Tamil Nadu,Tirunelveli,11.5895,78.3802,Heroin,2.53,Customs
SZ001387,2020-09-24,2020,9,Odisha,Bhubaneswar,20.2938,84.5028,Heroin,1.28,NCB
SZ001388,2021-06-08,2021,6,Assam,Cachar,26.877,93.1559,Ketamine,3.83,NCB
SZ001389,2022-11-17,2022,11,Jammu and Kashmir,Jammu,34.2108,76.601,Charas/Hashish,8.09,NCB
SZ001390,2018-04-07,2018,4,Punjab,Gurdaspur,30.7325,75.0514,Cannabis (Ganja),224.51,NCB
SZ001391,2021-08-13,2021,8,Mizoram,Champhai,23.6485,92.7257,Poppy Husk,39.16,State Police
SZ001392,2023-11-05,2023,11,Delhi,East Delhi,28.8743,77.4017,Cannabis (Ganja),16.75,NCB
SZ001393,2023-05-05,2023,5,Mizoram,Champhai,23.3066,93.4697,Heroin,1.87,State Police
SZ001394,2020-11-11,2020,11,Haryana,Karnal,29.5334,75.3085,Poppy Husk,48.16,State Police
SZ001395,2023-08-27,2023,8,Rajasthan,Barmer,26.6293,74.0332,Heroin,1.2,DRI
SZ001396,2021-05-13,2021,5,Rajasthan,Jaisalmer,27.3636,74.4086,Cannabis (Ganja),73.75,Coast Guard
SZ001397,2024-08-05,2024,8,Uttar Pradesh,Lucknow,27.6267,81.4562,Pharmaceutical Opioids,1.73,Customs
SZ001398,2024-07-12,2024,7,Odisha,Ganjam,21.3213,85.5023,Methamphetamine,3.44,NCB
SZ001399,2023-05-15,2023,5,Delhi,East Delhi,28.8537,76.5239,MDMA,6.3,State Police
SZ001400,2022-03-25,2022,3,Jammu and Kashmir,Baramulla,34.1373,76.6439,Poppy Husk,169.45,State Police
SZ001401,2019-03-11,2019,3,Gujarat,Surat,22.2973,71.0912,Heroin,0.92,BSF
SZ001402,2018-06-27,2018,6,Manipur,Churachandpur,25.0701,93.3151,MDMA,1.29,Customs
SZ001403,2019-06-01,2019,6,Gujarat,Kutch,21.6348,71.543,Cannabis (Ganja),16.62,NCB
SZ001404,2020-10-21,2020,10,Mizoram,Lunglei,22.5262,92.5245,Cannabis (Ganja),32.8,NCB
SZ001405,2024-04-19,2024,4,Manipur,Chandel,24.1736,93.396,Cannabis (Ganja),68.36,NCB
SZ001406,2019-08-26,2019,8,Rajasthan,Jodhpur,26.631,74.7912,Cocaine,4.06,State Police
SZ001407,2018-10-25,2018,10,Rajasthan,Barmer,27.0489,73.9858,MDMA,0.8,NCB
SZ001408,2019-05-07,2019,5,Telangana,Warangal,18.5319,78.9517,Cannabis (Ganja),245.78,DRI
SZ001409,2018-11-14,2018,11,Punjab,Ludhiana,30.6986,74.9828,Heroin,2.65,State Police
SZ001410,2018-08-18,2018,8,Delhi,South Delhi,28.663,76.8515,Opium,3.94,State Police
SZ001411,2023-08-04,2023,8,Gujarat,Surat,22.2689,71.2409,Cannabis (Ganja),180.55,Customs
SZ001412,2018-09-22,2018,9,Assam,Guwahati,25.594,93.2632,Pharmaceutical Opioids,2.21,State Police
SZ001413,2023-07-11,2023,7,Uttar Pradesh,Ghaziabad,26.7522,81.6266,Heroin,0.39,State Police
SZ001414,2024-12-11,2024,12,Delhi,North West Delhi,29.0798,77.4205,Charas/Hashish,0.3,Customs
SZ001415,2019-06-19,2019,6,Delhi,New Delhi,29.0284,76.5524,Heroin,9.07,State Police
SZ001416,2022-12-27,2022,12,Punjab,Tarn Taran,30.552,75.1679,Cannabis (Ganja),129.36,BSF
SZ001417,2022-04-24,2022,4,Jammu and Kashmir,Srinagar,33.2241,75.8968,Methamphetamine,10.14,State Police
SZ001418,2019-08-08,2019,8,Mizoram,Lunglei,22.9844,92.7597,Cannabis (Ganja),209.92,NCB
SZ001419,2019-08-27,2019,8,Bihar,Gaya,25.2742,85.5424,Cannabis (Ganja),348.33,Customs
SZ001420,2020-01-01,2020,1,Rajasthan,Jodhpur,27.3949,73.6874,Charas/Hashish,0.8,State Police
SZ001421,2023-05-20,2023,5,Maharashtra,Mumbai,20.0952,75.2288,Cannabis (Ganja),41.59,BSF
SZ001422,2023-12-09,2023,12,Telangana,Hyderabad,18.704,79.0456,Cocaine,0.4,NCB
SZ001423,2024-10-05,2024,10,Delhi,New Delhi,29.2219,77.5238,Charas/Hashish,18.16,State Police
SZ001424,2024-01-05,2024,1,West Bengal,Malda,22.8442,88.2957,Cannabis (Ganja),3.28,NCB
SZ001425,2024-01-05,2024,1,Mizoram,Champhai,22.5263,93.4923,Charas/Hashish,3.16,Customs
SZ001426,2024-01-01,2024,1,Rajasthan,Bikaner,27.3708,73.5327,Cocaine,0.21,NCB
SZ001427,2020-12-09,2020,12,Manipur,Chandel,24.3217,93.9979,Charas/Hashish,3.85,DRI
SZ001428,2021-01-24,2021,1,Delhi,North West Delhi,28.3866,77.5953,Cannabis (Ganja),51.21,BSF
SZ001429,2020-08-04,2020,8,West Bengal,Malda,22.3754,88.1065,Heroin,0.49,NCB
SZ001430,2020-05-07,2020,5,Punjab,Amritsar,30.7599,75.399,Heroin,0.21,Customs
SZ001431,2022-10-14,2022,10,Bihar,Gaya,24.9586,85.0338,Charas/Hashish,8.46,NCB
SZ001432,2023-06-02,2023,6,Rajasthan,Bikaner,26.3323,74.1055,Methamphetamine,0.71,NCB
SZ001433,2023-09-10,2023,9,Telangana,Khammam,17.4162,78.5762,Methamphetamine,4.35,NCB
SZ001434,2024-08-17,2024,8,Mizoram,Champhai,22.6355,92.2594,Charas/Hashish,11.03,BSF
SZ001435,2019-09-26,2019,9,Jammu and Kashmir,Jammu,33.3367,76.6009,Methamphetamine,5.65,Coast Guard
SZ001436,2022-04-15,2022,4,Bihar,Bhagalpur,24.9683,84.6467,Methamphetamine,1.18,NCB
SZ001437,2018-01-12,2018,1,Kerala,Kollam,10.5493,76.6913,Methamphetamine,0.05,State Police
SZ001438,2021-05-06,2021,5,Manipur,Chandel,24.6716,93.3819,Methamphetamine,0.91,NCB
SZ001439,2019-11-25,2019,11,Rajasthan,Kota,26.9327,74.9298,Heroin,6.74,Customs
SZ001440,2022-10-02,2022,10,Mizoram,Aizawl,22.8018,93.1453,Poppy Husk,167.35,NCB
SZ001441,2024-10-19,2024,10,Mizoram,Aizawl,22.7138,93.1465,Methamphetamine,2.76,Customs
SZ001442,2024-12-02,2024,12,Kerala,Thiruvananthapuram,10.2971,76.1968,Cannabis (Ganja),23.14,BSF
SZ001443,2020-09-27,2020,9,Manipur,Churachandpur,24.4214,94.5727,MDMA,1.16,State Police
SZ001444,2021-07-19,2021,7,Gujarat,Porbandar,22.313,71.1384,Cannabis (Ganja),285.91,BSF
SZ001445,2018-05-21,2018,5,Manipur,Imphal West,24.8005,93.3401,Cannabis (Ganja),49.62,NCB
SZ001446,2020-04-18,2020,4,Assam,Cachar,25.5398,92.9231,Methamphetamine,6.25,NCB
SZ001447,2022-09-24,2022,9,Mizoram,Lunglei,23.768,93.4202,Pharmaceutical Opioids,0.96,State Police
SZ001448,2019-08-25,2019,8,Rajasthan,Jodhpur,27.0253,74.1588,Cannabis (Ganja),109.73,State Police
SZ001449,2024-06-01,2024,6,Gujarat,Ahmedabad,22.3102,70.6649,Pharmaceutical Opioids,25.5,State Police
SZ001450,2024-05-25,2024,5,Telangana,Hyderabad,17.6857,79.6591,Cannabis (Ganja),144.66,NCB
SZ001451,2019-01-07,2019,1,Rajasthan,Jodhpur,27.468,73.8272,Heroin,2.81,Customs
SZ001452,2023-12-09,2023,12,Manipur,Imphal East,24.1603,94.047,Opium,10.92,Customs
SZ001453,2021-05-09,2021,5,Kerala,Kozhikode,10.652,75.8276,Heroin,0.73,State Police
SZ001454,2022-08-19,2022,8,Rajasthan,Kota,26.8542,74.9159,MDMA,0.87,Customs
SZ001455,2022-03-17,2022,3,Mizoram,Lunglei,23.8241,93.6585,Methamphetamine,14.56,State Police
SZ001456,2024-11-01,2024,11,Haryana,Faridabad,28.7323,75.766,Cocaine,0.47,State Police
SZ001457,2018-03-25,2018,3,Punjab,Tarn Taran,31.715,74.7211,Pharmaceutical Opioids,4.85,DRI
SZ001458,2021-12-03,2021,12,Tamil Nadu,Madurai,10.9922,79.2083,Heroin,8.66,State Police
SZ001459,2021-03-23,2021,3,Manipur,Chandel,25.1561,93.8292,Cocaine,2.79,NCB
SZ001460,2023-06-20,2023,6,Madhya Pradesh,Bhopal,22.5345,78.5027,Charas/Hashish,20.12,Customs
SZ001461,2020-10-24,2020,10,Rajasthan,Jaisalmer,27.4658,73.8809,Heroin,4.86,NCB
SZ001462,2019-02-20,2019,2,Gujarat,Kutch,21.5116,71.345,Cannabis (Ganja),25.46,Customs
SZ001463,2024-07-10,2024,7,Odisha,Bhubaneswar,20.2847,85.5961,Ketamine,1.06,State Police
SZ001464,2019-08-12,2019,8,Odisha,Cuttack,20.1502,84.712,Pharmaceutical Opioids,3.39,State Police
SZ001465,2024-08-02,2024,8,Madhya Pradesh,Neemuch,22.5189,79.0378,Cannabis (Ganja),61.28,NCB
SZ001466,2024-02-16,2024,2,Gujarat,Surat,22.2707,71.7572,Heroin,3.71,Customs
SZ001467,2019-03-04,2019,3,Punjab,Tarn Taran,31.1706,75.0638,Charas/Hashish,15.1,NCB
SZ001468,2021-11-15,2021,11,Gujarat,Ahmedabad,22.5257,70.6341,Pharmaceutical Opioids,9.29,Customs
SZ001469,2019-08-24,2019,8,Punjab,Ludhiana,31.1041,75.0342,Opium,3.42,DRI
SZ001470,2022-03-24,2022,3,Maharashtra,Mumbai,19.8339,75.0428,Cocaine,1.85,State Police
SZ001471,2024-10-06,2024,10,Manipur,Imphal West,24.7146,93.7129,Heroin,2.59,State Police
SZ001472,2024-12-12,2024,12,Mizoram,Aizawl,23.3294,92.5496,Heroin,6.62,NCB
SZ001473,2024-09-18,2024,9,Delhi,East Delhi,28.4629,77.884,Heroin,1.33,State Police
SZ001474,2024-12-17,2024,12,Andhra Pradesh,Vijayawada,15.753,79.6158,Cannabis (Ganja),66.12,DRI
SZ001475,2019-06-07,2019,6,Maharashtra,Mumbai,19.9683,75.4369,Opium,50.47,NCB
SZ001476,2021-10-21,2021,10,Manipur,Imphal East,25.1128,93.6954,Cocaine,2.14,State Police
SZ001477,2021-12-16,2021,12,Kerala,Kollam,11.5092,76.9408,Cannabis (Ganja),161.63,NCB
SZ001478,2023-07-18,2023,7,Gujarat,Ahmedabad,22.8168,71.484,Pharmaceutical Opioids,15.5,NCB
SZ001479,2019-09-26,2019,9,Rajasthan,Kota,26.6608,74.9942,Opium,24.47,Customs
SZ001480,2023-04-16,2023,4,Karnataka,Belagavi,15.3521,75.3479,Pharmaceutical Opioids,14.63,NCB
SZ001481,2023-05-22,2023,5,Tamil Nadu,Madurai,11.3965,77.8752,Cannabis (Ganja),30.42,Customs
SZ001482,2021-08-16,2021,8,Mizoram,Lunglei,22.8104,92.8045,Charas/Hashish,14.2,BSF
SZ001483,2019-04-27,2019,4,Rajasthan,Kota,26.3855,74.4844,Heroin,1.74,NCB
SZ001484,2019-02-20,2019,2,Manipur,Imphal West,25.385,93.6304,Pharmaceutical Opioids,0.42,State Police
SZ001485,2021-03-06,2021,3,Andhra Pradesh,Visakhapatnam,16.5366,79.3784,Methamphetamine,1.4,BSF
SZ001486,2022-12-09,2022,12,Rajasthan,Jaisalmer,27.269,73.7931,Heroin,0.42,State Police
SZ001487,2018-04-26,2018,4,Telangana,Khammam,18.5014,78.6943,Heroin,2.63,NCB
SZ001488,2020-12-16,2020,12,West Bengal,Kolkata,23.01,88.3509,Pharmaceutical Opioids,5.68,Customs
SZ001489,2021-10-02,2021,10,Kerala,Kollam,11.1221,76.0814,Methamphetamine,2.97,Coast Guard
SZ001490,2019-12-10,2019,12,Gujarat,Surat,21.8296,71.4404,Cannabis (Ganja),215.72,State Police
SZ001491,2021-04-24,2021,4,Rajasthan,Bikaner,26.6921,73.5722,Cannabis (Ganja),9.52,NCB
SZ001492,2018-12-04,2018,12,Telangana,Nizamabad,18.0077,79.2584,Ketamine,6.42,BSF
SZ001493,2024-03-02,2024,3,Rajasthan,Barmer,27.7318,73.9699,Poppy Husk,186.55,Customs
SZ001494,2019-03-06,2019,3,Jammu and Kashmir,Poonch,33.1063,77.1414,Opium,49.66,NCB
SZ001495,2024-05-05,2024,5,Uttar Pradesh,Lucknow,27.5358,81.4267,Opium,3.47,NCB
SZ001496,2020-08-11,2020,8,Maharashtra,Mumbai,19.6347,76.0611,MDMA,1.56,State Police
SZ001497,2020-02-08,2020,2,Rajasthan,Jaisalmer,26.6514,74.5327,Heroin,3.54,NCB
SZ001498,2018-11-09,2018,11,Manipur,Churachandpur,25.0872,93.2704,Heroin,1.48,Customs
SZ001499,2022-07-17,2022,7,Assam,Karimganj,26.6452,92.5711,Methamphetamine,13.43,Customs
SZ001500,2021-12-01,2021,12,Rajasthan,Barmer,27.619,73.4984,Heroin,7.2,State Police
SZ001501,2022-12-15,2022,12,West Bengal,North 24 Parganas,22.535,88.5453,Heroin,4.85,BSF
SZ001502,2020-07-20,2020,7,Haryana,Karnal,28.6849,75.6208,Cocaine,0.05,State Police
SZ001503,2020-11-25,2020,11,Haryana,Gurugram,28.364,76.3182,Heroin,2.89,Customs
SZ001504,2024-12-05,2024,12,Madhya Pradesh,Gwalior,22.7679,78.6849,Methamphetamine,0.85,NCB
SZ001505,2018-04-12,2018,4,Rajasthan,Bikaner,27.8145,74.3266,Cannabis (Ganja),369.51,State Police
SZ001506,2019-07-05,2019,7,Haryana,Gurugram,29.5352,75.3572,Charas/Hashish,2.81,State Police
SZ001507,2019-12-06,2019,12,Tamil Nadu,Chennai,10.3909,77.9838,Pharmaceutical Opioids,21.57,Customs
SZ001508,2022-11-24,2022,11,Assam,Guwahati,26.3821,93.5519,Cannabis (Ganja),26.45,NCB
SZ001509,2019-02-15,2019,2,Andhra Pradesh,Vijayawada,16.3499,79.52,Heroin,0.22,State Police
SZ001510,2019-07-18,2019,7,Karnataka,Belagavi,15.62,75.4199,Cannabis (Ganja),4.46,BSF
SZ001511,2020-11-12,2020,11,Jammu and Kashmir,Srinagar,34.1124,77.1035,Pharmaceutical Opioids,8.27,NCB
SZ001512,2022-11-16,2022,11,Rajasthan,Barmer,27.4846,73.98,Cannabis (Ganja),97.99,NCB
SZ001513,2024-10-22,2024,10,Tamil Nadu,Coimbatore,11.453,78.3609,Pharmaceutical Opioids,26.17,NCB
SZ001514,2020-12-08,2020,12,Mizoram,Aizawl,23.8548,92.9461,Pharmaceutical Opioids,1.19,Coast Guard
SZ001515,2022-08-04,2022,8,Maharashtra,Nagpur,20.4683,75.0667,Heroin,0.48,State Police
SZ001516,2018-08-17,2018,8,Punjab,Tarn Taran,31.1078,75.7278,Opium,24.27,DRI
SZ001517,2020-04-12,2020,4,Maharashtra,Pune,19.6634,75.8825,Cannabis (Ganja),179.19,Coast Guard
SZ001518,2021-06-08,2021,6,Mizoram,Lunglei,23.7097,92.7622,Charas/Hashish,2.06,NCB
SZ001519,2024-07-23,2024,7,Gujarat,Bhavnagar,23.0084,71.7424,Cannabis (Ganja),61.59,NCB
SZ001520,2023-03-21,2023,3,West Bengal,North 24 Parganas,23.1237,87.3823,Charas/Hashish,3.49,NCB
SZ001521,2020-01-03,2020,1,Delhi,North West Delhi,28.0113,77.3718,MDMA,0.09,State Police
SZ001522,2023-07-06,2023,7,Rajasthan,Bikaner,27.193,74.0511,Heroin,6.71,Customs
SZ001523,2022-01-20,2022,1,Jammu and Kashmir,Poonch,33.604,76.0846,Charas/Hashish,6.61,Coast Guard
SZ001524,2024-03-10,2024,3,Uttar Pradesh,Kanpur,26.667,81.2765,MDMA,1.22,Customs
SZ001525,2022-06-14,2022,6,Manipur,Chandel,24.4996,93.8348,Cannabis (Ganja),254.62,State Police
SZ001526,2019-11-07,2019,11,Telangana,Nizamabad,18.0286,78.8418,Heroin,16.94,NCB
SZ001527,2022-06-17,2022,6,Jammu and Kashmir,Baramulla,33.5678,76.5366,Heroin,0.18,NCB
SZ001528,2018-04-10,2018,4,Delhi,New Delhi,27.9072,77.4142,Heroin,1.18,BSF
SZ001529,2024-02-11,2024,2,West Bengal,Nadia,23.3432,88.5983,Charas/Hashish,0.45,Customs
SZ001530,2022-09-27,2022,9,West Bengal,Nadia,23.5193,87.2922,Heroin,0.48,State Police
SZ001531,2018-03-06,2018,3,Maharashtra,Nagpur,19.4372,76.4163,Cannabis (Ganja),87.96,State Police
SZ001532,2020-01-01,2020,1,Haryana,Faridabad,28.3539,76.2906,Methamphetamine,3.47,Customs
SZ001533,2019-07-07,2019,7,Rajasthan,Kota,27.4707,74.5766,Ketamine,4.31,DRI
SZ001534,2021-12-08,2021,12,Manipur,Imphal East,25.026,93.6804,Cocaine,2.68,NCB
SZ001535,2020-10-13,2020,10,Bihar,Gaya,24.9242,85.367,Charas/Hashish,8.16,NCB
SZ001536,2023-03-11,2023,3,Gujarat,Ahmedabad,22.1186,71.5387,Heroin,1.89,State Police
SZ001537,2020-11-10,2020,11,Kerala,Thiruvananthapuram,10.2061,75.554,Heroin,1.52,NCB
SZ001538,2023-08-15,2023,8,Rajasthan,Bikaner,27.2259,73.7152,Pharmaceutical Opioids,13.28,State Police
SZ001539,2024-12-27,2024,12,Uttar Pradesh,Agra,26.9501,80.3489,Cocaine,1.75,Customs
SZ001540,2020-12-14,2020,12,Karnataka,Bengaluru Urban,14.6953,75.2434,Heroin,1.08,NCB
SZ001541,2018-09-24,2018,9,Madhya Pradesh,Indore,22.2119,79.4023,Methamphetamine,2.2,NCB
SZ001542,2019-03-20,2019,3,Mizoram,Aizawl,23.4135,93.5945,Methamphetamine,2.39,Coast Guard
SZ001543,2024-06-19,2024,6,Uttar Pradesh,Varanasi,27.3742,80.3951,Heroin,0.39,NCB
SZ001544,2019-07-09,2019,7,West Bengal,Kolkata,23.7779,87.3215,Charas/Hashish,9.01,Coast Guard
SZ001545,2018-02-02,2018,2,Manipur,Churachandpur,25.3943,93.8514,Cannabis (Ganja),89.91,BSF
SZ001546,2019-02-17,2019,2,Rajasthan,Jodhpur,26.3715,73.542,Cannabis (Ganja),47.56,Customs
SZ001547,2019-12-01,2019,12,Maharashtra,Pune,20.343,76.2456,Cannabis (Ganja),24.94,NCB
SZ001548,2023-02-01,2023,2,Uttar Pradesh,Kanpur,26.7104,80.8225,Charas/Hashish,8.6,State Police
SZ001549,2024-07-02,2024,7,Jammu and Kashmir,Srinagar,33.6038,77.1057,Cannabis (Ganja),67.68,NCB
SZ001550,2022-05-17,2022,5,Haryana,Faridabad,29.3283,76.3381,Charas/Hashish,8.4,NCB
SZ001551,2022-05-24,2022,5,Assam,Guwahati,26.1312,93.0223,Heroin,2.76,Customs
SZ001552,2023-11-06,2023,11,Odisha,Koraput,20.5276,84.4834,Heroin,5.14,NCB
SZ001553,2019-12-20,2019,12,Delhi,East Delhi,28.2661,77.7087,Pharmaceutical Opioids,17.33,NCB
SZ001554,2018-07-11,2018,7,Kerala,Thiruvananthapuram,10.0757,76.2138,Cannabis (Ganja),99.27,Customs
SZ001555,2020-11-17,2020,11,Punjab,Ludhiana,30.6674,75.3569,Cannabis (Ganja),182.2,State Police
SZ001556,2021-12-22,2021,12,Manipur,Imphal East,25.2887,93.4644,Cannabis (Ganja),110.4,State Police
SZ001557,2024-07-01,2024,7,Haryana,Faridabad,28.266,76.8857,Opium,4.23,NCB
SZ001558,2022-03-25,2022,3,Telangana,Warangal,18.9095,79.4477,Poppy Husk,96.91,State Police
SZ001559,2018-03-26,2018,3,Odisha,Cuttack,20.9725,85.3527,Cannabis (Ganja),57.79,Customs
SZ001560,2024-02-25,2024,2,Jammu and Kashmir,Jammu,34.4895,76.0598,Cocaine,0.41,NCB
SZ001561,2022-07-13,2022,7,Delhi,East Delhi,28.3744,76.8153,Methamphetamine,0.78,NCB
SZ001562,2018-01-06,2018,1,Kerala,Kochi,11.624,76.5253,Heroin,5.68,State Police
SZ001563,2018-04-22,2018,4,Jammu and Kashmir,Jammu,33.7101,76.2901,Cannabis (Ganja),124.85,State Police
SZ001564,2018-11-24,2018,11,Uttar Pradesh,Varanasi,26.2353,80.3044,Methamphetamine,0.66,NCB
SZ001565,2024-02-17,2024,2,Punjab,Ludhiana,31.5076,75.7216,Methamphetamine,7.62,BSF
SZ001566,2023-02-22,2023,2,Tamil Nadu,Tirunelveli,10.4653,78.5305,Opium,2.09,NCB
SZ001567,2020-01-12,2020,1,Gujarat,Bhavnagar,22.1055,70.8721,Cannabis (Ganja),40.37,Customs
SZ001568,2018-11-14,2018,11,West Bengal,Nadia,23.6873,88.512,Heroin,4.26,NCB
SZ001569,2024-10-05,2024,10,Kerala,Kochi,10.0889,76.5244,Charas/Hashish,3.16,State Police
SZ001570,2024-12-14,2024,12,Gujarat,Porbandar,22.8507,71.6273,Poppy Husk,345.02,NCB
SZ001571,2019-11-14,2019,11,Punjab,Ludhiana,30.7105,75.286,Opium,8.09,State Police
SZ001572,2018-01-14,2018,1,Odisha,Cuttack,20.3359,84.6162,Heroin,6.58,Coast Guard
SZ001573,2020-09-18,2020,9,Gujarat,Kutch,22.0955,70.78,Cannabis (Ganja),67.89,State Police
SZ001574,2023-02-27,2023,2,Uttar Pradesh,Kanpur,26.5989,81.7073,Charas/Hashish,5.3,State Police
SZ001575,2024-12-23,2024,12,Gujarat,Porbandar,22.7863,71.1877,Cannabis (Ganja),43.64,NCB
SZ001576,2020-09-04,2020,9,Maharashtra,Nagpur,19.5873,76.2459,Methamphetamine,0.12,State Police
SZ001577,2018-12-06,2018,12,Maharashtra,Mumbai,19.9608,75.5021,Heroin,0.86,State Police
SZ001578,2022-06-04,2022,6,Gujarat,Bhavnagar,22.2311,70.4775,MDMA,0.74,State Police
SZ001579,2022-04-06,2022,4,Assam,Karimganj,25.6356,92.5329,Cannabis (Ganja),110.76,Customs
SZ001580,2018-12-04,2018,12,Tamil Nadu,Chennai,11.056,78.8953,Charas/Hashish,4.71,Customs
SZ001581,2019-05-22,2019,5,Haryana,Sirsa,29.6561,75.8453,Heroin,2.65,NCB
SZ001582,2024-11-06,2024,11,Mizoram,Aizawl,23.0021,93.1313,Methamphetamine,7.01,State Police
SZ001583,2018-06-24,2018,6,Maharashtra,Nagpur,19.8564,75.2814,MDMA,0.32,NCB
SZ001584,2019-05-22,2019,5,Odisha,Koraput,20.7396,84.8901,Cannabis (Ganja),112.23,Customs
SZ001585,2024-03-09,2024,3,Mizoram,Champhai,23.2783,93.1158,Heroin,3.22,Coast Guard
SZ001586,2019-12-08,2019,12,Mizoram,Champhai,22.5295,93.1093,Heroin,5.41,State Police
SZ001587,2019-01-27,2019,1,Karnataka,Mysuru,15.7163,76.354,Opium,2.65,NCB
SZ001588,2018-11-27,2018,11,Jammu and Kashmir,Poonch,33.1346,77.0659,Heroin,6.9,DRI
SZ001589,2020-04-25,2020,4,Maharashtra,Mumbai,20.4984,76.3937,Methamphetamine,0.42,NCB
SZ001590,2024-08-24,2024,8,Mizoram,Aizawl,22.4694,93.4104,Methamphetamine,0.68,State Police
SZ001591,2021-09-03,2021,9,Odisha,Ganjam,20.6797,84.4002,Cannabis (Ganja),110.46,DRI
SZ001592,2021-11-23,2021,11,Andhra Pradesh,Visakhapatnam,15.5589,79.5337,Cannabis (Ganja),78.65,NCB
SZ001593,2021-08-26,2021,8,Odisha,Bhubaneswar,21.203,85.1291,Charas/Hashish,12.49,NCB
SZ001594,2022-11-04,2022,11,Odisha,Ganjam,20.6686,85.6183,MDMA,1.47,NCB
SZ001595,2018-08-27,2018,8,West Bengal,Nadia,23.2379,87.0783,Cannabis (Ganja),37.07,DRI
SZ001596,2020-11-25,2020,11,Uttar Pradesh,Varanasi,27.1634,81.5443,Charas/Hashish,28.91,NCB
SZ001597,2018-12-27,2018,12,Punjab,Gurdaspur,31.6073,76.128,Opium,16.51,NCB
SZ001598,2023-07-09,2023,7,West Bengal,Malda,22.4532,88.4271,Pharmaceutical Opioids,13.23,BSF
SZ001599,2019-10-02,2019,10,Rajasthan,Jodhpur,26.4459,73.6291,Cannabis (Ganja),90.86,Customs
SZ001600,2019-01-07,2019,1,Uttar Pradesh,Lucknow,27.2675,80.3064,MDMA,0.96,State Police
SZ001601,2019-04-03,2019,4,Karnataka,Mysuru,16.0463,75.683,Cannabis (Ganja),72.45,State Police
SZ001602,2022-01-15,2022,1,Rajasthan,Barmer,27.4713,73.9067,Pharmaceutical Opioids,3.25,State Police
SZ001603,2023-08-15,2023,8,Jammu and Kashmir,Jammu,33.2933,76.6608,Pharmaceutical Opioids,16.03,DRI
SZ001604,2020-03-15,2020,3,Mizoram,Lunglei,22.5983,92.1847,Heroin,4.92,Customs
SZ001605,2021-03-20,2021,3,Delhi,East Delhi,27.9064,77.4013,Cannabis (Ganja),41.64,NCB
SZ001606,2019-02-09,2019,2,Gujarat,Porbandar,21.8492,70.4879,Heroin,0.56,BSF
SZ001607,2021-02-22,2021,2,Maharashtra,Nagpur,19.6934,76.4201,Methamphetamine,0.86,NCB
SZ001608,2022-05-27,2022,5,Gujarat,Kutch,21.7037,71.4162,Cannabis (Ganja),274.79,NCB
SZ001609,2021-02-01,2021,2,West Bengal,Kolkata,23.547,88.6478,Methamphetamine,11.97,State Police
SZ001610,2018-02-25,2018,2,Odisha,Bhubaneswar,20.8449,85.5128,Opium,30.55,Coast Guard
SZ001611,2020-07-10,2020,7,Karnataka,Mangaluru,15.4773,75.9178,Cocaine,2.79,Customs
SZ001612,2024-03-24,2024,3,Assam,Dibrugarh,26.3226,93.1332,Charas/Hashish,1.69,State Police
SZ001613,2020-02-05,2020,2,Jammu and Kashmir,Poonch,33.2882,76.4525,Pharmaceutical Opioids,3.22,State Police
SZ001614,2020-05-09,2020,5,Mizoram,Lunglei,23.4194,92.7437,Cocaine,3.83,NCB
SZ001615,2020-12-09,2020,12,Delhi,East Delhi,28.4906,76.9946,Charas/Hashish,8.31,Coast Guard
SZ001616,2022-03-11,2022,3,Rajasthan,Kota,26.2369,74.7632,Poppy Husk,141.68,Customs
SZ001617,2019-03-09,2019,3,Assam,Karimganj,25.8198,93.16,Cannabis (Ganja),136.25,NCB
SZ001618,2018-10-11,2018,10,West Bengal,Malda,22.6968,88.2945,Heroin,7.39,NCB
SZ001619,2018-08-07,2018,8,Assam,Karimganj,26.9402,92.2853,Cannabis (Ganja),102.91,Customs
SZ001620,2022-10-14,2022,10,Andhra Pradesh,Visakhapatnam,16.4513,79.36,Poppy Husk,485.01,Coast Guard
SZ001621,2020-11-01,2020,11,Telangana,Hyderabad,17.8574,79.2739,Heroin,10.24,State Police
SZ001622,2019-12-02,2019,12,Punjab,Tarn Taran,31.5308,75.8023,Cannabis (Ganja),81.65,Coast Guard
SZ001623,2021-07-24,2021,7,Delhi,New Delhi,28.8775,77.4935,Opium,18.18,NCB
SZ001624,2019-05-24,2019,5,Kerala,Kochi,10.8296,75.9002,Cannabis (Ganja),35.85,State Police
SZ001625,2024-07-26,2024,7,Gujarat,Kutch,22.184,71.72,Charas/Hashish,14.35,State Police
SZ001626,2019-08-04,2019,8,Manipur,Imphal West,24.0767,94.5662,Opium,38.9,State Police
SZ001627,2024-11-10,2024,11,Manipur,Imphal West,24.2945,94.359,Cannabis (Ganja),16.04,NCB
SZ001628,2019-05-13,2019,5,Andhra Pradesh,Guntur,16.0219,80.5255,Cannabis (Ganja),105.56,BSF
SZ001629,2024-02-16,2024,2,Andhra Pradesh,Anantapur,15.3831,80.147,Pharmaceutical Opioids,1.47,State Police
SZ001630,2020-06-16,2020,6,Delhi,East Delhi,28.9364,77.1142,Cannabis (Ganja),574.65,NCB
SZ001631,2021-05-27,2021,5,Haryana,Gurugram,28.2823,76.6876,Cannabis (Ganja),214.23,NCB
SZ001632,2022-10-02,2022,10,Telangana,Warangal,18.8349,79.4288,Opium,11.21,State Police
SZ001633,2022-12-01,2022,12,Manipur,Churachandpur,24.9887,94.0506,Cannabis (Ganja),5.35,Coast Guard
SZ001634,2022-11-13,2022,11,Assam,Karimganj,26.7631,92.6633,Methamphetamine,3.25,Customs
SZ001635,2020-10-16,2020,10,Jammu and Kashmir,Poonch,34.2462,77.0728,Cannabis (Ganja),18.04,NCB
SZ001636,2021-03-25,2021,3,Haryana,Faridabad,29.5934,76.8484,Methamphetamine,15.13,State Police
SZ001637,2023-05-26,2023,5,Gujarat,Porbandar,22.8616,71.164,Pharmaceutical Opioids,6.56,Coast Guard
SZ001638,2021-06-19,2021,6,Haryana,Karnal,29.5719,75.7624,Cannabis (Ganja),76.78,NCB
SZ001639,2023-03-05,2023,3,Manipur,Chandel,25.3141,94.0694,Pharmaceutical Opioids,50.35,NCB
SZ001640,2023-04-27,2023,4,Karnataka,Mysuru,16.1174,76.2512,Cannabis (Ganja),11.26,NCB
SZ001641,2022-01-23,2022,1,Tamil Nadu,Coimbatore,10.7698,78.5875,Cannabis (Ganja),30.07,NCB
SZ001642,2022-12-20,2022,12,Manipur,Imphal West,23.9227,94.4423,Methamphetamine,3.23,BSF
SZ001643,2022-12-05,2022,12,Telangana,Khammam,18.8385,79.494,Charas/Hashish,7.88,State Police
SZ001644,2020-06-10,2020,6,Uttar Pradesh,Agra,26.4498,81.2885,MDMA,1.48,State Police
SZ001645,2021-05-25,2021,5,Assam,Dibrugarh,26.0257,93.2448,Methamphetamine,9.9,NCB
SZ001646,2022-08-19,2022,8,Manipur,Churachandpur,25.2125,93.6078,Pharmaceutical Opioids,12.11,State Police
SZ001647,2024-09-27,2024,9,Madhya Pradesh,Gwalior,22.2455,78.3456,Cannabis (Ganja),71.51,Coast Guard
SZ001648,2023-02-11,2023,2,Haryana,Gurugram,28.8622,75.4868,Heroin,9.62,NCB
SZ001649,2023-03-16,2023,3,Rajasthan,Bikaner,27.7562,74.6304,Cannabis (Ganja),66.67,State Police
SZ001650,2023-01-19,2023,1,Kerala,Thiruvananthapuram,10.7884,76.1019,Charas/Hashish,3.17,NCB
SZ001651,2022-06-16,2022,6,Delhi,North West Delhi,29.0311,76.8326,Heroin,0.09,NCB
SZ001652,2021-04-06,2021,4,Punjab,Gurdaspur,31.8435,75.5889,Charas/Hashish,4.61,NCB
SZ001653,2019-10-21,2019,10,Uttar Pradesh,Kanpur,26.4367,81.6001,Charas/Hashish,1.47,DRI
SZ001654,2020-04-21,2020,4,Bihar,Bhagalpur,25.4155,86.0602,Cannabis (Ganja),93.96,State Police
SZ001655,2021-03-03,2021,3,Mizoram,Champhai,23.4536,92.5772,Ketamine,0.13,State Police
SZ001656,2021-05-15,2021,5,Maharashtra,Mumbai,19.4815,75.8458,Cocaine,1.85,BSF
SZ001657,2024-11-07,2024,11,Maharashtra,Pune,19.7197,75.8656,Opium,6.32,DRI
SZ001658,2023-05-14,2023,5,Maharashtra,Thane,20.2179,75.82,Heroin,12.71,Coast Guard
SZ001659,2022-11-02,2022,11,Delhi,South Delhi,29.3554,76.3814,Cannabis (Ganja),105.89,State Police
SZ001660,2023-09-23,2023,9,Karnataka,Belagavi,15.3172,75.9089,Methamphetamine,3.85,Coast Guard
SZ001661,2020-02-25,2020,2,Andhra Pradesh,Anantapur,16.3541,80.2802,Methamphetamine,19.18,NCB
SZ001662,2022-12-07,2022,12,West Bengal,Malda,23.4977,87.7976,Charas/Hashish,16.39,NCB
SZ001663,2022-11-22,2022,11,Manipur,Churachandpur,24.383,93.8094,Pharmaceutical Opioids,1.11,Customs
SZ001664,2018-02-22,2018,2,Madhya Pradesh,Indore,23.6107,79.104,Methamphetamine,25.42,NCB
SZ001665,2022-12-16,2022,12,Delhi,New Delhi,28.0821,77.5121,Pharmaceutical Opioids,21.94,DRI
SZ001666,2019-03-22,2019,3,Punjab,Gurdaspur,30.7787,75.0585,Charas/Hashish,0.91,NCB
SZ001667,2023-08-27,2023,8,Jammu and Kashmir,Srinagar,34.3431,77.3062,Cannabis (Ganja),133.21,State Police
SZ001668,2018-09-09,2018,9,Telangana,Hyderabad,18.7835,78.5695,Methamphetamine,4.56,Customs
SZ001669,2021-03-15,2021,3,Gujarat,Porbandar,21.4756,70.4806,Opium,5.9,NCB
SZ001670,2019-09-09,2019,9,Madhya Pradesh,Neemuch,22.8268,77.8669,Opium,7.47,State Police
SZ001671,2023-03-16,2023,3,Tamil Nadu,Chennai,10.3339,78.5925,Pharmaceutical Opioids,3.95,State Police
SZ001672,2021-04-17,2021,4,Madhya Pradesh,Bhopal,23.2777,78.8531,Cannabis (Ganja),12.39,Coast Guard
SZ001673,2021-08-19,2021,8,Bihar,Gaya,25.8933,85.1556,MDMA,2.15,Customs
SZ001674,2019-12-18,2019,12,Andhra Pradesh,Anantapur,15.3982,80.1316,Cannabis (Ganja),59.46,Customs
SZ001675,2022-02-10,2022,2,Mizoram,Lunglei,23.7735,92.8049,Cannabis (Ganja),32.75,State Police
SZ001676,2021-01-24,2021,1,Bihar,Patna,24.4516,85.4075,Heroin,4.3,DRI
SZ001677,2020-08-11,2020,8,Odisha,Cuttack,21.7303,84.977,Charas/Hashish,1.54,State Police
SZ001678,2019-03-22,2019,3,Punjab,Tarn Taran,30.4842,75.5255,Charas/Hashish,16.61,Customs
SZ001679,2022-07-26,2022,7,West Bengal,Malda,22.9254,88.0775,Ketamine,2.71,NCB
SZ001680,2024-12-06,2024,12,Gujarat,Ahmedabad,21.5838,70.4445,Cannabis (Ganja),40.6,NCB
SZ001681,2023-06-27,2023,6,Rajasthan,Jodhpur,26.7034,74.1121,Cannabis (Ganja),294.17,State Police
SZ001682,2020-08-01,2020,8,Delhi,South Delhi,29.28,76.3092,Pharmaceutical Opioids,28.79,Customs
SZ001683,2024-02-17,2024,2,Assam,Dibrugarh,25.6019,92.8675,Heroin,6.99,NCB
SZ001684,2024-05-16,2024,5,Rajasthan,Kota,27.6204,74.8882,Cannabis (Ganja),238.95,BSF
SZ001685,2020-08-23,2020,8,Jammu and Kashmir,Poonch,33.6741,76.2339,Heroin,2.26,State Police
SZ001686,2021-12-15,2021,12,Jammu and Kashmir,Poonch,33.1411,75.8577,Cannabis (Ganja),550.07,State Police
SZ001687,2020-05-24,2020,5,Mizoram,Champhai,23.0724,93.5695,Methamphetamine,1.91,Customs
SZ001688,2022-09-04,2022,9,Gujarat,Kutch,21.6614,70.8383,Heroin,6.69,BSF
SZ001689,2024-12-22,2024,12,Tamil Nadu,Chennai,11.4454,78.4175,Cocaine,2.31,NCB
SZ001690,2023-12-03,2023,12,Rajasthan,Barmer,27.4058,74.0815,Opium,83.36,NCB
SZ001691,2021-07-07,2021,7,Jammu and Kashmir,Baramulla,33.1538,75.9798,Cannabis (Ganja),68.76,State Police
SZ001692,2020-09-19,2020,9,Andhra Pradesh,Anantapur,15.1816,80.178,MDMA,1.29,NCB
SZ001693,2023-05-07,2023,5,Andhra Pradesh,Anantapur,15.3816,79.9231,Cocaine,0.25,NCB
SZ001694,2022-03-17,2022,3,Andhra Pradesh,Visakhapatnam,16.5683,79.0688,Methamphetamine,1.21,State Police
SZ001695,2020-03-04,2020,3,Kerala,Kozhikode,11.1158,76.4464,Opium,10.32,Customs
SZ001696,2023-12-18,2023,12,Maharashtra,Pune,19.4315,76.4077,Heroin,1.77,NCB
SZ001697,2018-02-04,2018,2,Punjab,Gurdaspur,31.6924,74.616,MDMA,0.68,State Police
SZ001698,2022-03-24,2022,3,Karnataka,Mysuru,15.603,75.1796,Cannabis (Ganja),73.24,Coast Guard
SZ001699,2023-02-02,2023,2,Maharashtra,Nashik,19.3956,75.9362,Pharmaceutical Opioids,24.98,DRI
SZ001700,2021-01-25,2021,1,Gujarat,Ahmedabad,22.241,71.8189,Heroin,9.3,State Police
SZ001701,2018-10-18,2018,10,Odisha,Koraput,21.6993,85.3333,Pharmaceutical Opioids,10.51,State Police
SZ001702,2022-04-17,2022,4,Assam,Karimganj,26.3911,92.6427,Heroin,1.12,NCB
SZ001703,2024-10-15,2024,10,Gujarat,Surat,21.8087,70.6356,Pharmaceutical Opioids,13.58,NCB
SZ001704,2022-03-08,2022,3,Rajasthan,Kota,26.7954,74.9954,Pharmaceutical Opioids,7.08,DRI
SZ001705,2024-10-25,2024,10,Karnataka,Belagavi,15.4065,75.714,Pharmaceutical Opioids,1.17,NCB
SZ001706,2018-10-08,2018,10,Punjab,Ludhiana,31.6504,75.5221,Heroin,3.65,Customs
SZ001707,2019-11-18,2019,11,Punjab,Gurdaspur,31.947,75.7923,Charas/Hashish,45.71,Customs
SZ001708,2022-03-04,2022,3,Mizoram,Aizawl,22.7457,92.5072,Cannabis (Ganja),118.24,State Police
SZ001709,2018-08-18,2018,8,Gujarat,Porbandar,21.9773,71.1433,Cannabis (Ganja),223.37,Customs
SZ001710,2020-04-20,2020,4,Karnataka,Bengaluru Urban,15.2414,76.3926,Cannabis (Ganja),75.12,DRI
SZ001711,2019-11-03,2019,11,Karnataka,Bengaluru Urban,15.3565,76.0972,Heroin,1.33,Customs
SZ001712,2022-03-26,2022,3,Bihar,Muzaffarpur,24.6672,85.3603,Pharmaceutical Opioids,12.94,Customs
SZ001713,2020-01-18,2020,1,Telangana,Khammam,17.3821,78.7951,Cannabis (Ganja),118.46,Customs
SZ001714,2019-03-17,2019,3,Uttar Pradesh,Kanpur,27.6279,80.4482,Charas/Hashish,36.48,Customs
SZ001715,2021-09-18,2021,9,Mizoram,Aizawl,23.6637,92.4001,Heroin,2.27,State Police
SZ001716,2022-02-09,2022,2,Tamil Nadu,Chennai,11.4823,78.9034,Pharmaceutical Opioids,12.62,Customs
SZ001717,2020-12-10,2020,12,Rajasthan,Barmer,27.1773,73.5945,Pharmaceutical Opioids,12.15,State Police
SZ001718,2018-01-04,2018,1,West Bengal,Nadia,22.7496,87.4624,Poppy Husk,197.44,State Police
SZ001719,2021-10-05,2021,10,Manipur,Churachandpur,25.1829,93.2919,Charas/Hashish,0.93,NCB
SZ001720,2019-05-15,2019,5,Manipur,Imphal East,24.0014,94.0328,Charas/Hashish,13.91,Customs
SZ001721,2024-08-09,2024,8,Rajasthan,Bikaner,26.8504,74.8927,Pharmaceutical Opioids,20.18,NCB
SZ001722,2023-02-24,2023,2,Assam,Dibrugarh,26.5617,92.4666,Pharmaceutical Opioids,0.43,Customs
SZ001723,2023-03-25,2023,3,Andhra Pradesh,Visakhapatnam,15.1368,79.2587,Opium,5.57,NCB
SZ001724,2020-06-15,2020,6,Delhi,South Delhi,28.8626,77.7672,Methamphetamine,1.24,NCB
SZ001725,2021-01-27,2021,1,Odisha,Koraput,21.5547,84.6608,Heroin,2.28,Customs
SZ001726,2019-09-21,2019,9,West Bengal,Malda,23.709,87.8471,Charas/Hashish,1.84,Customs
SZ001727,2023-02-05,2023,2,Gujarat,Bhavnagar,22.268,70.9478,Cannabis (Ganja),141.87,Customs
SZ001728,2021-11-21,2021,11,West Bengal,Malda,23.4989,87.6331,Opium,82.81,State Police
SZ001729,2019-11-04,2019,11,Haryana,Gurugram,29.7439,76.5737,Cannabis (Ganja),473.03,NCB
SZ001730,2018-01-12,2018,1,Jammu and Kashmir,Jammu,33.877,76.1406,Cannabis (Ganja),83.21,NCB
SZ001731,2021-01-20,2021,1,Karnataka,Belagavi,15.6536,75.6396,Cannabis (Ganja),32.32,NCB
SZ001732,2018-04-21,2018,4,Madhya Pradesh,Bhopal,22.1789,78.7507,Cannabis (Ganja),764.64,State Police
SZ001733,2018-10-03,2018,10,Assam,Karimganj,26.1974,93.0327,Ketamine,3.72,Customs
SZ001734,2024-12-23,2024,12,Karnataka,Mysuru,14.7087,76.2247,Cannabis (Ganja),8.17,State Police
SZ001735,2020-09-06,2020,9,Punjab,Amritsar,31.1777,74.549,Opium,34.43,State Police
SZ001736,2024-06-08,2024,6,Punjab,Amritsar,30.5055,75.2623,Ketamine,0.05,Customs
SZ001737,2020-07-23,2020,7,Haryana,Sirsa,29.7146,76.0581,Opium,5.9,Customs
SZ001738,2018-05-12,2018,5,Bihar,Patna,25.2042,85.907,Pharmaceutical Opioids,11.79,NCB
SZ001739,2022-05-08,2022,5,Jammu and Kashmir,Baramulla,33.0844,76.4436,Charas/Hashish,0.98,NCB
SZ001740,2018-02-05,2018,2,West Bengal,North 24 Parganas,22.5849,87.2803,Cannabis (Ganja),366.9,State Police
SZ001741,2020-09-12,2020,9,Kerala,Kollam,10.3906,75.8575,Opium,19.05,State Police
SZ001742,2022-03-09,2022,3,Gujarat,Bhavnagar,21.6636,71.0936,Heroin,0.92,NCB
SZ001743,2022-04-16,2022,4,Mizoram,Aizawl,23.0289,93.2574,Ketamine,1.83,BSF
SZ001744,2018-09-21,2018,9,Manipur,Chandel,23.9959,93.2806,Heroin,6.7,Customs
SZ001745,2023-07-14,2023,7,Andhra Pradesh,Visakhapatnam,16.4636,79.6049,Charas/Hashish,6.63,BSF
SZ001746,2018-11-02,2018,11,Punjab,Tarn Taran,30.4951,75.1376,Opium,1.71,NCB
SZ001747,2018-08-01,2018,8,West Bengal,Malda,22.8413,88.0419,Cocaine,0.95,State Police
SZ001748,2019-09-21,2019,9,Punjab,Gurdaspur,31.0971,75.2967,Cannabis (Ganja),140.41,Customs
SZ001749,2018-03-01,2018,3,Uttar Pradesh,Lucknow,26.7823,80.8137,Charas/Hashish,20.88,NCB
SZ001750,2023-06-03,2023,6,Gujarat,Ahmedabad,22.2956,70.4833,Pharmaceutical Opioids,1.87,Customs
SZ001751,2024-07-03,2024,7,Gujarat,Kutch,22.1664,70.4111,Heroin,13.39,State Police
SZ001752,2021-03-21,2021,3,Karnataka,Mangaluru,15.0373,76.0725,Methamphetamine,7.37,State Police
SZ001753,2024-04-19,2024,4,Gujarat,Ahmedabad,21.5483,71.9527,Cannabis (Ganja),35.07,State Police
SZ001754,2023-02-10,2023,2,Tamil Nadu,Coimbatore,11.4688,78.5516,MDMA,0.51,Coast Guard
SZ001755,2020-09-20,2020,9,Punjab,Gurdaspur,30.3909,75.6962,Pharmaceutical Opioids,13.06,BSF
SZ001756,2024-09-23,2024,9,West Bengal,Malda,22.9487,88.4169,Ketamine,1.69,BSF
SZ001757,2020-03-06,2020,3,Rajasthan,Jodhpur,26.4012,73.906,Ketamine,1.75,BSF
SZ001758,2018-02-09,2018,2,Delhi,East Delhi,28.1745,76.8002,MDMA,0.34,DRI
SZ001759,2019-06-05,2019,6,Manipur,Imphal West,24.5568,94.5398,MDMA,4.3,State Police
SZ001760,2018-09-10,2018,9,Bihar,Gaya,25.5103,85.5818,Ketamine,5.43,Coast Guard
SZ001761,2021-04-07,2021,4,Andhra Pradesh,Vijayawada,15.8682,79.2248,Opium,43.22,NCB
SZ001762,2018-09-24,2018,9,Bihar,Muzaffarpur,25.5803,85.1622,Heroin,1.61,Coast Guard
SZ001763,2022-07-05,2022,7,Rajasthan,Jaisalmer,27.275,74.9879,Heroin,2.9,Coast Guard
SZ001764,2021-07-16,2021,7,Bihar,Bhagalpur,25.5836,85.8197,Ketamine,3.07,BSF
SZ001765,2024-04-19,2024,4,Rajasthan,Barmer,27.2533,74.7452,Heroin,2.7,Coast Guard
SZ001766,2021-08-01,2021,8,Punjab,Gurdaspur,31.3498,75.453,Pharmaceutical Opioids,4.07,State Police
SZ001767,2022-09-19,2022,9,Assam,Karimganj,25.9203,93.3565,Cannabis (Ganja),37.47,NCB
SZ001768,2019-05-21,2019,5,Madhya Pradesh,Bhopal,22.6828,78.8797,Heroin,4.12,NCB
SZ001769,2024-07-26,2024,7,Karnataka,Mangaluru,14.8715,75.9224,Opium,17.51,State Police
SZ001770,2018-09-12,2018,9,Kerala,Kozhikode,10.4308,76.213,Cocaine,0.74,Coast Guard
SZ001771,2024-05-17,2024,5,Gujarat,Ahmedabad,21.5647,71.8682,Heroin,3.26,State Police
SZ001772,2020-02-16,2020,2,Manipur,Chandel,24.6459,94.0163,Heroin,6.7,Coast Guard
SZ001773,2021-03-11,2021,3,Gujarat,Bhavnagar,22.2612,71.2888,Heroin,9.45,State Police
SZ001774,2019-01-21,2019,1,Punjab,Ludhiana,31.8618,74.614,Cannabis (Ganja),135.98,State Police
SZ001775,2024-02-11,2024,2,Delhi,New Delhi,27.9563,77.8694,Cannabis (Ganja),359.46,Coast Guard
SZ001776,2022-10-22,2022,10,Gujarat,Bhavnagar,22.4664,70.6254,Cannabis (Ganja),79.21,NCB
SZ001777,2020-09-10,2020,9,Gujarat,Kutch,22.5007,70.5634,Heroin,1.93,Customs
SZ001778,2022-09-11,2022,9,Uttar Pradesh,Varanasi,27.4793,80.5799,MDMA,0.1,NCB
SZ001779,2021-03-05,2021,3,Assam,Guwahati,26.9646,92.882,MDMA,0.87,NCB
SZ001780,2019-12-05,2019,12,Madhya Pradesh,Neemuch,22.6919,78.3444,Heroin,1.83,State Police
SZ001781,2018-12-13,2018,12,Kerala,Kollam,10.6432,76.4693,Opium,6.48,Customs
SZ001782,2022-04-18,2022,4,Gujarat,Kutch,22.6601,71.5932,Ketamine,1.43,NCB
SZ001783,2020-09-12,2020,9,West Bengal,Kolkata,22.1911,87.8616,Cannabis (Ganja),143.7,NCB
SZ001784,2022-12-14,2022,12,Odisha,Cuttack,20.6513,85.4922,Opium,6.12,NCB
SZ001785,2024-08-07,2024,8,Karnataka,Mysuru,15.98,75.9906,Charas/Hashish,0.26,State Police
SZ001786,2020-08-17,2020,8,Tamil Nadu,Coimbatore,11.8641,79.287,MDMA,0.7,DRI
SZ001787,2022-04-20,2022,4,Karnataka,Belagavi,15.9069,75.2949,Methamphetamine,0.74,NCB
SZ001788,2023-03-06,2023,3,Punjab,Amritsar,30.8393,76.0459,Heroin,1.15,State Police
SZ001789,2018-03-12,2018,3,Maharashtra,Nagpur,19.1148,75.4196,Heroin,0.05,Customs
SZ001790,2022-12-17,2022,12,Punjab,Ferozepur,31.6208,75.9238,Pharmaceutical Opioids,2.87,DRI
SZ001791,2024-02-08,2024,2,Karnataka,Belagavi,16.0183,75.1591,Cannabis (Ganja),11.56,Customs
SZ001792,2023-11-03,2023,11,Uttar Pradesh,Agra,27.4906,80.4514,Methamphetamine,2.79,NCB
SZ001793,2024-01-11,2024,1,Gujarat,Ahmedabad,21.8548,70.7457,Cannabis (Ganja),133.49,Customs
SZ001794,2023-08-18,2023,8,Uttar Pradesh,Lucknow,27.4363,80.7332,Cannabis (Ganja),209.55,Customs
SZ001795,2023-07-08,2023,7,Uttar Pradesh,Ghaziabad,27.21,81.1225,Charas/Hashish,3.47,NCB
SZ001796,2024-11-09,2024,11,Punjab,Amritsar,31.2738,74.965,Cannabis (Ganja),7.5,Coast Guard
SZ001797,2022-01-01,2022,1,Andhra Pradesh,Vijayawada,15.4379,80.3794,Heroin,1.1,State Police
SZ001798,2024-10-15,2024,10,Gujarat,Porbandar,22.995,71.0687,Heroin,4.95,State Police
SZ001799,2019-04-20,2019,4,Manipur,Churachandpur,24.0139,93.7514,Pharmaceutical Opioids,11.13,NCB
SZ001800,2022-10-08,2022,10,Maharashtra,Nagpur,20.0207,76.3242,MDMA,1.45,Customs
SZ001801,2022-10-24,2022,10,Jammu and Kashmir,Baramulla,33.0662,77.2863,Cannabis (Ganja),168.96,NCB
SZ001802,2020-12-26,2020,12,Tamil Nadu,Coimbatore,11.7179,78.2985,Heroin,1.34,NCB
SZ001803,2018-10-19,2018,10,Jammu and Kashmir,Srinagar,33.9646,75.9782,Cannabis (Ganja),9.98,State Police
SZ001804,2024-11-15,2024,11,Maharashtra,Nagpur,20.2666,75.3345,Cannabis (Ganja),106.8,DRI
SZ001805,2020-04-02,2020,4,Maharashtra,Nagpur,20.3811,75.2954,Methamphetamine,2.15,NCB
SZ001806,2019-01-26,2019,1,Delhi,New Delhi,29.0969,76.6885,Methamphetamine,5.67,NCB
SZ001807,2020-10-04,2020,10,Manipur,Chandel,24.7285,93.1338,Cocaine,0.47,State Police
SZ001808,2024-05-20,2024,5,Uttar Pradesh,Lucknow,27.316,81.2115,Heroin,8.56,BSF
SZ001809,2020-03-13,2020,3,Karnataka,Mangaluru,15.505,75.4107,Charas/Hashish,17.86,BSF
SZ001810,2020-05-25,2020,5,Andhra Pradesh,Vijayawada,15.8768,80.4178,Cannabis (Ganja),87.93,NCB
SZ001811,2024-08-07,2024,8,Delhi,North West Delhi,29.1437,76.8537,Cannabis (Ganja),185.79,State Police
SZ001812,2022-03-16,2022,3,Manipur,Imphal East,25.1705,93.2029,Methamphetamine,0.11,BSF
SZ001813,2019-02-18,2019,2,Punjab,Amritsar,31.7782,75.3792,Cannabis (Ganja),125.56,State Police
SZ001814,2023-06-03,2023,6,Delhi,New Delhi,28.2427,77.2386,Cannabis (Ganja),23.19,NCB
SZ001815,2018-10-03,2018,10,Rajasthan,Jodhpur,27.3521,73.5151,Cannabis (Ganja),353.53,BSF
SZ001816,2020-12-19,2020,12,Uttar Pradesh,Ghaziabad,26.6127,80.4001,Methamphetamine,3.84,State Police
SZ001817,2024-05-23,2024,5,Haryana,Sirsa,29.3609,75.4649,MDMA,3.09,NCB
SZ001818,2022-11-27,2022,11,Punjab,Amritsar,30.7798,75.4533,Cannabis (Ganja),49.38,State Police
SZ001819,2018-10-16,2018,10,Gujarat,Surat,22.475,71.4669,Cannabis (Ganja),24.36,State Police
SZ001820,2021-06-08,2021,6,Karnataka,Mangaluru,14.673,76.4237,Poppy Husk,195.49,Customs
SZ001821,2018-07-03,2018,7,Rajasthan,Jodhpur,27.0338,73.7841,Pharmaceutical Opioids,6.77,State Police
SZ001822,2019-05-15,2019,5,Karnataka,Mangaluru,15.6433,76.0281,Cannabis (Ganja),71.71,State Police
SZ001823,2022-08-12,2022,8,Assam,Dibrugarh,25.4893,93.68,Ketamine,3.01,NCB
SZ001824,2022-06-25,2022,6,Jammu and Kashmir,Baramulla,34.1341,76.6202,Opium,7.04,State Police
SZ001825,2024-04-24,2024,4,Punjab,Ludhiana,30.8436,76.1257,Methamphetamine,5.37,NCB
SZ001826,2021-12-03,2021,12,Assam,Cachar,25.5733,93.4216,Cannabis (Ganja),138.11,State Police
SZ001827,2019-04-19,2019,4,Rajasthan,Jodhpur,27.0886,74.1925,Charas/Hashish,0.05,State Police
SZ001828,2018-08-10,2018,8,Punjab,Ludhiana,30.7952,74.8857,Methamphetamine,11.39,Customs
SZ001829,2021-07-26,2021,7,Punjab,Gurdaspur,31.2529,74.7784,Charas/Hashish,1.48,State Police
SZ001830,2018-12-17,2018,12,Mizoram,Aizawl,22.685,92.4739,Methamphetamine,27.72,NCB
SZ001831,2020-05-17,2020,5,Jammu and Kashmir,Srinagar,33.7003,76.7798,Heroin,1.17,Customs
SZ001832,2022-07-15,2022,7,Delhi,North West Delhi,29.1073,77.7746,Heroin,7.08,Customs
SZ001833,2020-06-04,2020,6,Gujarat,Kutch,21.4663,71.7454,Cannabis (Ganja),105.53,NCB
SZ001834,2023-04-17,2023,4,Mizoram,Aizawl,23.5722,93.5076,Heroin,10.1,NCB
SZ001835,2019-08-06,2019,8,Punjab,Ferozepur,31.898,75.4753,Methamphetamine,6.75,BSF
SZ001836,2019-05-22,2019,5,West Bengal,Nadia,22.5795,87.593,Methamphetamine,4.43,Coast Guard
SZ001837,2021-08-07,2021,8,Punjab,Tarn Taran,30.3747,75.7349,Heroin,2.77,Customs
SZ001838,2021-07-01,2021,7,Odisha,Bhubaneswar,20.5993,85.8149,MDMA,0.27,NCB
SZ001839,2018-12-24,2018,12,Maharashtra,Pune,20.365,76.119,Cannabis (Ganja),207.04,DRI
SZ001840,2022-02-04,2022,2,Punjab,Amritsar,30.8348,75.8643,Pharmaceutical Opioids,27.08,State Police
SZ001841,2024-08-16,2024,8,Rajasthan,Barmer,26.9095,74.5602,Heroin,1.45,State Police
SZ001842,2018-02-23,2018,2,Maharashtra,Pune,20.3268,74.9384,Charas/Hashish,8.85,BSF
SZ001843,2019-12-21,2019,12,Kerala,Thiruvananthapuram,11.6383,76.1368,Cocaine,4.9,State Police
SZ001844,2023-12-23,2023,12,Gujarat,Porbandar,23.0012,70.5826,MDMA,1.76,State Police
SZ001845,2023-07-25,2023,7,Assam,Dibrugarh,26.2516,93.2513,Heroin,0.79,State Police
SZ001846,2018-03-22,2018,3,Delhi,North West Delhi,28.6503,76.7246,Charas/Hashish,11.68,NCB
SZ001847,2020-09-07,2020,9,Punjab,Ferozepur,31.1671,75.1584,Poppy Husk,83.19,NCB
SZ001848,2024-12-13,2024,12,Punjab,Ferozepur,30.3545,75.6201,Methamphetamine,6.95,NCB
SZ001849,2018-11-07,2018,11,Manipur,Imphal West,23.8912,94.0489,Opium,8.07,State Police
SZ001850,2021-09-01,2021,9,Gujarat,Bhavnagar,22.2284,71.6456,Poppy Husk,26.65,Customs
SZ001851,2019-12-25,2019,12,Jammu and Kashmir,Baramulla,34.1271,75.7878,Methamphetamine,0.24,BSF
SZ001852,2022-04-12,2022,4,Tamil Nadu,Coimbatore,11.6217,79.1806,Poppy Husk,76.87,NCB
SZ001853,2022-03-02,2022,3,Punjab,Ferozepur,30.499,75.7828,Cannabis (Ganja),229.27,State Police
SZ001854,2018-10-20,2018,10,Manipur,Churachandpur,24.6871,94.0803,Methamphetamine,5.36,State Police
SZ001855,2024-06-11,2024,6,West Bengal,Malda,22.73,88.5569,Heroin,22.2,State Police
SZ001856,2023-03-04,2023,3,Punjab,Ludhiana,31.4624,75.3926,Ketamine,3.5,State Police
SZ001857,2024-02-02,2024,2,Manipur,Imphal West,25.4479,94.6181,Cannabis (Ganja),3.79,NCB
SZ001858,2023-07-12,2023,7,Maharashtra,Pune,20.1651,75.0539,Poppy Husk,353.93,Customs
SZ001859,2024-05-04,2024,5,Telangana,Hyderabad,17.4644,78.9865,Poppy Husk,126.96,NCB
SZ001860,2024-05-07,2024,5,Uttar Pradesh,Varanasi,27.1137,81.6951,Poppy Husk,9.13,Customs
SZ001861,2022-12-26,2022,12,Jammu and Kashmir,Poonch,33.4412,77.0987,Heroin,2.96,Customs
SZ001862,2024-06-03,2024,6,West Bengal,Nadia,22.7452,88.0684,Poppy Husk,11.76,NCB
SZ001863,2023-10-04,2023,10,Andhra Pradesh,Visakhapatnam,15.8954,79.1601,Heroin,1.61,NCB
SZ001864,2024-09-23,2024,9,Madhya Pradesh,Bhopal,22.4367,78.4612,Heroin,9.03,State Police
SZ001865,2020-08-16,2020,8,Haryana,Faridabad,29.5656,75.637,Poppy Husk,32.86,NCB
SZ001866,2018-06-21,2018,6,Jammu and Kashmir,Baramulla,33.9734,77.1604,Heroin,4.25,Coast Guard
SZ001867,2019-05-06,2019,5,Andhra Pradesh,Vijayawada,16.6389,79.4431,Charas/Hashish,0.57,NCB
SZ001868,2022-11-20,2022,11,Jammu and Kashmir,Baramulla,34.0121,76.1815,Heroin,5.54,Customs
SZ001869,2018-03-22,2018,3,Gujarat,Porbandar,22.3715,70.6745,Cannabis (Ganja),155.52,State Police
SZ001870,2021-02-24,2021,2,Gujarat,Porbandar,21.9104,70.5893,Methamphetamine,21.42,Customs
SZ001871,2024-08-18,2024,8,Assam,Karimganj,25.7764,92.2246,MDMA,0.52,State Police
SZ001872,2023-02-19,2023,2,Maharashtra,Pune,19.9525,75.6598,Charas/Hashish,27.8,BSF
SZ001873,2018-12-27,2018,12,Punjab,Ludhiana,30.7695,74.7864,Methamphetamine,0.07,Customs
SZ001874,2018-10-13,2018,10,Assam,Guwahati,25.5727,93.0969,Cannabis (Ganja),444.24,State Police
SZ001875,2020-12-08,2020,12,Assam,Karimganj,25.9851,92.5034,Charas/Hashish,12.47,NCB
SZ001876,2024-10-22,2024,10,Rajasthan,Kota,27.3628,73.9841,Cannabis (Ganja),210.75,State Police
SZ001877,2021-03-19,2021,3,Tamil Nadu,Chennai,11.4616,79.4532,Heroin,5.08,NCB
SZ001878,2024-03-18,2024,3,Tamil Nadu,Chennai,11.7982,79.1895,Poppy Husk,131.0,NCB
SZ001879,2024-04-19,2024,4,Maharashtra,Mumbai,19.0718,76.448,Cannabis (Ganja),149.06,State Police
SZ001880,2020-03-22,2020,3,Gujarat,Porbandar,21.9906,71.8311,Cocaine,1.96,Customs
SZ001881,2024-06-16,2024,6,Tamil Nadu,Coimbatore,11.7632,79.0439,Cannabis (Ganja),204.32,Customs
SZ001882,2021-10-06,2021,10,Manipur,Churachandpur,24.4159,94.6272,Opium,16.49,NCB
SZ001883,2018-04-16,2018,4,Madhya Pradesh,Indore,22.6824,78.93,Cannabis (Ganja),135.62,State Police
SZ001884,2020-04-03,2020,4,Punjab,Amritsar,31.4709,75.6536,Heroin,1.92,BSF
SZ001885,2020-07-19,2020,7,Kerala,Kollam,10.4502,77.0297,Cocaine,0.2,NCB
SZ001886,2024-08-09,2024,8,Punjab,Amritsar,30.9965,76.0956,Cannabis (Ganja),26.54,Customs
SZ001887,2020-04-13,2020,4,Manipur,Imphal East,24.974,94.5012,Cannabis (Ganja),22.22,BSF
SZ001888,2021-12-22,2021,12,Madhya Pradesh,Gwalior,22.8294,78.1866,Pharmaceutical Opioids,1.13,DRI
SZ001889,2020-10-19,2020,10,Haryana,Karnal,29.247,76.5588,Heroin,1.6,BSF
SZ001890,2020-09-13,2020,9,Maharashtra,Thane,19.4907,75.2288,Heroin,4.52,State Police
SZ001891,2019-11-08,2019,11,Tamil Nadu,Chennai,10.9152,78.1789,Pharmaceutical Opioids,7.69,DRI
SZ001892,2019-12-03,2019,12,Tamil Nadu,Chennai,10.5077,78.2274,Heroin,1.03,NCB
SZ001893,2021-06-02,2021,6,Uttar Pradesh,Ghaziabad,27.503,81.6857,Cannabis (Ganja),476.92,NCB
SZ001894,2022-11-04,2022,11,Gujarat,Bhavnagar,22.4298,71.6775,Heroin,0.43,NCB
SZ001895,2018-10-16,2018,10,Haryana,Gurugram,29.4485,76.3885,Heroin,13.06,Customs
SZ001896,2024-07-25,2024,7,Maharashtra,Nagpur,19.0254,74.9553,Methamphetamine,12.2,NCB
SZ001897,2024-10-13,2024,10,Assam,Karimganj,26.9825,93.3895,Cannabis (Ganja),4.83,State Police
SZ001898,2022-02-07,2022,2,Assam,Guwahati,25.7954,93.032,Heroin,1.06,NCB
SZ001899,2021-07-15,2021,7,Tamil Nadu,Madurai,10.3301,79.0391,Cannabis (Ganja),136.13,State Police
SZ001900,2018-07-20,2018,7,Gujarat,Bhavnagar,22.1599,71.4129,Cocaine,1.28,State Police
SZ001901,2021-07-06,2021,7,Gujarat,Porbandar,23.035,71.8211,Cannabis (Ganja),158.24,NCB
SZ001902,2019-12-24,2019,12,Jammu and Kashmir,Poonch,34.5543,75.9353,Heroin,5.54,Coast Guard
SZ001903,2024-02-03,2024,2,Mizoram,Aizawl,22.3834,92.5637,Pharmaceutical Opioids,12.34,NCB
SZ001904,2018-07-11,2018,7,Mizoram,Champhai,23.482,92.8765,MDMA,0.81,NCB
SZ001905,2022-02-10,2022,2,Gujarat,Surat,21.5881,71.8111,MDMA,4.75,DRI
SZ001906,2024-12-08,2024,12,Punjab,Amritsar,31.6579,75.8871,Cocaine,0.52,DRI
SZ001907,2022-01-05,2022,1,Telangana,Hyderabad,18.8083,79.3138,Heroin,1.04,NCB
SZ001908,2023-05-09,2023,5,Telangana,Warangal,18.3917,78.9609,Charas/Hashish,20.09,State Police
SZ001909,2020-07-20,2020,7,Punjab,Ferozepur,31.0368,75.2213,Cannabis (Ganja),48.2,NCB
SZ001910,2019-12-11,2019,12,Haryana,Sirsa,28.9578,75.9518,Heroin,5.56,BSF
SZ001911,2021-07-25,2021,7,Kerala,Kochi,11.2662,76.9085,Poppy Husk,415.21,DRI
SZ001912,2024-08-19,2024,8,Punjab,Tarn Taran,30.8882,75.8267,Opium,10.12,Customs
SZ001913,2019-08-02,2019,8,Gujarat,Bhavnagar,21.6924,70.543,Opium,14.99,NCB
SZ001914,2024-10-22,2024,10,West Bengal,North 24 Parganas,22.3687,88.4871,Methamphetamine,2.33,State Police
SZ001915,2022-07-04,2022,7,Rajasthan,Barmer,26.2842,74.1125,Heroin,7.87,Coast Guard
SZ001916,2020-02-01,2020,2,Telangana,Warangal,18.7384,79.3584,Charas/Hashish,1.89,State Police
SZ001917,2021-05-27,2021,5,Kerala,Kochi,11.4669,76.209,Cannabis (Ganja),95.6,NCB
SZ001918,2021-09-14,2021,9,Punjab,Tarn Taran,30.9406,75.5679,Cannabis (Ganja),53.15,BSF
SZ001919,2023-08-15,2023,8,Odisha,Cuttack,20.7094,85.8981,Cannabis (Ganja),22.67,NCB
SZ001920,2018-02-13,2018,2,Bihar,Patna,24.896,85.552,Cannabis (Ganja),47.5,State Police
SZ001921,2021-11-25,2021,11,Bihar,Patna,24.9667,85.4423,Heroin,1.66,State Police
SZ001922,2024-12-08,2024,12,Assam,Dibrugarh,26.1848,92.6191,MDMA,1.9,NCB
SZ001923,2021-10-06,2021,10,Uttar Pradesh,Varanasi,27.5688,80.9971,Methamphetamine,17.83,Customs
SZ001924,2022-09-12,2022,9,Manipur,Imphal East,24.6303,94.2483,Heroin,4.75,NCB
SZ001925,2018-02-03,2018,2,Delhi,South Delhi,29.2312,77.7471,Methamphetamine,5.42,NCB
SZ001926,2021-05-25,2021,5,Tamil Nadu,Chennai,10.8013,79.3058,Charas/Hashish,6.4,NCB
SZ001927,2022-03-27,2022,3,Madhya Pradesh,Gwalior,22.6204,79.0866,Heroin,1.14,Customs
SZ001928,2021-11-03,2021,11,Gujarat,Surat,22.8896,71.8072,Methamphetamine,16.45,NCB
SZ001929,2019-11-04,2019,11,Maharashtra,Nagpur,20.0607,76.4893,Cannabis (Ganja),162.92,State Police
SZ001930,2020-12-22,2020,12,Maharashtra,Mumbai,19.7701,76.163,Cannabis (Ganja),182.94,Coast Guard
SZ001931,2020-09-20,2020,9,Manipur,Imphal East,24.209,94.6624,MDMA,2.59,BSF
SZ001932,2024-07-14,2024,7,West Bengal,Nadia,22.2635,87.9386,Cannabis (Ganja),51.9,Customs
SZ001933,2023-04-13,2023,4,Rajasthan,Barmer,27.5663,73.6954,Poppy Husk,102.38,NCB
SZ001934,2021-12-22,2021,12,Tamil Nadu,Tirunelveli,11.2081,78.0445,Cannabis (Ganja),26.21,NCB
SZ001935,2023-04-15,2023,4,Rajasthan,Bikaner,27.081,74.1948,Opium,10.31,Customs
SZ001936,2019-03-22,2019,3,Bihar,Patna,25.1183,84.8261,Heroin,4.58,NCB
SZ001937,2022-01-19,2022,1,Punjab,Amritsar,30.8179,74.8031,MDMA,0.75,State Police
SZ001938,2021-05-03,2021,5,Jammu and Kashmir,Srinagar,33.5278,77.2098,Poppy Husk,246.63,BSF
SZ001939,2021-04-24,2021,4,Mizoram,Champhai,23.3555,93.3558,Charas/Hashish,3.63,DRI
SZ001940,2018-09-06,2018,9,Madhya Pradesh,Bhopal,22.193,79.0677,Charas/Hashish,3.76,State Police
SZ001941,2024-07-16,2024,7,Punjab,Tarn Taran,31.7928,74.6268,Heroin,0.99,State Police
SZ001942,2023-06-05,2023,6,Tamil Nadu,Madurai,10.4128,77.9932,Pharmaceutical Opioids,6.24,State Police
SZ001943,2024-10-10,2024,10,Punjab,Ferozepur,30.3986,75.6999,MDMA,3.72,DRI
SZ001944,2021-10-24,2021,10,Karnataka,Bengaluru Urban,14.8789,75.7301,Methamphetamine,7.86,State Police
SZ001945,2024-03-13,2024,3,Delhi,East Delhi,28.105,76.48,Cannabis (Ganja),31.06,State Police
SZ001946,2024-08-08,2024,8,Rajasthan,Kota,26.8081,73.9687,Heroin,16.2,NCB
SZ001947,2023-05-10,2023,5,Odisha,Ganjam,21.3968,85.4145,Ketamine,7.74,State Police
SZ001948,2022-05-01,2022,5,Andhra Pradesh,Guntur,15.9769,79.1181,Methamphetamine,2.61,NCB
SZ001949,2018-02-18,2018,2,Punjab,Amritsar,31.9192,75.8339,Opium,19.73,NCB
SZ001950,2021-12-10,2021,12,Manipur,Imphal East,24.8854,93.6814,Charas/Hashish,4.05,Customs
SZ001951,2024-11-22,2024,11,Maharashtra,Thane,19.7352,75.0504,Methamphetamine,5.84,Customs
SZ001952,2019-11-17,2019,11,Uttar Pradesh,Kanpur,27.6239,80.5415,Cannabis (Ganja),7.23,State Police
SZ001953,2023-02-15,2023,2,Odisha,Bhubaneswar,21.6777,85.7574,Charas/Hashish,7.72,NCB
SZ001954,2021-04-25,2021,4,Delhi,North West Delhi,29.3179,76.9051,MDMA,1.61,NCB
SZ001955,2022-05-01,2022,5,West Bengal,Malda,22.6225,87.876,MDMA,1.54,Customs
SZ001956,2023-10-16,2023,10,Rajasthan,Jodhpur,26.9027,73.7026,Heroin,9.19,NCB
SZ001957,2020-12-13,2020,12,Karnataka,Bengaluru Urban,15.1132,75.5918,Heroin,5.99,NCB
SZ001958,2022-07-15,2022,7,Manipur,Imphal East,24.597,93.9832,Heroin,2.72,NCB
SZ001959,2020-07-05,2020,7,Rajasthan,Bikaner,27.2702,74.0503,Cannabis (Ganja),10.63,NCB
SZ001960,2021-08-25,2021,8,Karnataka,Mangaluru,15.8255,75.0763,Heroin,4.23,State Police
SZ001961,2020-06-17,2020,6,Odisha,Bhubaneswar,21.504,85.6074,Methamphetamine,2.95,Customs
SZ001962,2024-08-17,2024,8,Odisha,Ganjam,20.3145,85.8189,Heroin,2.06,State Police
SZ001963,2021-03-09,2021,3,Assam,Karimganj,26.1989,92.5444,Methamphetamine,7.83,State Police
SZ001964,2024-09-25,2024,9,Manipur,Imphal West,23.9209,94.5905,Methamphetamine,0.74,DRI
SZ001965,2021-09-16,2021,9,Rajasthan,Kota,27.7922,73.6502,Poppy Husk,427.31,State Police
SZ001966,2022-12-12,2022,12,Jammu and Kashmir,Srinagar,33.9584,77.1555,Charas/Hashish,2.0,NCB
SZ001967,2022-07-14,2022,7,Rajasthan,Kota,26.6087,74.4513,Heroin,8.13,State Police
SZ001968,2022-10-19,2022,10,Manipur,Imphal West,24.5577,93.7981,Opium,10.83,State Police
SZ001969,2019-06-23,2019,6,Manipur,Churachandpur,24.8598,93.1882,Heroin,7.46,Customs
SZ001970,2024-01-26,2024,1,Delhi,North West Delhi,29.3707,77.3397,MDMA,2.55,BSF
SZ001971,2022-11-17,2022,11,Rajasthan,Bikaner,27.6735,73.4289,Poppy Husk,331.41,State Police
SZ001972,2018-02-21,2018,2,Tamil Nadu,Coimbatore,11.4323,78.0694,Cocaine,0.92,Coast Guard
SZ001973,2021-06-04,2021,6,Bihar,Muzaffarpur,24.7878,85.1546,Cannabis (Ganja),28.55,NCB
SZ001974,2023-04-05,2023,4,Odisha,Cuttack,20.4063,84.951,Cannabis (Ganja),27.17,Customs
SZ001975,2022-01-21,2022,1,Mizoram,Aizawl,23.5823,92.1782,Cannabis (Ganja),24.13,Coast Guard
SZ001976,2024-08-03,2024,8,Karnataka,Belagavi,15.2804,75.5377,Heroin,3.91,State Police
SZ001977,2024-08-20,2024,8,Punjab,Ludhiana,31.4516,74.6311,Charas/Hashish,13.83,Customs
SZ001978,2020-01-17,2020,1,Punjab,Ludhiana,31.3387,74.9974,Cannabis (Ganja),9.54,State Police
SZ001979,2024-09-27,2024,9,Maharashtra,Nagpur,19.4771,75.4818,Methamphetamine,0.56,NCB
SZ001980,2023-05-22,2023,5,Punjab,Amritsar,31.0454,74.7534,Poppy Husk,134.92,NCB
SZ001981,2020-11-09,2020,11,Mizoram,Champhai,23.0827,93.2963,Cannabis (Ganja),68.87,State Police
SZ001982,2021-01-21,2021,1,Delhi,New Delhi,28.3282,76.5226,Methamphetamine,6.34,NCB
SZ001983,2023-02-08,2023,2,Rajasthan,Jaisalmer,27.8109,74.9602,Methamphetamine,5.53,NCB
SZ001984,2019-10-25,2019,10,Rajasthan,Bikaner,27.0686,74.4015,Heroin,1.26,State Police
SZ001985,2024-07-18,2024,7,Karnataka,Mysuru,14.8767,76.4744,Ketamine,4.05,BSF
SZ001986,2024-04-11,2024,4,Bihar,Patna,25.698,85.8326,Cannabis (Ganja),40.07,DRI
SZ001987,2019-08-02,2019,8,Bihar,Gaya,24.5772,85.9748,Charas/Hashish,21.92,Customs
SZ001988,2024-09-17,2024,9,Maharashtra,Mumbai,19.5797,74.9302,Methamphetamine,2.95,State Police
SZ001989,2024-12-11,2024,12,Kerala,Thiruvananthapuram,10.1158,76.6683,Poppy Husk,42.44,BSF
SZ001990,2023-03-06,2023,3,Haryana,Karnal,29.1912,76.0696,Heroin,1.29,NCB
SZ001991,2023-07-11,2023,7,Manipur,Churachandpur,24.9548,93.5427,Cannabis (Ganja),127.52,NCB
SZ001992,2023-08-06,2023,8,Haryana,Sirsa,28.4616,75.5967,Opium,15.7,DRI
SZ001993,2023-03-21,2023,3,Mizoram,Champhai,22.4526,92.4039,Cocaine,0.88,DRI
SZ001994,2023-07-01,2023,7,West Bengal,North 24 Parganas,23.2545,87.6331,Methamphetamine,4.75,State Police
SZ001995,2023-01-19,2023,1,Punjab,Gurdaspur,30.7749,75.4718,Heroin,1.41,Coast Guard
SZ001996,2018-12-16,2018,12,Kerala,Kochi,11.2557,77.0124,Opium,4.31,NCB
SZ001997,2021-09-27,2021,9,Rajasthan,Kota,27.3367,75.0115,Heroin,0.38,NCB
SZ001998,2020-12-01,2020,12,Bihar,Bhagalpur,25.4094,84.9705,Charas/Hashish,2.6,State Police
SZ001999,2024-10-19,2024,10,Gujarat,Surat,22.7538,71.2976,Charas/Hashish,3.8,BSF
SZ002000,2020-04-09,2020,4,Maharashtra,Nagpur,20.5413,75.3083,Heroin,1.11,NCB
SZ002001,2022-05-26,2022,5,Maharashtra,Nagpur,19.2911,76.1875,MDMA,6.26,State Police
SZ002002,2024-04-25,2024,4,Manipur,Imphal East,24.3184,93.9347,Cannabis (Ganja),115.86,Customs
SZ002003,2023-12-27,2023,12,Punjab,Gurdaspur,30.851,75.3743,Ketamine,1.16,BSF
SZ002004,2020-03-18,2020,3,Haryana,Karnal,28.3731,76.0958,Ketamine,10.25,BSF
SZ002005,2022-06-25,2022,6,Punjab,Tarn Taran,31.6067,74.9931,Methamphetamine,0.34,Coast Guard
SZ002006,2018-09-27,2018,9,Manipur,Churachandpur,24.292,94.0523,Methamphetamine,1.44,DRI
SZ002007,2020-12-27,2020,12,Maharashtra,Mumbai,20.4479,75.1723,Cannabis (Ganja),1.07,BSF
SZ002008,2020-01-25,2020,1,Rajasthan,Kota,27.1673,73.7086,Cocaine,0.77,BSF
SZ002009,2018-07-22,2018,7,Punjab,Amritsar,30.9448,74.919,Pharmaceutical Opioids,15.97,NCB
SZ002010,2018-08-17,2018,8,Bihar,Muzaffarpur,25.7686,86.0614,Cannabis (Ganja),235.02,State Police
SZ002011,2021-08-02,2021,8,Karnataka,Bengaluru Urban,14.7067,75.2781,Methamphetamine,7.45,Customs
SZ002012,2023-06-20,2023,6,Rajasthan,Jaisalmer,26.8169,73.9947,Cannabis (Ganja),65.43,State Police
SZ002013,2018-11-21,2018,11,Kerala,Kollam,10.1711,76.3519,Cannabis (Ganja),89.13,State Police
SZ002014,2024-06-03,2024,6,Delhi,North West Delhi,28.7229,76.7231,Heroin,7.22,NCB
SZ002015,2022-11-14,2022,11,Rajasthan,Barmer,27.6389,73.5306,Cannabis (Ganja),38.78,Customs
SZ002016,2019-08-24,2019,8,Rajasthan,Barmer,27.6183,74.5856,Pharmaceutical Opioids,0.18,Customs
SZ002017,2024-07-15,2024,7,Karnataka,Mangaluru,15.8359,75.0423,Charas/Hashish,8.81,State Police
SZ002018,2020-05-07,2020,5,Karnataka,Bengaluru Urban,14.9789,75.5543,Cannabis (Ganja),80.43,State Police
SZ002019,2019-10-10,2019,10,Haryana,Sirsa,29.087,75.4017,MDMA,0.34,Customs
SZ002020,2020-01-01,2020,1,Mizoram,Lunglei,22.5397,93.1887,Cannabis (Ganja),67.49,Coast Guard
SZ002021,2019-01-05,2019,1,Delhi,North West Delhi,29.2886,77.8911,MDMA,1.69,NCB
SZ002022,2021-01-14,2021,1,Andhra Pradesh,Vijayawada,16.1921,79.9333,Cannabis (Ganja),82.49,NCB
SZ002023,2023-07-22,2023,7,Rajasthan,Jaisalmer,27.4657,74.6081,Heroin,0.49,NCB
SZ002024,2021-12-18,2021,12,Manipur,Churachandpur,25.3751,93.7048,Heroin,9.28,NCB
SZ002025,2024-01-02,2024,1,Punjab,Amritsar,30.6283,75.4382,Heroin,5.88,Customs
SZ002026,2021-12-17,2021,12,Delhi,East Delhi,27.9165,77.8109,Heroin,10.69,State Police
SZ002027,2018-04-04,2018,4,Uttar Pradesh,Kanpur,26.7822,81.5565,Cannabis (Ganja),85.79,BSF
SZ002028,2024-06-24,2024,6,Delhi,South Delhi,28.2172,76.6124,Pharmaceutical Opioids,3.95,BSF
SZ002029,2023-11-04,2023,11,Mizoram,Champhai,22.3913,93.2833,Cannabis (Ganja),66.35,DRI
SZ002030,2020-10-15,2020,10,Rajasthan,Barmer,26.3154,73.6235,MDMA,2.77,State Police
SZ002031,2023-03-16,2023,3,Delhi,North West Delhi,28.9082,77.3006,MDMA,4.59,NCB
SZ002032,2020-11-07,2020,11,Assam,Guwahati,25.8423,93.1897,Opium,0.05,State Police
SZ002033,2020-01-18,2020,1,Rajasthan,Bikaner,27.2019,75.0183,Charas/Hashish,2.07,State Police
SZ002034,2022-11-24,2022,11,Mizoram,Champhai,22.688,92.3252,Pharmaceutical Opioids,2.33,Customs
SZ002035,2018-11-25,2018,11,Punjab,Gurdaspur,31.057,75.7382,Cannabis (Ganja),185.59,State Police
SZ002036,2023-10-25,2023,10,Manipur,Churachandpur,24.6404,94.5503,MDMA,2.2,State Police
SZ002037,2019-10-01,2019,10,Haryana,Sirsa,29.2233,76.852,Methamphetamine,1.04,State Police
SZ002038,2022-10-01,2022,10,Delhi,New Delhi,27.9069,77.6525,Opium,3.16,Coast Guard
SZ002039,2023-11-01,2023,11,Rajasthan,Barmer,27.1996,73.8141,Cannabis (Ganja),94.47,NCB
SZ002040,2023-12-20,2023,12,Haryana,Sirsa,28.6512,76.3428,Poppy Husk,1.46,State Police
SZ002041,2018-10-21,2018,10,Rajasthan,Barmer,26.725,73.4578,Opium,2.77,BSF
SZ002042,2021-03-01,2021,3,Haryana,Faridabad,28.552,75.5603,Opium,0.5,NCB
SZ002043,2023-04-13,2023,4,Delhi,East Delhi,29.3014,76.3877,Cannabis (Ganja),22.09,NCB
SZ002044,2023-10-22,2023,10,West Bengal,North 24 Parganas,22.6517,87.969,Cannabis (Ganja),320.27,NCB
SZ002045,2024-01-19,2024,1,Delhi,New Delhi,29.0766,77.225,Cannabis (Ganja),716.32,Customs
SZ002046,2023-05-07,2023,5,Rajasthan,Jaisalmer,27.2206,74.2925,Poppy Husk,103.62,NCB
SZ002047,2019-10-26,2019,10,Delhi,New Delhi,28.8902,77.0532,Cannabis (Ganja),349.3,Customs
SZ002048,2022-12-16,2022,12,Kerala,Kollam,10.1634,75.7255,Opium,3.44,State Police
SZ002049,2022-01-10,2022,1,Haryana,Sirsa,29.4367,76.4498,Opium,10.8,Customs
SZ002050,2021-06-08,2021,6,Punjab,Ferozepur,30.5221,74.9292,Pharmaceutical Opioids,11.66,State Police
SZ002051,2022-02-17,2022,2,Haryana,Karnal,28.6449,76.5473,Cocaine,3.25,NCB
SZ002052,2019-06-16,2019,6,Madhya Pradesh,Indore,22.5979,78.7703,Cannabis (Ganja),145.79,NCB
SZ002053,2021-10-09,2021,10,Delhi,East Delhi,29.2873,76.9453,Cocaine,1.02,BSF
SZ002054,2021-03-10,2021,3,Jammu and Kashmir,Jammu,33.2774,76.1657,Methamphetamine,24.85,NCB
SZ002055,2019-09-16,2019,9,Kerala,Thiruvananthapuram,10.3356,75.9569,Methamphetamine,33.42,NCB
SZ002056,2019-07-06,2019,7,West Bengal,Malda,22.4466,87.6815,Methamphetamine,8.47,NCB
SZ002057,2018-05-19,2018,5,Delhi,East Delhi,27.9041,77.3259,Pharmaceutical Opioids,5.07,NCB
SZ002058,2024-07-17,2024,7,Karnataka,Bengaluru Urban,14.9192,75.7088,Opium,6.85,NCB
SZ002059,2019-06-14,2019,6,Odisha,Ganjam,20.9975,85.6563,MDMA,0.52,NCB
SZ002060,2021-02-06,2021,2,West Bengal,Malda,22.7264,87.3304,Poppy Husk,34.69,DRI
SZ002061,2022-01-03,2022,1,Bihar,Bhagalpur,24.4766,85.4013,Methamphetamine,8.13,BSF
SZ002062,2018-10-26,2018,10,Delhi,New Delhi,28.7715,76.6793,Heroin,4.26,NCB
SZ002063,2021-01-02,2021,1,Rajasthan,Bikaner,26.8802,73.4764,Heroin,1.8,State Police
SZ002064,2022-04-10,2022,4,Maharashtra,Thane,20.4537,75.2369,Cocaine,0.43,NCB
SZ002065,2022-10-03,2022,10,Gujarat,Porbandar,22.8879,71.923,Methamphetamine,6.99,Customs
SZ002066,2023-07-05,2023,7,Assam,Dibrugarh,25.6311,93.6751,Pharmaceutical Opioids,0.81,BSF
SZ002067,2021-12-01,2021,12,Kerala,Thiruvananthapuram,10.8697,76.002,Heroin,0.25,State Police
SZ002068,2018-10-20,2018,10,Karnataka,Belagavi,14.843,76.0859,Heroin,1.36,State Police
SZ002069,2018-04-21,2018,4,Uttar Pradesh,Lucknow,27.2316,80.49,Cannabis (Ganja),57.58,NCB
SZ002070,2021-04-14,2021,4,Delhi,South Delhi,28.6707,76.9303,Cocaine,0.76,NCB
SZ002071,2024-04-05,2024,4,Tamil Nadu,Madurai,11.8157,78.5346,Cocaine,2.04,State Police
SZ002072,2022-01-13,2022,1,Jammu and Kashmir,Baramulla,34.2623,76.2271,Cannabis (Ganja),62.1,NCB
SZ002073,2022-12-21,2022,12,Punjab,Amritsar,31.622,75.6949,Pharmaceutical Opioids,6.76,State Police
SZ002074,2024-05-06,2024,5,Karnataka,Mysuru,15.1657,75.781,Heroin,16.23,NCB
SZ002075,2024-09-24,2024,9,Madhya Pradesh,Indore,23.1643,78.9386,Poppy Husk,254.08,State Police
SZ002076,2019-12-10,2019,12,Assam,Cachar,26.5207,92.626,Methamphetamine,0.31,NCB
SZ002077,2024-03-18,2024,3,Andhra Pradesh,Vijayawada,15.2365,80.1851,Charas/Hashish,2.28,NCB
SZ002078,2024-02-04,2024,2,Haryana,Gurugram,29.1258,75.5773,Methamphetamine,8.61,Customs
SZ002079,2021-11-02,2021,11,Rajasthan,Jodhpur,27.0854,74.0643,Pharmaceutical Opioids,7.25,State Police
SZ002080,2024-02-07,2024,2,Delhi,North West Delhi,28.4829,77.7186,Cannabis (Ganja),227.0,NCB
SZ002081,2021-08-11,2021,8,Punjab,Gurdaspur,30.8776,75.1691,Cannabis (Ganja),74.19,State Police
SZ002082,2022-11-25,2022,11,Maharashtra,Thane,19.3162,76.1921,Cannabis (Ganja),64.18,NCB
SZ002083,2018-04-13,2018,4,Assam,Guwahati,25.8259,93.6991,Cannabis (Ganja),290.37,State Police
SZ002084,2020-09-05,2020,9,Gujarat,Porbandar,22.8576,70.4635,MDMA,0.19,NCB
SZ002085,2021-09-06,2021,9,Rajasthan,Bikaner,27.4387,74.3472,Cannabis (Ganja),6.07,Coast Guard
SZ002086,2023-05-05,2023,5,Manipur,Chandel,25.1877,93.4499,Poppy Husk,79.51,Customs
SZ002087,2021-11-18,2021,11,Bihar,Muzaffarpur,25.294,84.8877,MDMA,1.59,State Police
SZ002088,2022-11-06,2022,11,Delhi,South Delhi,28.7743,77.7337,Cannabis (Ganja),109.81,NCB
SZ002089,2021-07-17,2021,7,Manipur,Imphal East,24.082,94.1167,Heroin,1.06,Coast Guard
SZ002090,2021-06-14,2021,6,Punjab,Ludhiana,30.9996,75.7968,Methamphetamine,0.87,State Police
SZ002091,2024-05-15,2024,5,Kerala,Kozhikode,10.8033,76.4915,Heroin,2.51,NCB
SZ002092,2023-02-08,2023,2,Gujarat,Kutch,21.5933,71.5278,Methamphetamine,4.85,BSF
SZ002093,2021-01-22,2021,1,Madhya Pradesh,Bhopal,22.4813,78.9559,Opium,5.12,Customs
SZ002094,2024-08-10,2024,8,Jammu and Kashmir,Poonch,33.1311,75.8943,Opium,3.06,BSF
SZ002095,2021-06-15,2021,6,Rajasthan,Jodhpur,26.8282,74.187,Charas/Hashish,0.05,Coast Guard
SZ002096,2024-01-11,2024,1,Andhra Pradesh,Vijayawada,16.6509,79.2829,Heroin,2.43,NCB
SZ002097,2019-12-05,2019,12,Haryana,Gurugram,29.0579,76.8394,Cannabis (Ganja),63.68,NCB
SZ002098,2018-02-17,2018,2,Karnataka,Belagavi,16.0015,76.1161,Cocaine,4.91,Customs
SZ002099,2021-12-01,2021,12,Maharashtra,Mumbai,19.8998,75.4694,Charas/Hashish,7.66,NCB
SZ002100,2024-09-14,2024,9,Haryana,Sirsa,28.8798,76.757,Poppy Husk,275.96,State Police
SZ002101,2021-05-03,2021,5,Kerala,Kochi,10.8408,75.6534,Poppy Husk,54.07,State Police
SZ002102,2023-12-15,2023,12,Uttar Pradesh,Lucknow,26.3899,81.309,Heroin,0.06,Coast Guard
SZ002103,2019-07-20,2019,7,Delhi,New Delhi,28.0422,76.9994,Poppy Husk,418.26,DRI
SZ002104,2022-12-26,2022,12,Gujarat,Bhavnagar,22.2707,71.8761,Methamphetamine,4.37,State Police
SZ002105,2023-06-23,2023,6,Jammu and Kashmir,Poonch,33.0616,77.0748,Opium,12.7,State Police
SZ002106,2024-11-25,2024,11,Maharashtra,Thane,20.5125,76.3097,Pharmaceutical Opioids,17.27,NCB
SZ002107,2024-07-11,2024,7,Telangana,Warangal,17.3532,78.6628,Cocaine,2.5,Customs
SZ002108,2018-11-06,2018,11,Bihar,Bhagalpur,24.5267,84.6411,Methamphetamine,5.7,State Police
SZ002109,2020-11-14,2020,11,Assam,Cachar,26.7846,93.3601,MDMA,0.75,BSF
SZ002110,2018-08-04,2018,8,Manipur,Imphal East,24.5912,93.2053,Methamphetamine,6.48,NCB
SZ002111,2021-12-12,2021,12,Assam,Cachar,26.7318,92.459,Opium,31.96,Customs
SZ002112,2024-07-16,2024,7,Bihar,Muzaffarpur,25.3653,84.946,Heroin,1.28,DRI
SZ002113,2021-11-23,2021,11,Gujarat,Bhavnagar,22.851,71.2549,Opium,29.28,NCB
SZ002114,2022-05-08,2022,5,Jammu and Kashmir,Srinagar,33.136,76.636,Pharmaceutical Opioids,2.1,State Police
SZ002115,2020-12-07,2020,12,Mizoram,Champhai,22.6571,92.2673,Heroin,0.73,State Police
SZ002116,2023-03-21,2023,3,Bihar,Bhagalpur,24.9344,85.6806,Heroin,15.25,Customs
SZ002117,2024-07-13,2024,7,Gujarat,Bhavnagar,22.1841,71.6845,Methamphetamine,2.38,State Police
SZ002118,2019-11-27,2019,11,Manipur,Imphal West,25.3969,94.2092,Pharmaceutical Opioids,12.49,DRI
SZ002119,2024-03-13,2024,3,Rajasthan,Barmer,27.2285,73.9705,Cannabis (Ganja),289.1,State Police
SZ002120,2018-09-07,2018,9,Uttar Pradesh,Varanasi,26.7205,80.7634,Charas/Hashish,9.61,Customs
SZ002121,2019-05-27,2019,5,Rajasthan,Barmer,27.1739,74.7539,Heroin,3.52,Customs
SZ002122,2022-12-10,2022,12,Haryana,Faridabad,28.7041,75.509,Cannabis (Ganja),10.27,State Police
SZ002123,2020-09-03,2020,9,Andhra Pradesh,Guntur,15.9261,79.4221,Cannabis (Ganja),50.2,NCB
SZ002124,2021-06-16,2021,6,Telangana,Nizamabad,17.8806,79.7656,Heroin,1.38,NCB
SZ002125,2021-12-12,2021,12,Maharashtra,Pune,20.4819,75.0431,Cocaine,2.27,Customs
SZ002126,2023-12-23,2023,12,Maharashtra,Pune,20.099,75.1378,MDMA,1.79,NCB
SZ002127,2020-06-03,2020,6,Delhi,East Delhi,29.1572,77.4859,Methamphetamine,1.69,DRI
SZ002128,2020-10-01,2020,10,Karnataka,Mangaluru,15.8202,76.1792,Poppy Husk,109.73,Customs
SZ002129,2024-12-05,2024,12,Kerala,Kozhikode,10.7646,76.806,Heroin,0.31,Coast Guard
SZ002130,2020-12-14,2020,12,Uttar Pradesh,Kanpur,26.2737,80.7296,MDMA,0.37,State Police
SZ002131,2024-10-26,2024,10,Mizoram,Aizawl,22.8342,92.7933,Cannabis (Ganja),7.77,NCB
SZ002132,2023-12-03,2023,12,Punjab,Amritsar,30.8448,74.7012,MDMA,0.85,NCB
SZ002133,2024-11-14,2024,11,Delhi,New Delhi,29.1261,76.6278,Heroin,0.48,NCB
SZ002134,2024-04-19,2024,4,Jammu and Kashmir,Srinagar,33.3579,76.855,Heroin,1.66,Customs
SZ002135,2021-11-05,2021,11,Rajasthan,Jodhpur,26.2436,74.5696,Heroin,2.34,NCB
SZ002136,2023-09-21,2023,9,Delhi,East Delhi,28.942,77.326,Cocaine,0.83,NCB
SZ002137,2018-06-06,2018,6,Punjab,Gurdaspur,31.6048,75.6667,Charas/Hashish,3.4,State Police
SZ002138,2020-09-08,2020,9,Jammu and Kashmir,Jammu,33.3086,77.1702,Heroin,3.35,NCB
SZ002139,2020-07-06,2020,7,Mizoram,Aizawl,23.3295,92.8763,Methamphetamine,1.7,State Police
SZ002140,2020-09-12,2020,9,Tamil Nadu,Madurai,10.4531,79.4448,Heroin,10.53,NCB
SZ002141,2020-03-07,2020,3,Uttar Pradesh,Agra,26.4722,80.3119,Methamphetamine,1.32,NCB
SZ002142,2020-10-21,2020,10,Haryana,Sirsa,29.5784,75.3329,Charas/Hashish,3.3,BSF
SZ002143,2024-05-03,2024,5,Manipur,Imphal East,24.2887,93.655,Poppy Husk,407.21,Coast Guard
SZ002144,2023-08-04,2023,8,Gujarat,Porbandar,22.6534,71.5731,Cannabis (Ganja),72.53,State Police
SZ002145,2019-05-27,2019,5,Maharashtra,Thane,19.2822,74.9781,Cannabis (Ganja),245.82,Customs
SZ002146,2024-10-10,2024,10,Punjab,Ferozepur,31.3097,75.8478,Heroin,0.96,State Police
SZ002147,2021-08-07,2021,8,Delhi,North West Delhi,28.0315,77.5502,Cannabis (Ganja),49.08,NCB
SZ002148,2019-08-13,2019,8,Telangana,Nizamabad,18.6034,78.9992,Cannabis (Ganja),87.11,State Police
SZ002149,2022-03-12,2022,3,Kerala,Kollam,11.2264,75.6579,Cannabis (Ganja),33.8,NCB
SZ002150,2023-03-16,2023,3,Uttar Pradesh,Ghaziabad,26.0565,80.1824,Charas/Hashish,2.91,NCB
SZ002151,2022-02-12,2022,2,Rajasthan,Barmer,26.4533,74.0236,Heroin,8.98,DRI
SZ002152,2018-05-10,2018,5,Mizoram,Champhai,23.9031,92.8205,Methamphetamine,0.44,NCB
SZ002153,2021-09-26,2021,9,Mizoram,Champhai,22.4879,92.6397,Pharmaceutical Opioids,3.51,State Police
SZ002154,2020-08-26,2020,8,Assam,Dibrugarh,26.7312,92.2975,Cannabis (Ganja),839.31,NCB
SZ002155,2020-12-26,2020,12,Gujarat,Porbandar,22.9055,71.0954,Charas/Hashish,5.49,Customs
SZ002156,2018-12-02,2018,12,Manipur,Chandel,24.4578,93.8366,Cannabis (Ganja),302.73,NCB
SZ002157,2022-10-17,2022,10,West Bengal,Malda,22.99,87.4863,Heroin,0.21,Customs
SZ002158,2018-02-25,2018,2,Karnataka,Belagavi,15.1352,75.9779,Heroin,1.93,NCB
SZ002159,2021-12-10,2021,12,Haryana,Faridabad,29.1297,76.2327,Cocaine,2.91,BSF
SZ002160,2019-11-25,2019,11,West Bengal,Malda,23.7853,87.4015,Cannabis (Ganja),33.6,NCB
SZ002161,2018-10-06,2018,10,Assam,Karimganj,25.9503,92.3594,Heroin,5.23,BSF
SZ002162,2024-10-25,2024,10,West Bengal,North 24 Parganas,22.6811,88.3863,Pharmaceutical Opioids,8.47,State Police
SZ002163,2020-05-03,2020,5,Maharashtra,Nagpur,19.3786,75.0498,Methamphetamine,10.99,BSF
SZ002164,2021-05-21,2021,5,Manipur,Imphal West,24.8718,93.4927,MDMA,2.5,BSF
SZ002165,2018-09-14,2018,9,Assam,Karimganj,26.4915,93.4141,Cannabis (Ganja),125.5,NCB
SZ002166,2019-11-16,2019,11,Bihar,Muzaffarpur,25.7327,84.5285,Heroin,1.17,BSF
SZ002167,2018-09-17,2018,9,Delhi,New Delhi,28.4794,77.5697,Pharmaceutical Opioids,3.88,Customs
SZ002168,2022-01-18,2022,1,Rajasthan,Kota,26.862,74.9561,Methamphetamine,1.92,State Police
SZ002169,2019-12-16,2019,12,Mizoram,Aizawl,23.9067,93.1869,Methamphetamine,7.36,NCB
SZ002170,2018-02-25,2018,2,Uttar Pradesh,Kanpur,26.6922,80.3648,Heroin,7.04,NCB
SZ002171,2024-01-04,2024,1,West Bengal,North 24 Parganas,22.7157,87.168,Heroin,7.12,NCB
SZ002172,2022-01-07,2022,1,Karnataka,Belagavi,15.7086,75.7751,Methamphetamine,2.27,Coast Guard
SZ002173,2023-02-18,2023,2,West Bengal,Nadia,22.7275,87.3187,Methamphetamine,4.54,Customs
SZ002174,2023-08-17,2023,8,Bihar,Gaya,25.5074,85.1674,Cannabis (Ganja),92.23,Customs
SZ002175,2022-01-22,2022,1,Maharashtra,Pune,20.2477,75.6899,Cocaine,0.92,Customs
SZ002176,2021-10-19,2021,10,West Bengal,Malda,23.2277,87.1975,Opium,6.45,BSF
SZ002177,2023-03-05,2023,3,Delhi,New Delhi,28.3746,76.3993,Poppy Husk,226.14,NCB
SZ002178,2018-05-09,2018,5,Rajasthan,Barmer,26.5927,73.5204,Cannabis (Ganja),31.94,NCB
SZ002179,2019-04-17,2019,4,Gujarat,Kutch,21.7294,71.4536,Pharmaceutical Opioids,5.95,State Police
SZ002180,2023-07-20,2023,7,Punjab,Ferozepur,31.0052,75.9615,Poppy Husk,53.05,State Police
SZ002181,2022-01-27,2022,1,Delhi,South Delhi,29.2046,76.3245,MDMA,0.11,State Police
SZ002182,2020-06-12,2020,6,Uttar Pradesh,Varanasi,27.3382,80.5144,Cannabis (Ganja),95.41,Customs
SZ002183,2024-01-19,2024,1,Tamil Nadu,Chennai,11.2621,79.4494,MDMA,6.29,NCB
SZ002184,2023-09-08,2023,9,Punjab,Ludhiana,30.8836,75.9692,Opium,2.76,NCB
SZ002185,2023-09-09,2023,9,Gujarat,Kutch,22.4353,71.7071,Cannabis (Ganja),65.52,NCB
SZ002186,2021-02-16,2021,2,Delhi,East Delhi,28.9648,76.8786,Heroin,5.24,State Police
SZ002187,2022-11-02,2022,11,Maharashtra,Thane,19.3977,75.9368,Pharmaceutical Opioids,14.67,DRI
SZ002188,2022-11-05,2022,11,Punjab,Gurdaspur,31.8492,75.6113,MDMA,1.14,NCB
SZ002189,2019-11-25,2019,11,Mizoram,Lunglei,22.4362,92.5879,Methamphetamine,1.21,NCB
SZ002190,2021-07-14,2021,7,Odisha,Bhubaneswar,21.2261,84.8881,MDMA,0.41,State Police
SZ002191,2024-09-13,2024,9,Assam,Guwahati,26.2747,92.5048,Heroin,1.26,BSF
SZ002192,2021-06-13,2021,6,Karnataka,Mysuru,15.4732,76.3366,Heroin,3.45,State Police
SZ002193,2019-03-07,2019,3,Rajasthan,Jaisalmer,27.5647,73.573,MDMA,3.46,Customs
SZ002194,2019-06-14,2019,6,Andhra Pradesh,Anantapur,15.2867,80.3675,Cocaine,3.82,BSF
SZ002195,2019-01-07,2019,1,Jammu and Kashmir,Jammu,34.2007,75.8257,Cannabis (Ganja),14.19,State Police
SZ002196,2021-06-25,2021,6,Haryana,Faridabad,28.4318,75.8629,Cannabis (Ganja),47.99,NCB
SZ002197,2018-12-25,2018,12,Bihar,Gaya,24.775,84.9259,Cocaine,1.69,NCB
SZ002198,2018-06-20,2018,6,Mizoram,Aizawl,23.2033,92.4782,Cannabis (Ganja),102.8,BSF
SZ002199,2021-11-24,2021,11,Andhra Pradesh,Visakhapatnam,16.0591,79.6119,Cannabis (Ganja),107.58,NCB
SZ002200,2018-08-09,2018,8,Maharashtra,Nagpur,19.2346,74.9987,Opium,21.01,NCB
SZ002201,2018-09-01,2018,9,Rajasthan,Jodhpur,27.6935,74.4249,Ketamine,0.67,DRI
SZ002202,2024-11-05,2024,11,Maharashtra,Thane,19.5429,75.2457,Cannabis (Ganja),727.13,NCB
SZ002203,2021-05-01,2021,5,Rajasthan,Bikaner,27.5658,74.3436,MDMA,0.05,Customs
SZ002204,2024-01-03,2024,1,Kerala,Kozhikode,11.2007,75.6245,Opium,12.81,State Police
SZ002205,2022-04-02,2022,4,Karnataka,Bengaluru Urban,15.3995,75.8508,Charas/Hashish,0.91,State Police
SZ002206,2021-10-24,2021,10,Andhra Pradesh,Anantapur,15.9517,79.2542,MDMA,7.1,Customs
SZ002207,2018-07-22,2018,7,Punjab,Amritsar,31.017,74.7365,Methamphetamine,4.76,NCB
SZ002208,2024-01-25,2024,1,Manipur,Churachandpur,24.3339,93.8507,Poppy Husk,40.24,State Police
SZ002209,2021-10-18,2021,10,Andhra Pradesh,Guntur,16.396,80.0789,Poppy Husk,40.45,NCB
SZ002210,2024-04-22,2024,4,Jammu and Kashmir,Baramulla,34.0731,75.9516,Heroin,1.41,NCB
SZ002211,2023-01-21,2023,1,Uttar Pradesh,Varanasi,26.1365,80.2631,Heroin,6.94,State Police
SZ002212,2020-01-17,2020,1,Mizoram,Champhai,22.9197,93.2839,Cannabis (Ganja),333.53,State Police
SZ002213,2023-09-15,2023,9,Rajasthan,Barmer,27.6626,74.0837,Opium,0.76,Customs
SZ002214,2024-04-16,2024,4,Jammu and Kashmir,Srinagar,33.4441,77.1412,Methamphetamine,7.63,State Police
SZ002215,2019-01-10,2019,1,Madhya Pradesh,Gwalior,22.7202,79.438,Charas/Hashish,1.23,Customs
SZ002216,2019-03-10,2019,3,Kerala,Kochi,10.7444,76.9557,Methamphetamine,0.13,NCB
SZ002217,2019-03-10,2019,3,Jammu and Kashmir,Baramulla,34.1813,76.3663,Pharmaceutical Opioids,32.14,BSF
SZ002218,2022-10-21,2022,10,Assam,Guwahati,25.5903,93.5268,Methamphetamine,1.98,NCB
SZ002219,2018-05-09,2018,5,Telangana,Warangal,18.6359,79.3115,Opium,17.15,NCB
SZ002220,2023-01-25,2023,1,Mizoram,Aizawl,22.4176,93.2227,Cannabis (Ganja),219.43,Customs
SZ002221,2022-01-13,2022,1,Manipur,Imphal East,25.0907,93.4098,Heroin,1.04,State Police
SZ002222,2023-10-15,2023,10,Telangana,Warangal,18.0243,78.4518,Charas/Hashish,2.77,NCB
SZ002223,2019-08-19,2019,8,Rajasthan,Barmer,27.349,74.0872,Ketamine,0.35,State Police
SZ002224,2018-04-23,2018,4,Punjab,Amritsar,30.8995,75.3502,Charas/Hashish,0.6,NCB
SZ002225,2022-07-21,2022,7,Mizoram,Champhai,23.1195,92.8714,Cannabis (Ganja),235.28,Customs
SZ002226,2018-08-27,2018,8,West Bengal,Nadia,23.0837,88.2928,Pharmaceutical Opioids,10.63,BSF
SZ002227,2022-01-25,2022,1,Assam,Karimganj,26.4251,92.4428,Methamphetamine,12.06,State Police
SZ002228,2020-01-05,2020,1,West Bengal,Kolkata,22.9333,88.1177,Cannabis (Ganja),193.54,State Police
SZ002229,2018-07-23,2018,7,Madhya Pradesh,Gwalior,23.2312,79.0747,Heroin,3.87,Customs
SZ002230,2024-11-18,2024,11,Madhya Pradesh,Bhopal,23.1136,79.0932,Cannabis (Ganja),36.47,State Police
SZ002231,2021-09-12,2021,9,Maharashtra,Nagpur,19.4035,75.4358,MDMA,1.22,State Police
SZ002232,2019-10-17,2019,10,Manipur,Imphal West,24.719,94.0335,Methamphetamine,0.05,NCB
SZ002233,2021-04-01,2021,4,Delhi,East Delhi,29.0188,77.1783,Charas/Hashish,8.4,Customs
SZ002234,2021-12-14,2021,12,Jammu and Kashmir,Poonch,34.5752,76.0304,Pharmaceutical Opioids,41.13,NCB
SZ002235,2018-09-25,2018,9,Manipur,Imphal West,25.0298,93.4773,Opium,16.97,Coast Guard
SZ002236,2022-06-15,2022,6,Delhi,South Delhi,29.2536,77.1774,Cannabis (Ganja),108.07,NCB
SZ002237,2021-03-15,2021,3,Tamil Nadu,Chennai,10.7658,77.9412,Charas/Hashish,0.13,State Police
SZ002238,2022-09-02,2022,9,West Bengal,North 24 Parganas,23.0399,88.3935,Heroin,17.14,NCB
SZ002239,2022-05-15,2022,5,Rajasthan,Jaisalmer,27.3043,73.8951,Heroin,0.22,Customs
SZ002240,2020-08-06,2020,8,Maharashtra,Nagpur,19.1536,76.2481,Poppy Husk,5.01,NCB
SZ002241,2023-04-21,2023,4,Maharashtra,Nashik,19.7998,75.3085,MDMA,1.18,Customs
SZ002242,2023-08-02,2023,8,Bihar,Gaya,25.8089,84.9316,Methamphetamine,5.85,Customs
SZ002243,2023-11-17,2023,11,Andhra Pradesh,Vijayawada,15.6914,80.2441,Cannabis (Ganja),8.89,NCB
SZ002244,2024-12-25,2024,12,West Bengal,Nadia,22.3764,87.8581,Methamphetamine,10.65,State Police
SZ002245,2018-04-22,2018,4,Karnataka,Belagavi,15.2904,76.264,Charas/Hashish,6.47,State Police
SZ002246,2023-12-08,2023,12,Karnataka,Mangaluru,14.8896,76.026,Cannabis (Ganja),70.55,NCB
SZ002247,2022-03-22,2022,3,Kerala,Thiruvananthapuram,11.4568,76.5588,Cannabis (Ganja),53.49,DRI
SZ002248,2022-08-16,2022,8,Karnataka,Mangaluru,15.1643,76.2452,Pharmaceutical Opioids,13.84,BSF
SZ002249,2022-02-05,2022,2,Manipur,Churachandpur,24.7097,93.5922,Cannabis (Ganja),46.84,State Police
SZ002250,2023-03-01,2023,3,Uttar Pradesh,Ghaziabad,27.5854,81.3647,MDMA,0.46,NCB
SZ002251,2021-06-02,2021,6,Telangana,Warangal,18.8755,78.7462,Pharmaceutical Opioids,11.82,NCB
SZ002252,2020-01-17,2020,1,Punjab,Tarn Taran,30.4274,75.1065,Cannabis (Ganja),210.33,Customs
SZ002253,2023-09-24,2023,9,Rajasthan,Bikaner,26.2755,74.5065,Pharmaceutical Opioids,24.11,NCB
SZ002254,2022-11-20,2022,11,Uttar Pradesh,Varanasi,27.2938,81.1085,MDMA,4.05,NCB
SZ002255,2023-07-01,2023,7,Punjab,Amritsar,31.2573,75.1648,Cannabis (Ganja),8.38,NCB
SZ002256,2020-06-14,2020,6,Punjab,Amritsar,31.1696,75.4464,Pharmaceutical Opioids,4.09,State Police
SZ002257,2024-02-01,2024,2,Delhi,South Delhi,27.9464,76.3755,Cannabis (Ganja),257.16,NCB
SZ002258,2019-07-05,2019,7,Tamil Nadu,Tirunelveli,10.9786,78.7267,Heroin,0.05,State Police
SZ002259,2023-06-01,2023,6,Manipur,Imphal West,24.9628,93.873,Cannabis (Ganja),347.13,NCB
SZ002260,2018-10-24,2018,10,Rajasthan,Barmer,26.4737,73.8673,Opium,1.86,NCB
SZ002261,2024-05-14,2024,5,Mizoram,Aizawl,23.8342,93.708,Pharmaceutical Opioids,14.74,NCB
SZ002262,2019-03-17,2019,3,Gujarat,Ahmedabad,22.7737,71.6429,Methamphetamine,0.28,State Police
SZ002263,2021-02-24,2021,2,Manipur,Imphal West,24.2557,93.8157,Opium,11.92,State Police
SZ002264,2024-06-01,2024,6,Delhi,New Delhi,28.2467,77.8942,Pharmaceutical Opioids,0.05,Customs
SZ002265,2021-09-07,2021,9,West Bengal,Kolkata,23.6932,88.4323,Heroin,8.82,Customs
SZ002266,2021-03-11,2021,3,Odisha,Ganjam,20.8458,85.5557,Ketamine,1.16,NCB
SZ002267,2019-10-18,2019,10,Madhya Pradesh,Gwalior,23.7636,77.8747,Methamphetamine,0.2,NCB
SZ002268,2023-03-16,2023,3,Punjab,Amritsar,31.3262,74.9108,MDMA,4.57,NCB
SZ002269,2024-03-23,2024,3,Bihar,Patna,25.8213,85.7196,Cocaine,3.12,Customs
SZ002270,2021-01-11,2021,1,Manipur,Chandel,25.1086,93.1695,Pharmaceutical Opioids,21.83,BSF
SZ002271,2018-09-27,2018,9,Manipur,Churachandpur,24.3457,93.6076,Cocaine,1.56,NCB
SZ002272,2021-03-13,2021,3,Rajasthan,Bikaner,26.8917,73.5624,Cannabis (Ganja),200.5,BSF
SZ002273,2024-08-08,2024,8,Manipur,Churachandpur,25.2192,94.4278,Charas/Hashish,10.6,NCB
SZ002274,2024-08-22,2024,8,West Bengal,Nadia,23.0192,87.4725,Heroin,1.0,Customs
SZ002275,2020-04-08,2020,4,Manipur,Chandel,25.3222,94.6337,Ketamine,1.01,State Police
SZ002276,2023-09-18,2023,9,Rajasthan,Bikaner,26.7619,74.8722,Cannabis (Ganja),132.5,State Police
SZ002277,2023-11-16,2023,11,Punjab,Tarn Taran,30.6932,74.5867,Opium,3.96,NCB
SZ002278,2021-06-04,2021,6,Delhi,North West Delhi,28.3063,77.8167,Opium,11.84,DRI
SZ002279,2023-01-23,2023,1,Karnataka,Mysuru,15.1283,76.3961,Opium,28.73,Customs
SZ002280,2018-10-23,2018,10,Maharashtra,Mumbai,19.115,76.4571,Charas/Hashish,0.67,NCB
SZ002281,2020-09-12,2020,9,Haryana,Karnal,28.3796,75.6577,Methamphetamine,11.51,BSF
SZ002282,2021-01-07,2021,1,Andhra Pradesh,Vijayawada,15.2405,80.5316,Charas/Hashish,7.28,BSF
SZ002283,2022-11-26,2022,11,Delhi,East Delhi,28.6205,77.5852,Heroin,4.98,NCB
SZ002284,2024-08-14,2024,8,Maharashtra,Nashik,19.3136,76.316,Heroin,2.52,BSF
SZ002285,2024-07-03,2024,7,Punjab,Ludhiana,31.3168,74.8652,Charas/Hashish,13.33,Customs
SZ002286,2020-12-12,2020,12,Delhi,East Delhi,28.3013,76.3117,Ketamine,1.67,NCB
SZ002287,2019-06-15,2019,6,Telangana,Nizamabad,18.5974,79.4565,Heroin,5.29,NCB
SZ002288,2022-02-19,2022,2,Andhra Pradesh,Anantapur,16.0048,80.1001,Cannabis (Ganja),86.16,BSF
SZ002289,2020-10-04,2020,10,Bihar,Gaya,25.4427,85.6889,Opium,2.11,State Police
SZ002290,2024-06-17,2024,6,Gujarat,Kutch,21.5926,71.5747,Charas/Hashish,11.74,NCB
SZ002291,2019-03-12,2019,3,Assam,Karimganj,26.6868,92.1901,Heroin,7.53,NCB
SZ002292,2018-03-13,2018,3,Karnataka,Bengaluru Urban,16.1173,75.1852,Heroin,6.91,DRI
SZ002293,2023-12-23,2023,12,Bihar,Bhagalpur,24.4784,85.6966,Opium,27.88,State Police
SZ002294,2020-01-06,2020,1,Punjab,Tarn Taran,30.7897,75.0136,Cannabis (Ganja),68.93,State Police
SZ002295,2020-03-16,2020,3,Rajasthan,Jaisalmer,27.1078,74.7865,Heroin,2.69,State Police
SZ002296,2022-03-14,2022,3,Gujarat,Surat,23.0535,71.2891,Cannabis (Ganja),276.4,NCB
SZ002297,2024-12-16,2024,12,Assam,Karimganj,26.7117,92.9241,Heroin,1.24,NCB
SZ002298,2020-08-24,2020,8,Delhi,New Delhi,29.0366,77.3167,Cannabis (Ganja),54.64,Customs
SZ002299,2018-02-02,2018,2,Madhya Pradesh,Indore,23.3367,79.4249,Methamphetamine,6.6,State Police
SZ002300,2023-04-23,2023,4,Rajasthan,Jaisalmer,26.8139,74.5245,Methamphetamine,5.58,NCB
SZ002301,2019-03-10,2019,3,Manipur,Imphal East,24.3631,93.7968,Methamphetamine,12.67,NCB
SZ002302,2020-09-16,2020,9,Uttar Pradesh,Lucknow,27.1309,81.2788,Pharmaceutical Opioids,20.39,NCB
SZ002303,2021-02-20,2021,2,Delhi,South Delhi,28.3963,77.7986,Charas/Hashish,0.23,NCB
SZ002304,2018-03-04,2018,3,Tamil Nadu,Tirunelveli,10.6809,79.0228,Cannabis (Ganja),29.48,NCB
SZ002305,2022-08-05,2022,8,West Bengal,North 24 Parganas,23.1011,87.3993,Heroin,10.1,State Police
SZ002306,2021-10-12,2021,10,Punjab,Ferozepur,31.3733,76.0256,Heroin,1.1,Customs
SZ002307,2020-10-14,2020,10,Mizoram,Champhai,23.3588,92.4481,Heroin,0.34,Customs
SZ002308,2018-10-11,2018,10,West Bengal,Malda,23.4957,87.5887,Opium,2.71,Coast Guard
SZ002309,2022-01-08,2022,1,Delhi,South Delhi,29.2247,77.7624,Heroin,2.07,DRI
SZ002310,2021-09-22,2021,9,Maharashtra,Pune,19.3296,75.8258,Cannabis (Ganja),100.5,Customs
SZ002311,2023-01-15,2023,1,Delhi,East Delhi,29.4314,77.3083,Cannabis (Ganja),3.96,State Police
SZ002312,2024-11-10,2024,11,West Bengal,Malda,23.4715,87.2535,Cannabis (Ganja),66.79,NCB
SZ002313,2022-08-14,2022,8,Gujarat,Kutch,21.5108,71.572,Cannabis (Ganja),88.93,NCB
SZ002314,2021-03-18,2021,3,Jammu and Kashmir,Jammu,34.101,76.6606,Heroin,1.4,Customs
SZ002315,2024-07-21,2024,7,Assam,Dibrugarh,25.9258,93.3871,Pharmaceutical Opioids,3.34,NCB
SZ002316,2018-08-14,2018,8,Gujarat,Surat,21.7183,70.8741,Cocaine,0.05,NCB
SZ002317,2024-03-12,2024,3,Rajasthan,Bikaner,26.3483,73.9782,Cannabis (Ganja),6.0,State Police
SZ002318,2023-08-13,2023,8,Jammu and Kashmir,Baramulla,34.4776,75.9049,Heroin,9.07,Coast Guard
SZ002319,2019-09-11,2019,9,Gujarat,Kutch,22.4203,71.3796,Cannabis (Ganja),87.84,Customs
SZ002320,2023-08-05,2023,8,Punjab,Ludhiana,31.1171,75.1588,Methamphetamine,1.53,DRI
SZ002321,2023-02-22,2023,2,West Bengal,Malda,23.432,88.5705,Cannabis (Ganja),136.12,BSF
SZ002322,2018-06-23,2018,6,Gujarat,Kutch,23.0258,70.6883,Cannabis (Ganja),163.73,State Police
SZ002323,2024-08-27,2024,8,Bihar,Muzaffarpur,25.5148,86.0038,Cannabis (Ganja),247.78,State Police
SZ002324,2020-03-08,2020,3,Mizoram,Champhai,23.2074,93.6681,Poppy Husk,467.97,State Police
SZ002325,2023-08-16,2023,8,Bihar,Patna,24.9272,85.8687,Cocaine,3.5,NCB
SZ002326,2023-09-21,2023,9,Gujarat,Ahmedabad,21.5497,71.202,Pharmaceutical Opioids,5.84,BSF
SZ002327,2021-11-24,2021,11,Telangana,Nizamabad,18.217,78.843,Cannabis (Ganja),422.88,State Police
SZ002328,2019-01-03,2019,1,Karnataka,Belagavi,15.5392,75.1381,Methamphetamine,3.47,State Police
SZ002329,2018-04-06,2018,4,Rajasthan,Kota,26.7144,74.4561,Cannabis (Ganja),27.81,NCB
SZ002330,2022-08-21,2022,8,Rajasthan,Jodhpur,27.3577,74.7533,MDMA,0.49,Customs
SZ002331,2020-01-27,2020,1,Mizoram,Champhai,22.6942,93.0065,Cannabis (Ganja),178.02,DRI
SZ002332,2019-11-26,2019,11,West Bengal,North 24 Parganas,22.8802,87.445,Cannabis (Ganja),7.76,Coast Guard
SZ002333,2018-10-09,2018,10,Gujarat,Kutch,21.5779,71.7861,Heroin,4.74,Coast Guard
SZ002334,2018-03-17,2018,3,Assam,Dibrugarh,26.4104,93.689,Opium,4.15,DRI
SZ002335,2019-02-12,2019,2,Mizoram,Aizawl,22.5169,92.7049,Poppy Husk,218.55,State Police
SZ002336,2022-12-04,2022,12,Telangana,Nizamabad,18.3549,79.2964,Cannabis (Ganja),4.46,NCB
SZ002337,2023-11-08,2023,11,Delhi,North West Delhi,28.0145,76.6394,Charas/Hashish,8.38,NCB
SZ002338,2023-01-05,2023,1,Bihar,Muzaffarpur,24.6594,85.5452,Poppy Husk,634.47,Customs
SZ002339,2019-09-03,2019,9,Punjab,Tarn Taran,30.6138,75.1169,MDMA,0.29,Customs
SZ002340,2023-01-10,2023,1,Delhi,East Delhi,28.998,77.1275,Heroin,0.83,State Police
SZ002341,2022-10-13,2022,10,Manipur,Imphal West,23.9416,94.1768,Cannabis (Ganja),126.24,NCB
SZ002342,2023-02-15,2023,2,Bihar,Muzaffarpur,24.526,85.6952,MDMA,3.76,DRI
SZ002343,2022-03-14,2022,3,Punjab,Amritsar,31.6108,74.6534,Cocaine,1.11,State Police
SZ002344,2020-09-14,2020,9,Bihar,Gaya,25.0418,85.1483,Heroin,1.16,Customs
SZ002345,2024-11-07,2024,11,West Bengal,Nadia,22.7166,87.6154,Heroin,7.06,NCB
SZ002346,2020-11-05,2020,11,Andhra Pradesh,Visakhapatnam,15.5414,80.0953,Charas/Hashish,5.45,State Police
SZ002347,2019-05-05,2019,5,Uttar Pradesh,Agra,27.5833,80.322,Ketamine,1.4,State Police
SZ002348,2023-11-04,2023,11,West Bengal,North 24 Parganas,22.6584,88.0912,Heroin,4.36,Coast Guard
SZ002349,2018-11-17,2018,11,Punjab,Ferozepur,31.9248,75.8552,Poppy Husk,33.86,NCB
SZ002350,2018-09-13,2018,9,Punjab,Tarn Taran,31.4334,75.2594,Cocaine,1.42,NCB
SZ002351,2020-12-13,2020,12,Gujarat,Surat,21.8287,71.4249,Heroin,6.26,NCB
SZ002352,2023-11-18,2023,11,Punjab,Ferozepur,31.9258,75.4334,Methamphetamine,6.21,DRI
SZ002353,2020-05-07,2020,5,Rajasthan,Barmer,26.2458,73.7003,Methamphetamine,6.3,NCB
SZ002354,2020-12-04,2020,12,Bihar,Bhagalpur,25.8662,85.014,Cannabis (Ganja),30.48,BSF
SZ002355,2021-07-18,2021,7,Andhra Pradesh,Visakhapatnam,16.5625,79.5287,Methamphetamine,0.06,State Police
SZ002356,2022-01-11,2022,1,Uttar Pradesh,Ghaziabad,26.7166,80.3892,Cannabis (Ganja),32.01,BSF
SZ002357,2022-12-25,2022,12,Delhi,South Delhi,28.8077,76.3652,Pharmaceutical Opioids,0.81,NCB
SZ002358,2022-08-23,2022,8,Delhi,East Delhi,28.2589,76.3097,Cannabis (Ganja),443.94,NCB
SZ002359,2020-06-16,2020,6,Assam,Dibrugarh,25.5097,93.3184,Opium,19.28,State Police
SZ002360,2018-12-25,2018,12,Manipur,Imphal East,25.2384,94.4629,Charas/Hashish,0.98,Customs
SZ002361,2023-02-11,2023,2,Madhya Pradesh,Neemuch,22.2569,78.523,Ketamine,2.54,Customs
SZ002362,2023-06-01,2023,6,Mizoram,Aizawl,22.9765,93.2283,Heroin,2.26,DRI
SZ002363,2022-06-22,2022,6,Odisha,Bhubaneswar,20.6324,85.4909,Methamphetamine,3.69,NCB
SZ002364,2024-10-25,2024,10,Kerala,Kollam,10.2259,76.2354,Heroin,0.78,Customs
SZ002365,2022-05-20,2022,5,Manipur,Imphal East,24.9892,93.7549,Opium,10.09,NCB
SZ002366,2023-06-09,2023,6,Mizoram,Champhai,23.742,93.1295,Heroin,8.48,Customs
SZ002367,2019-07-18,2019,7,Telangana,Hyderabad,17.352,79.6874,Pharmaceutical Opioids,21.64,Customs
SZ002368,2024-09-20,2024,9,Uttar Pradesh,Ghaziabad,26.1133,81.3891,MDMA,3.26,State Police
SZ002369,2023-11-11,2023,11,Bihar,Bhagalpur,24.9504,84.6941,MDMA,2.15,Coast Guard
SZ002370,2022-03-07,2022,3,Odisha,Ganjam,21.7424,85.6809,Opium,22.63,State Police
SZ002371,2018-02-22,2018,2,Karnataka,Mangaluru,14.8415,75.7696,Methamphetamine,1.65,NCB
SZ002372,2021-09-25,2021,9,Manipur,Churachandpur,23.872,93.3046,Cannabis (Ganja),20.52,Customs
SZ002373,2024-03-02,2024,3,Manipur,Imphal West,25.2191,94.2179,Heroin,2.7,BSF
SZ002374,2023-02-03,2023,2,Punjab,Ludhiana,31.4876,74.5434,Cannabis (Ganja),201.71,NCB
SZ002375,2020-02-06,2020,2,Karnataka,Bengaluru Urban,14.6181,75.7677,Heroin,7.44,Customs
SZ002376,2022-09-10,2022,9,Punjab,Amritsar,31.6202,75.1779,MDMA,1.39,Coast Guard
SZ002377,2018-05-20,2018,5,West Bengal,Malda,23.674,88.6599,Cannabis (Ganja),46.18,NCB
SZ002378,2023-08-14,2023,8,Haryana,Karnal,29.2098,75.6252,Poppy Husk,120.26,NCB
SZ002379,2018-03-20,2018,3,Jammu and Kashmir,Baramulla,34.4773,76.4497,Charas/Hashish,5.22,BSF
SZ002380,2021-03-05,2021,3,Assam,Cachar,26.6479,92.8559,Cannabis (Ganja),157.39,BSF
SZ002381,2022-02-16,2022,2,Madhya Pradesh,Bhopal,22.5294,78.5209,MDMA,0.29,NCB
SZ002382,2022-12-14,2022,12,Rajasthan,Kota,26.3192,74.0329,Heroin,3.14,Customs
SZ002383,2024-03-17,2024,3,Jammu and Kashmir,Baramulla,33.3739,75.8904,Opium,9.63,Coast Guard
SZ002384,2020-12-02,2020,12,Mizoram,Lunglei,22.6538,93.6926,Heroin,0.23,NCB
SZ002385,2020-01-16,2020,1,Madhya Pradesh,Neemuch,23.4924,78.0542,Heroin,2.25,NCB
SZ002386,2021-09-18,2021,9,Haryana,Gurugram,28.996,76.3702,Heroin,3.46,NCB
SZ002387,2022-10-23,2022,10,Jammu and Kashmir,Srinagar,33.1959,77.1442,Opium,11.48,State Police
SZ002388,2024-09-01,2024,9,Haryana,Sirsa,29.1234,76.6058,Cannabis (Ganja),62.68,NCB
SZ002389,2024-12-19,2024,12,West Bengal,Kolkata,23.0491,87.4542,Poppy Husk,65.72,State Police
SZ002390,2019-07-09,2019,7,Punjab,Amritsar,31.4831,75.6216,Pharmaceutical Opioids,8.55,State Police
SZ002391,2021-02-04,2021,2,Punjab,Ferozepur,31.6726,75.9909,Cannabis (Ganja),270.17,NCB
SZ002392,2022-11-14,2022,11,Haryana,Gurugram,29.5601,76.3299,Methamphetamine,4.37,Customs
SZ002393,2018-08-20,2018,8,Bihar,Patna,25.7241,85.1252,Ketamine,1.03,State Police
SZ002394,2023-01-11,2023,1,Bihar,Gaya,25.5582,85.2287,Heroin,2.89,State Police
SZ002395,2019-05-03,2019,5,Gujarat,Surat,22.7636,71.1482,MDMA,1.11,NCB
SZ002396,2019-02-19,2019,2,Delhi,New Delhi,29.1455,77.679,Pharmaceutical Opioids,14.77,Customs
SZ002397,2021-09-12,2021,9,Assam,Karimganj,25.758,93.6663,Methamphetamine,1.33,NCB
SZ002398,2024-10-09,2024,10,Tamil Nadu,Chennai,11.5206,79.3861,Pharmaceutical Opioids,9.09,Customs
SZ002399,2021-09-19,2021,9,Mizoram,Aizawl,23.6451,93.6527,Heroin,1.31,DRI
SZ002400,2022-12-16,2022,12,Gujarat,Porbandar,22.0404,71.8979,Heroin,1.03,NCB
SZ002401,2023-11-20,2023,11,Madhya Pradesh,Neemuch,22.2913,78.0473,Cannabis (Ganja),274.86,DRI
SZ002402,2023-09-05,2023,9,Karnataka,Bengaluru Urban,15.0462,75.2184,Charas/Hashish,9.78,NCB
SZ002403,2024-04-13,2024,4,West Bengal,Nadia,23.7336,88.156,Heroin,2.69,BSF
SZ002404,2021-11-06,2021,11,Rajasthan,Barmer,27.5719,73.4267,Charas/Hashish,14.17,State Police
SZ002405,2020-08-06,2020,8,Telangana,Hyderabad,18.0212,79.031,Cannabis (Ganja),174.83,State Police
SZ002406,2018-05-02,2018,5,Mizoram,Champhai,23.1517,93.1073,Cannabis (Ganja),5.11,State Police
SZ002407,2018-12-03,2018,12,Andhra Pradesh,Guntur,15.3771,79.9614,Charas/Hashish,24.67,NCB
SZ002408,2022-08-09,2022,8,Kerala,Kozhikode,10.9133,77.0548,Poppy Husk,266.62,Coast Guard
SZ002409,2022-08-17,2022,8,Rajasthan,Bikaner,26.3438,74.1869,Pharmaceutical Opioids,11.43,Customs
SZ002410,2018-10-09,2018,10,Delhi,North West Delhi,28.5015,76.513,Methamphetamine,1.46,State Police
SZ002411,2023-02-25,2023,2,Rajasthan,Kota,26.2898,73.4728,Heroin,10.44,State Police
SZ002412,2022-05-27,2022,5,Delhi,New Delhi,29.3708,77.0731,Cannabis (Ganja),282.32,Customs
SZ002413,2024-08-25,2024,8,Mizoram,Aizawl,23.3308,92.8601,Pharmaceutical Opioids,2.21,NCB
SZ002414,2024-09-17,2024,9,Punjab,Amritsar,30.7948,75.0773,Ketamine,1.48,NCB
SZ002415,2024-12-01,2024,12,Mizoram,Aizawl,23.3396,93.234,Cannabis (Ganja),241.25,State Police
SZ002416,2018-12-27,2018,12,Punjab,Gurdaspur,30.8932,75.3959,Methamphetamine,2.36,NCB
SZ002417,2023-04-04,2023,4,Jammu and Kashmir,Baramulla,33.8271,77.1313,Heroin,1.62,DRI
SZ002418,2021-11-22,2021,11,West Bengal,Kolkata,23.4034,87.9073,Heroin,6.74,NCB
SZ002419,2024-05-21,2024,5,Gujarat,Porbandar,22.708,70.9078,Charas/Hashish,4.98,NCB
SZ002420,2020-08-09,2020,8,Odisha,Koraput,21.6247,85.6552,Charas/Hashish,3.73,DRI
SZ002421,2020-04-14,2020,4,Haryana,Faridabad,29.1104,76.3599,Heroin,1.54,BSF
SZ002422,2022-11-09,2022,11,West Bengal,Malda,23.0149,88.3074,Opium,18.36,NCB
SZ002423,2020-12-04,2020,12,Delhi,New Delhi,28.1604,76.779,Charas/Hashish,6.96,BSF
SZ002424,2022-10-11,2022,10,Odisha,Koraput,21.2237,85.7866,Cannabis (Ganja),361.71,DRI
SZ002425,2022-08-06,2022,8,Mizoram,Lunglei,23.8679,93.1975,Cocaine,0.18,BSF
SZ002426,2021-08-19,2021,8,Manipur,Chandel,24.5117,94.3418,Methamphetamine,0.85,DRI
SZ002427,2021-04-01,2021,4,Punjab,Gurdaspur,31.389,75.2057,Heroin,4.8,State Police
SZ002428,2021-08-22,2021,8,Telangana,Hyderabad,18.6279,78.6483,Cannabis (Ganja),124.67,Customs
SZ002429,2023-06-13,2023,6,Andhra Pradesh,Guntur,15.3465,79.1675,Charas/Hashish,3.72,DRI
SZ002430,2019-01-19,2019,1,Rajasthan,Barmer,27.7923,73.4823,Methamphetamine,6.58,State Police
SZ002431,2024-04-08,2024,4,West Bengal,North 24 Parganas,22.3614,88.4957,Cannabis (Ganja),1.11,NCB
SZ002432,2018-03-27,2018,3,Jammu and Kashmir,Baramulla,33.1177,77.0655,MDMA,0.24,NCB
SZ002433,2024-10-26,2024,10,Maharashtra,Nashik,20.1974,75.4607,Pharmaceutical Opioids,9.01,Customs
SZ002434,2022-02-27,2022,2,Andhra Pradesh,Anantapur,15.9258,79.3568,Charas/Hashish,11.26,NCB
SZ002435,2022-05-03,2022,5,Telangana,Nizamabad,17.439,78.7887,Pharmaceutical Opioids,17.35,Customs
SZ002436,2021-04-09,2021,4,Rajasthan,Jodhpur,26.5416,75.0016,Heroin,6.6,State Police
SZ002437,2019-01-09,2019,1,Haryana,Sirsa,28.7674,76.2311,Pharmaceutical Opioids,1.25,DRI
SZ002438,2024-06-19,2024,6,Karnataka,Mangaluru,14.7187,76.0453,Ketamine,5.15,State Police
SZ002439,2023-04-27,2023,4,Manipur,Chandel,24.4516,93.2821,Cannabis (Ganja),52.35,NCB
SZ002440,2018-07-20,2018,7,Mizoram,Lunglei,23.7894,93.6669,MDMA,3.41,State Police
SZ002441,2022-03-12,2022,3,Punjab,Ludhiana,31.3186,74.7925,Methamphetamine,3.97,NCB
SZ002442,2023-06-19,2023,6,Uttar Pradesh,Varanasi,26.8551,80.2134,Cocaine,2.02,NCB
SZ002443,2020-01-12,2020,1,Rajasthan,Kota,26.4188,73.8517,Heroin,1.01,NCB
SZ002444,2020-11-27,2020,11,Punjab,Ludhiana,31.1431,74.907,Cannabis (Ganja),34.83,State Police
SZ002445,2024-11-08,2024,11,Uttar Pradesh,Ghaziabad,26.5387,81.4272,Cannabis (Ganja),64.37,NCB
SZ002446,2020-11-13,2020,11,Odisha,Koraput,21.229,85.2528,Cannabis (Ganja),38.77,NCB
SZ002447,2021-11-06,2021,11,Punjab,Tarn Taran,31.3532,74.5641,Charas/Hashish,7.09,State Police
SZ002448,2018-08-21,2018,8,Mizoram,Champhai,23.6451,93.5242,Cannabis (Ganja),6.36,NCB
SZ002449,2023-01-03,2023,1,Andhra Pradesh,Visakhapatnam,15.6717,80.2853,MDMA,1.33,NCB
SZ002450,2021-07-17,2021,7,Gujarat,Surat,22.0656,71.398,Heroin,2.65,BSF
SZ002451,2021-07-18,2021,7,Manipur,Imphal East,25.1583,94.6262,MDMA,2.32,State Police
SZ002452,2019-12-27,2019,12,Odisha,Bhubaneswar,21.4386,85.2384,Opium,12.54,BSF
SZ002453,2022-11-22,2022,11,Kerala,Kozhikode,10.1365,77.0439,Methamphetamine,1.34,BSF
SZ002454,2018-12-08,2018,12,Haryana,Faridabad,28.9823,75.8361,Pharmaceutical Opioids,3.23,BSF
SZ002455,2021-04-18,2021,4,Mizoram,Aizawl,23.3211,92.8406,Methamphetamine,3.88,NCB
SZ002456,2024-02-12,2024,2,Punjab,Amritsar,31.9306,75.8139,Charas/Hashish,5.49,NCB
SZ002457,2023-06-27,2023,6,West Bengal,North 24 Parganas,22.9942,87.6578,Methamphetamine,26.89,State Police
SZ002458,2019-03-14,2019,3,Kerala,Kollam,11.461,75.7016,Heroin,1.05,Coast Guard
SZ002459,2024-08-13,2024,8,Delhi,New Delhi,28.4787,77.4725,MDMA,1.43,Customs
SZ002460,2023-04-07,2023,4,Karnataka,Belagavi,15.4062,76.1171,Cannabis (Ganja),40.29,State Police
SZ002461,2020-11-14,2020,11,Jammu and Kashmir,Srinagar,34.342,76.2984,Cannabis (Ganja),86.42,NCB
SZ002462,2024-09-04,2024,9,Odisha,Ganjam,20.807,85.4998,Methamphetamine,3.58,State Police
SZ002463,2024-09-24,2024,9,Karnataka,Mangaluru,15.5595,75.0537,Heroin,4.32,State Police
SZ002464,2019-09-12,2019,9,Kerala,Kollam,11.4516,75.7402,Opium,6.88,Customs
SZ002465,2021-06-19,2021,6,Karnataka,Mangaluru,14.8795,76.2003,Heroin,7.27,State Police
SZ002466,2020-04-24,2020,4,Punjab,Amritsar,30.5001,76.0289,Cannabis (Ganja),193.4,State Police
SZ002467,2020-07-26,2020,7,Mizoram,Lunglei,22.6621,93.1565,Heroin,1.4,BSF
SZ002468,2024-05-23,2024,5,Punjab,Ludhiana,30.9101,74.7235,Heroin,0.67,Customs
SZ002469,2023-05-13,2023,5,Mizoram,Lunglei,22.9144,93.0038,Ketamine,1.46,NCB
SZ002470,2021-09-25,2021,9,Telangana,Warangal,18.478,79.1356,Poppy Husk,178.99,NCB
SZ002471,2024-06-25,2024,6,Haryana,Sirsa,28.5734,75.5618,Heroin,8.88,Customs
SZ002472,2024-05-13,2024,5,Punjab,Ludhiana,30.487,75.4812,Charas/Hashish,5.96,NCB
SZ002473,2019-07-22,2019,7,West Bengal,Malda,23.4215,87.0791,Cannabis (Ganja),18.14,NCB
SZ002474,2021-12-26,2021,12,Mizoram,Champhai,23.1825,92.8263,MDMA,3.71,NCB
SZ002475,2020-06-14,2020,6,Madhya Pradesh,Indore,22.4093,79.3346,Methamphetamine,13.83,NCB
SZ002476,2021-11-26,2021,11,Telangana,Nizamabad,18.59,78.3636,Pharmaceutical Opioids,4.86,NCB
SZ002477,2018-08-17,2018,8,Delhi,North West Delhi,28.272,77.1449,Poppy Husk,170.43,NCB
SZ002478,2024-06-27,2024,6,Maharashtra,Nagpur,19.5642,75.6234,Cannabis (Ganja),34.68,NCB
SZ002479,2019-06-05,2019,6,Rajasthan,Jaisalmer,26.9122,74.7496,Methamphetamine,2.39,NCB
SZ002480,2018-09-25,2018,9,Jammu and Kashmir,Poonch,33.0089,77.0841,Heroin,16.04,State Police
SZ002481,2018-10-06,2018,10,Punjab,Gurdaspur,31.7152,75.2828,Cannabis (Ganja),33.86,Customs
SZ002482,2022-05-09,2022,5,Jammu and Kashmir,Baramulla,33.7135,76.1734,Charas/Hashish,1.61,Coast Guard
SZ002483,2018-08-05,2018,8,West Bengal,Nadia,23.6805,87.9196,Methamphetamine,0.89,NCB
SZ002484,2023-09-02,2023,9,Andhra Pradesh,Visakhapatnam,15.5172,78.9903,Methamphetamine,2.33,State Police
SZ002485,2023-03-14,2023,3,Tamil Nadu,Chennai,10.7783,78.1247,Cannabis (Ganja),19.46,DRI
SZ002486,2018-05-14,2018,5,Madhya Pradesh,Neemuch,22.6857,78.0641,Cannabis (Ganja),12.08,NCB
SZ002487,2021-05-27,2021,5,Delhi,New Delhi,28.5686,77.8431,Cannabis (Ganja),157.02,NCB
SZ002488,2019-05-11,2019,5,Assam,Karimganj,26.9644,92.9298,Opium,8.98,NCB
SZ002489,2021-03-16,2021,3,Karnataka,Belagavi,14.7113,74.9995,Cannabis (Ganja),85.85,DRI
SZ002490,2020-03-14,2020,3,Gujarat,Bhavnagar,21.7751,71.1795,Cannabis (Ganja),13.85,State Police
SZ002491,2024-04-26,2024,4,Karnataka,Mangaluru,15.8648,75.4171,Cannabis (Ganja),113.08,State Police
SZ002492,2018-11-08,2018,11,Madhya Pradesh,Indore,23.0734,78.6436,Charas/Hashish,15.41,DRI
SZ002493,2018-10-04,2018,10,Rajasthan,Jodhpur,27.0893,74.8271,Opium,18.44,State Police
SZ002494,2018-05-18,2018,5,Punjab,Ludhiana,30.7384,75.6855,Methamphetamine,11.65,NCB
SZ002495,2021-05-17,2021,5,Punjab,Ferozepur,31.6815,75.0064,Opium,7.1,DRI
SZ002496,2024-01-24,2024,1,Delhi,East Delhi,29.2598,77.4541,Ketamine,0.26,NCB
SZ002497,2024-08-26,2024,8,Mizoram,Lunglei,22.6574,92.8183,Cannabis (Ganja),92.69,Customs
SZ002498,2023-10-14,2023,10,West Bengal,Nadia,22.34,88.6258,Cannabis (Ganja),239.6,BSF
SZ002499,2021-11-15,2021,11,Jammu and Kashmir,Srinagar,34.3399,76.1014,MDMA,1.41,BSF
SZ002500,2024-09-14,2024,9,Mizoram,Champhai,23.0291,92.4925,Opium,39.25,NCB
SZ002501,2022-08-05,2022,8,Assam,Dibrugarh,26.5128,92.3213,Heroin,7.68,NCB
SZ002502,2023-05-20,2023,5,Rajasthan,Jaisalmer,27.5942,73.9535,Cocaine,4.84,NCB
SZ002503,2022-12-05,2022,12,Manipur,Churachandpur,24.5086,94.1362,MDMA,0.42,DRI
SZ002504,2021-11-25,2021,11,Rajasthan,Jodhpur,26.6314,73.7195,Methamphetamine,12.47,State Police
SZ002505,2023-10-24,2023,10,Maharashtra,Pune,20.1797,75.1717,Heroin,3.36,NCB
SZ002506,2019-11-03,2019,11,Uttar Pradesh,Agra,26.1405,81.0558,Cannabis (Ganja),221.89,State Police
SZ002507,2018-07-11,2018,7,Mizoram,Aizawl,23.0128,92.8957,Charas/Hashish,10.64,DRI
SZ002508,2023-03-14,2023,3,Karnataka,Bengaluru Urban,15.5707,76.1701,Pharmaceutical Opioids,11.25,State Police
SZ002509,2022-12-05,2022,12,Haryana,Sirsa,29.1834,75.4287,Methamphetamine,2.36,Coast Guard
SZ002510,2018-05-20,2018,5,Haryana,Karnal,28.6549,75.917,Ketamine,0.46,Coast Guard
SZ002511,2019-02-12,2019,2,Mizoram,Aizawl,22.4005,93.3894,Heroin,6.0,Customs
SZ002512,2019-02-17,2019,2,Bihar,Gaya,24.5093,84.6683,Methamphetamine,1.2,State Police
SZ002513,2023-12-18,2023,12,Mizoram,Lunglei,22.5078,92.2641,Poppy Husk,398.9,Coast Guard
SZ002514,2024-05-04,2024,5,Delhi,North West Delhi,29.256,77.6875,Heroin,10.8,NCB
SZ002515,2024-08-16,2024,8,Uttar Pradesh,Lucknow,27.2456,80.354,Opium,5.35,DRI
SZ002516,2022-06-21,2022,6,Punjab,Ferozepur,31.3038,75.5488,Cannabis (Ganja),31.01,Customs
SZ002517,2024-03-23,2024,3,Assam,Cachar,26.8608,92.4087,Opium,21.53,NCB
SZ002518,2020-10-20,2020,10,Assam,Guwahati,26.0577,93.2458,Charas/Hashish,10.51,Customs
SZ002519,2020-02-20,2020,2,Delhi,New Delhi,29.4391,77.147,Methamphetamine,7.07,BSF
SZ002520,2022-07-15,2022,7,Maharashtra,Nashik,19.4065,76.3274,Methamphetamine,5.65,BSF
SZ002521,2024-06-25,2024,6,Haryana,Gurugram,29.6079,76.5126,Cocaine,2.23,State Police
SZ002522,2019-02-18,2019,2,Telangana,Khammam,17.8523,78.7553,Cannabis (Ganja),477.83,State Police
SZ002523,2023-01-01,2023,1,Punjab,Ferozepur,30.6634,74.6171,Heroin,0.54,BSF
SZ002524,2020-07-15,2020,7,Assam,Cachar,26.9513,92.3491,Heroin,10.74,NCB
SZ002525,2018-02-26,2018,2,West Bengal,North 24 Parganas,23.5071,87.2284,Opium,10.05,NCB
SZ002526,2022-01-17,2022,1,Tamil Nadu,Madurai,11.7288,78.77,Methamphetamine,5.51,State Police
SZ002527,2023-04-26,2023,4,Kerala,Kozhikode,11.0543,75.6071,Charas/Hashish,11.28,State Police
SZ002528,2024-05-13,2024,5,Karnataka,Mysuru,15.3039,75.0275,Heroin,4.04,BSF
SZ002529,2020-05-26,2020,5,Mizoram,Champhai,22.9134,93.1939,Charas/Hashish,8.97,State Police
SZ002530,2024-11-10,2024,11,Assam,Guwahati,25.973,92.843,Cannabis (Ganja),37.03,Coast Guard
SZ002531,2021-12-25,2021,12,Assam,Karimganj,26.264,92.4394,Heroin,0.17,State Police
SZ002532,2018-04-13,2018,4,Maharashtra,Nagpur,20.1924,75.1437,Cocaine,1.6,NCB
SZ002533,2021-12-20,2021,12,Haryana,Faridabad,28.4474,75.4738,Ketamine,0.17,NCB
SZ002534,2022-04-09,2022,4,Karnataka,Mysuru,15.7062,76.3274,Heroin,0.5,State Police
SZ002535,2022-04-24,2022,4,Karnataka,Bengaluru Urban,15.8749,74.9929,Heroin,6.11,State Police
SZ002536,2023-11-14,2023,11,Bihar,Gaya,24.545,84.9529,Heroin,0.64,NCB
SZ002537,2023-08-12,2023,8,Manipur,Imphal West,24.8271,93.3905,Poppy Husk,158.37,NCB
SZ002538,2023-09-06,2023,9,Assam,Cachar,26.102,92.4954,Charas/Hashish,1.7,NCB
SZ002539,2023-11-22,2023,11,Delhi,New Delhi,28.3438,77.6175,Heroin,6.24,State Police
SZ002540,2018-02-27,2018,2,Bihar,Patna,24.5382,85.305,Methamphetamine,0.96,Coast Guard
SZ002541,2023-06-06,2023,6,Bihar,Gaya,24.9748,84.7677,Cannabis (Ganja),95.07,Customs
SZ002542,2021-11-06,2021,11,Mizoram,Aizawl,23.723,92.4235,Cannabis (Ganja),216.55,Coast Guard
SZ002543,2022-10-18,2022,10,Karnataka,Belagavi,14.875,75.5538,Methamphetamine,7.93,State Police
SZ002544,2024-04-12,2024,4,Mizoram,Champhai,22.7471,92.1578,Cannabis (Ganja),123.27,Coast Guard
SZ002545,2021-09-26,2021,9,Haryana,Gurugram,28.424,76.6788,MDMA,1.98,State Police
SZ002546,2018-09-02,2018,9,Punjab,Gurdaspur,31.495,74.5427,Pharmaceutical Opioids,6.35,Customs
SZ002547,2021-12-27,2021,12,Manipur,Imphal East,25.3772,93.903,Cocaine,3.18,BSF
SZ002548,2022-10-25,2022,10,Punjab,Ludhiana,31.1054,75.8368,Pharmaceutical Opioids,5.59,NCB
SZ002549,2018-04-13,2018,4,Haryana,Sirsa,28.7735,76.8587,Cannabis (Ganja),25.41,State Police
SZ002550,2020-08-12,2020,8,Telangana,Khammam,17.4092,78.2209,Cannabis (Ganja),213.93,State Police
SZ002551,2021-06-01,2021,6,Kerala,Kochi,11.3361,76.8109,Charas/Hashish,2.21,NCB
SZ002552,2023-02-26,2023,2,Manipur,Imphal West,25.0834,94.6967,Opium,6.47,State Police
SZ002553,2023-11-05,2023,11,Rajasthan,Jodhpur,27.3903,74.669,Cannabis (Ganja),30.33,NCB
SZ002554,2023-09-04,2023,9,Gujarat,Kutch,22.003,71.6641,Charas/Hashish,9.29,NCB
SZ002555,2021-08-17,2021,8,Karnataka,Bengaluru Urban,14.8204,76.4947,Cannabis (Ganja),136.4,NCB
SZ002556,2019-02-12,2019,2,Assam,Dibrugarh,25.4976,92.1528,Heroin,2.34,Customs
SZ002557,2024-01-18,2024,1,Manipur,Imphal West,24.6428,94.0219,Cannabis (Ganja),298.3,BSF
SZ002558,2024-12-20,2024,12,Assam,Karimganj,26.4855,93.3206,Poppy Husk,365.59,Customs
SZ002559,2019-02-10,2019,2,Punjab,Ludhiana,30.5793,75.2222,Pharmaceutical Opioids,16.54,NCB
SZ002560,2024-09-05,2024,9,Madhya Pradesh,Indore,22.7423,78.1955,Cannabis (Ganja),38.72,Customs
SZ002561,2023-11-21,2023,11,Rajasthan,Barmer,27.7159,73.9835,Charas/Hashish,6.41,Customs
SZ002562,2024-09-19,2024,9,Gujarat,Porbandar,22.6185,71.5777,Heroin,0.81,NCB
SZ002563,2020-10-25,2020,10,Kerala,Kollam,10.7866,76.8776,Pharmaceutical Opioids,25.0,NCB
SZ002564,2021-07-02,2021,7,Karnataka,Bengaluru Urban,14.8636,76.3879,Poppy Husk,179.49,BSF
SZ002565,2019-02-15,2019,2,Karnataka,Mysuru,15.2573,75.1577,Pharmaceutical Opioids,3.7,State Police
SZ002566,2018-01-18,2018,1,West Bengal,Nadia,23.6226,87.2757,Cocaine,0.49,NCB
SZ002567,2020-07-01,2020,7,Mizoram,Champhai,23.6576,93.6165,Cannabis (Ganja),20.82,State Police
SZ002568,2020-03-07,2020,3,Punjab,Tarn Taran,30.9779,75.3998,Charas/Hashish,6.54,Customs
SZ002569,2023-03-16,2023,3,Gujarat,Kutch,22.3486,71.3501,Heroin,0.1,State Police
SZ002570,2021-12-06,2021,12,Uttar Pradesh,Lucknow,26.915,80.749,MDMA,2.31,Customs
SZ002571,2024-04-23,2024,4,Gujarat,Bhavnagar,22.3999,71.3454,Heroin,4.05,NCB
SZ002572,2019-07-26,2019,7,Tamil Nadu,Chennai,11.2386,78.1846,Cannabis (Ganja),5.05,State Police
SZ002573,2019-06-22,2019,6,Gujarat,Kutch,21.7783,71.6958,Heroin,0.96,Customs
SZ002574,2018-11-01,2018,11,Gujarat,Surat,22.0998,71.9444,Cannabis (Ganja),60.89,Customs
SZ002575,2018-02-23,2018,2,Punjab,Ferozepur,30.4458,74.7291,Charas/Hashish,3.77,Customs
SZ002576,2024-07-11,2024,7,Punjab,Amritsar,31.1786,75.212,Cannabis (Ganja),119.45,State Police
SZ002577,2018-04-08,2018,4,Delhi,New Delhi,29.4057,77.0569,Opium,16.63,BSF
SZ002578,2021-07-18,2021,7,Manipur,Churachandpur,24.6757,93.2198,Cannabis (Ganja),4.95,NCB
SZ002579,2018-06-11,2018,6,Karnataka,Mysuru,15.5458,75.2059,Pharmaceutical Opioids,28.68,State Police
SZ002580,2023-08-15,2023,8,Maharashtra,Mumbai,20.3412,75.5967,Methamphetamine,8.6,State Police
SZ002581,2024-08-13,2024,8,Manipur,Churachandpur,24.3793,93.5821,Pharmaceutical Opioids,19.44,NCB
SZ002582,2018-05-10,2018,5,Bihar,Gaya,25.7921,85.8167,Cannabis (Ganja),236.42,NCB
SZ002583,2024-03-12,2024,3,Manipur,Imphal East,24.9985,94.3484,Poppy Husk,716.88,NCB
SZ002584,2020-06-05,2020,6,Maharashtra,Mumbai,20.3673,76.3154,Methamphetamine,4.52,NCB
SZ002585,2018-05-22,2018,5,Gujarat,Ahmedabad,22.2123,71.7391,Methamphetamine,10.29,State Police
SZ002586,2023-01-20,2023,1,Telangana,Nizamabad,17.7989,78.8903,Heroin,12.02,State Police
SZ002587,2019-02-06,2019,2,Delhi,New Delhi,29.2137,76.9436,Cocaine,8.17,Customs
SZ002588,2020-06-27,2020,6,Assam,Dibrugarh,26.7431,92.2643,Pharmaceutical Opioids,1.04,BSF
SZ002589,2023-02-26,2023,2,West Bengal,Nadia,23.4513,87.8313,Heroin,1.98,Customs
SZ002590,2020-01-19,2020,1,Punjab,Gurdaspur,31.8411,75.8628,Cannabis (Ganja),26.13,State Police
SZ002591,2024-11-14,2024,11,Assam,Karimganj,25.5332,92.6078,Charas/Hashish,7.72,State Police
SZ002592,2024-07-12,2024,7,Karnataka,Bengaluru Urban,14.8317,75.074,Cannabis (Ganja),47.17,DRI
SZ002593,2020-10-23,2020,10,Rajasthan,Jaisalmer,26.6044,74.878,Ketamine,9.05,NCB
SZ002594,2018-05-15,2018,5,Karnataka,Mangaluru,15.8658,75.3882,Methamphetamine,5.91,BSF
SZ002595,2018-03-27,2018,3,Delhi,North West Delhi,28.1317,77.2366,Heroin,7.88,NCB
SZ002596,2020-03-09,2020,3,Andhra Pradesh,Visakhapatnam,16.6966,79.5116,Cocaine,2.62,BSF
SZ002597,2018-11-22,2018,11,West Bengal,Kolkata,22.4107,87.3425,Heroin,18.93,State Police
SZ002598,2022-12-20,2022,12,Haryana,Karnal,28.3494,75.7425,Heroin,15.15,State Police
SZ002599,2022-08-10,2022,8,Gujarat,Bhavnagar,21.4607,71.8386,Heroin,1.68,State Police
SZ002600,2018-04-23,2018,4,Rajasthan,Barmer,26.4748,74.2556,MDMA,4.48,NCB
SZ002601,2023-05-22,2023,5,Karnataka,Mangaluru,15.8685,75.2074,Methamphetamine,5.33,Customs
SZ002602,2022-11-22,2022,11,Rajasthan,Jaisalmer,26.7712,73.8945,Cannabis (Ganja),66.14,State Police
SZ002603,2020-01-10,2020,1,Punjab,Ferozepur,30.388,76.0188,Heroin,8.3,Customs
SZ002604,2024-02-17,2024,2,Uttar Pradesh,Kanpur,27.111,80.3735,Opium,17.33,State Police
SZ002605,2022-06-18,2022,6,Rajasthan,Jodhpur,26.6291,73.5729,Cannabis (Ganja),139.65,NCB
SZ002606,2023-06-16,2023,6,Haryana,Karnal,29.5578,76.3415,MDMA,0.97,BSF
SZ002607,2018-04-04,2018,4,West Bengal,North 24 Parganas,23.4051,88.3007,Charas/Hashish,6.3,Customs
SZ002608,2023-03-07,2023,3,Jammu and Kashmir,Srinagar,33.2446,76.1358,Charas/Hashish,6.49,NCB
SZ002609,2024-03-27,2024,3,Gujarat,Bhavnagar,23.0309,71.6137,MDMA,0.21,BSF
SZ002610,2022-10-10,2022,10,Mizoram,Champhai,22.4399,92.1985,Cannabis (Ganja),42.36,BSF
SZ002611,2019-09-19,2019,9,Rajasthan,Bikaner,27.5427,74.8209,Cannabis (Ganja),55.26,NCB
SZ002612,2023-11-03,2023,11,Delhi,South Delhi,29.1642,76.8376,Heroin,4.11,NCB
SZ002613,2022-12-07,2022,12,Haryana,Gurugram,29.5215,76.0316,Pharmaceutical Opioids,23.5,NCB
SZ002614,2022-11-08,2022,11,Madhya Pradesh,Gwalior,22.6026,79.089,Cocaine,4.22,NCB
SZ002615,2024-12-02,2024,12,West Bengal,Kolkata,23.2735,87.5739,Methamphetamine,3.8,State Police
SZ002616,2022-05-12,2022,5,Mizoram,Lunglei,22.7196,92.8417,Cannabis (Ganja),205.41,NCB
SZ002617,2023-01-04,2023,1,Jammu and Kashmir,Poonch,34.4536,77.1724,Ketamine,6.15,Customs
SZ002618,2022-08-10,2022,8,Rajasthan,Barmer,26.7225,74.4947,Pharmaceutical Opioids,6.3,NCB
SZ002619,2021-08-01,2021,8,Andhra Pradesh,Guntur,16.2132,79.39,Cannabis (Ganja),542.25,State Police
SZ002620,2022-05-24,2022,5,Punjab,Tarn Taran,31.1093,74.99,Heroin,2.0,NCB
SZ002621,2024-05-18,2024,5,West Bengal,Kolkata,22.5996,87.8141,Opium,18.71,Customs
SZ002622,2018-06-15,2018,6,Haryana,Sirsa,29.5867,75.7315,Cocaine,0.66,BSF
SZ002623,2023-02-21,2023,2,Assam,Dibrugarh,26.3208,92.5737,Methamphetamine,11.27,State Police
SZ002624,2022-12-18,2022,12,Mizoram,Aizawl,23.5943,93.2541,Cannabis (Ganja),92.25,NCB
SZ002625,2023-06-11,2023,6,Manipur,Imphal West,25.0575,94.5026,Ketamine,2.28,NCB
SZ002626,2018-09-17,2018,9,Punjab,Tarn Taran,31.1953,75.7968,Cannabis (Ganja),86.4,BSF
SZ002627,2022-11-09,2022,11,Kerala,Kollam,11.4833,76.5683,Cannabis (Ganja),112.49,State Police
SZ002628,2020-11-04,2020,11,Maharashtra,Thane,19.0183,76.3189,Heroin,0.82,State Police
SZ002629,2019-06-27,2019,6,Madhya Pradesh,Gwalior,23.2872,78.2211,Ketamine,0.5,State Police
SZ002630,2021-12-04,2021,12,Punjab,Ferozepur,30.7506,74.5637,Ketamine,0.5,DRI
SZ002631,2021-08-06,2021,8,West Bengal,Malda,23.4814,87.1178,Heroin,6.18,NCB
SZ002632,2018-02-08,2018,2,Mizoram,Lunglei,23.4866,92.9321,Cannabis (Ganja),24.86,State Police
SZ002633,2021-05-27,2021,5,Manipur,Churachandpur,25.1943,94.1037,Cannabis (Ganja),132.64,NCB
SZ002634,2022-07-20,2022,7,Rajasthan,Bikaner,26.2255,74.6581,Methamphetamine,13.95,State Police
SZ002635,2021-10-23,2021,10,Telangana,Khammam,18.1636,78.547,Opium,4.43,NCB
SZ002636,2020-07-21,2020,7,Tamil Nadu,Madurai,11.5134,79.0826,Charas/Hashish,5.67,State Police
SZ002637,2023-05-19,2023,5,Haryana,Karnal,29.0106,75.7125,Cannabis (Ganja),184.84,State Police
SZ002638,2024-01-18,2024,1,Rajasthan,Jodhpur,27.183,74.5761,Heroin,11.56,State Police
SZ002639,2023-03-04,2023,3,Punjab,Ludhiana,31.6382,75.2426,Methamphetamine,0.1,Customs
SZ002640,2023-06-27,2023,6,Maharashtra,Nashik,19.9179,75.347,Cannabis (Ganja),145.68,NCB
SZ002641,2018-04-24,2018,4,Tamil Nadu,Tirunelveli,11.2952,78.6863,Opium,24.38,Customs
SZ002642,2020-06-17,2020,6,Punjab,Tarn Taran,31.9105,75.7485,Pharmaceutical Opioids,10.17,State Police
SZ002643,2022-02-23,2022,2,Manipur,Churachandpur,25.3901,93.6912,Cannabis (Ganja),84.03,State Police
SZ002644,2019-07-10,2019,7,Uttar Pradesh,Lucknow,26.7499,81.4629,Methamphetamine,11.9,NCB
SZ002645,2024-01-24,2024,1,Madhya Pradesh,Indore,23.0119,79.1861,MDMA,0.05,State Police
SZ002646,2021-03-03,2021,3,Delhi,East Delhi,28.9306,76.9247,Charas/Hashish,1.05,NCB
SZ002647,2022-12-11,2022,12,Punjab,Amritsar,31.011,75.5441,Methamphetamine,3.49,NCB
SZ002648,2019-09-25,2019,9,Assam,Karimganj,26.4234,92.2845,Charas/Hashish,3.01,State Police
SZ002649,2023-10-02,2023,10,Bihar,Patna,25.2601,85.4332,Charas/Hashish,0.14,NCB
SZ002650,2018-12-07,2018,12,Rajasthan,Jodhpur,26.9822,74.1193,Heroin,4.79,NCB
SZ002651,2020-10-26,2020,10,Mizoram,Lunglei,22.9005,92.8639,Opium,18.17,State Police
SZ002652,2024-01-11,2024,1,Madhya Pradesh,Indore,22.9749,79.4489,Charas/Hashish,18.75,Customs
SZ002653,2019-03-24,2019,3,Maharashtra,Pune,19.8142,76.2316,Cannabis (Ganja),145.88,Customs
SZ002654,2020-05-15,2020,5,Punjab,Tarn Taran,31.229,75.8334,MDMA,4.31,State Police
SZ002655,2021-11-06,2021,11,Punjab,Gurdaspur,30.8797,75.1953,Cannabis (Ganja),152.45,NCB
SZ002656,2020-08-09,2020,8,Kerala,Kollam,10.9719,76.5625,Cannabis (Ganja),73.61,Customs
SZ002657,2019-06-24,2019,6,Manipur,Churachandpur,25.3608,93.3593,Ketamine,1.1,Customs
SZ002658,2022-03-18,2022,3,Andhra Pradesh,Guntur,15.9095,79.7787,Heroin,7.86,NCB
SZ002659,2020-11-03,2020,11,Gujarat,Surat,22.6451,71.864,Heroin,1.65,State Police
SZ002660,2018-06-08,2018,6,Maharashtra,Pune,19.0767,75.5314,Opium,19.09,Customs
SZ002661,2021-08-19,2021,8,Assam,Dibrugarh,26.5349,92.4146,Charas/Hashish,4.65,State Police
SZ002662,2021-07-07,2021,7,Haryana,Sirsa,29.4619,75.4653,Pharmaceutical Opioids,8.27,BSF
SZ002663,2024-05-27,2024,5,Gujarat,Porbandar,21.4709,70.8293,Cannabis (Ganja),0.14,State Police
SZ002664,2024-04-21,2024,4,Manipur,Churachandpur,24.5747,94.0157,Pharmaceutical Opioids,10.57,State Police
SZ002665,2022-11-22,2022,11,Gujarat,Surat,22.3605,70.9634,Charas/Hashish,8.72,BSF
SZ002666,2021-04-21,2021,4,Mizoram,Aizawl,23.1519,92.7103,Pharmaceutical Opioids,25.63,Customs
SZ002667,2021-12-01,2021,12,Madhya Pradesh,Bhopal,22.5749,77.8832,Cannabis (Ganja),21.53,State Police
SZ002668,2022-02-17,2022,2,Delhi,North West Delhi,28.1998,76.3095,Heroin,2.15,DRI
SZ002669,2022-05-10,2022,5,Punjab,Tarn Taran,31.3134,75.3694,Cannabis (Ganja),140.56,BSF
SZ002670,2021-09-07,2021,9,Rajasthan,Barmer,27.3944,73.7659,Heroin,4.22,State Police
SZ002671,2020-09-26,2020,9,Gujarat,Ahmedabad,22.9509,71.8055,Cannabis (Ganja),66.0,NCB
SZ002672,2024-08-19,2024,8,Manipur,Chandel,25.3336,93.9375,Cocaine,3.73,NCB
SZ002673,2021-09-05,2021,9,Manipur,Churachandpur,25.4005,93.6734,Cocaine,1.24,Customs
SZ002674,2018-08-13,2018,8,Assam,Cachar,26.5752,92.2208,Heroin,5.64,State Police
SZ002675,2024-04-10,2024,4,Haryana,Karnal,28.6428,76.6968,Heroin,0.58,Customs
SZ002676,2022-09-19,2022,9,Andhra Pradesh,Visakhapatnam,16.4448,79.833,Methamphetamine,2.63,State Police
SZ002677,2020-06-19,2020,6,Manipur,Imphal East,25.1889,94.3203,Cannabis (Ganja),17.28,NCB
SZ002678,2024-08-24,2024,8,Haryana,Sirsa,28.9917,76.4399,Heroin,1.97,State Police
SZ002679,2024-10-22,2024,10,Andhra Pradesh,Vijayawada,15.6507,80.2419,Pharmaceutical Opioids,2.51,NCB
SZ002680,2024-06-12,2024,6,Rajasthan,Jodhpur,26.7989,73.7991,Charas/Hashish,8.78,NCB
SZ002681,2018-03-20,2018,3,Mizoram,Lunglei,22.5274,92.9489,Cannabis (Ganja),242.85,State Police
SZ002682,2020-04-09,2020,4,Manipur,Chandel,24.6531,93.3321,Heroin,0.83,NCB
SZ002683,2021-10-13,2021,10,Rajasthan,Jodhpur,26.6975,74.0319,Opium,20.99,State Police
SZ002684,2019-04-25,2019,4,Delhi,North West Delhi,29.3491,76.5727,Methamphetamine,1.27,NCB
SZ002685,2019-12-03,2019,12,Gujarat,Bhavnagar,22.0449,70.5387,Cocaine,4.29,Customs
SZ002686,2021-09-02,2021,9,Uttar Pradesh,Ghaziabad,26.8969,80.9441,Methamphetamine,11.93,NCB
SZ002687,2022-01-07,2022,1,Delhi,South Delhi,28.2255,77.2123,Heroin,0.59,Customs
SZ002688,2021-04-16,2021,4,Manipur,Imphal East,25.1705,94.4276,Opium,19.47,Coast Guard
SZ002689,2022-07-22,2022,7,Jammu and Kashmir,Srinagar,34.4402,76.6164,Heroin,6.35,NCB
SZ002690,2019-09-10,2019,9,Uttar Pradesh,Ghaziabad,26.8348,80.1793,Opium,27.97,State Police
SZ002691,2022-05-12,2022,5,Punjab,Ferozepur,30.6982,75.1705,Pharmaceutical Opioids,10.22,NCB
SZ002692,2024-08-19,2024,8,Punjab,Amritsar,31.8008,75.9735,Methamphetamine,7.07,NCB
SZ002693,2020-05-27,2020,5,Gujarat,Ahmedabad,21.472,71.6564,Cannabis (Ganja),243.53,State Police
SZ002694,2024-07-13,2024,7,Punjab,Gurdaspur,30.4049,74.9595,Methamphetamine,21.23,NCB
SZ002695,2023-12-07,2023,12,Rajasthan,Jaisalmer,26.2426,74.7386,Methamphetamine,47.68,Customs
SZ002696,2021-06-05,2021,6,Rajasthan,Barmer,26.6627,74.6693,Opium,15.62,State Police
SZ002697,2021-08-17,2021,8,Andhra Pradesh,Anantapur,16.1371,79.3895,Cannabis (Ganja),193.22,DRI
SZ002698,2018-11-05,2018,11,Karnataka,Mysuru,16.0629,75.9308,Opium,2.08,NCB
SZ002699,2021-03-20,2021,3,Manipur,Churachandpur,25.3105,93.4267,MDMA,0.37,State Police
SZ002700,2020-10-11,2020,10,Karnataka,Bengaluru Urban,15.8973,75.5612,Poppy Husk,1340.86,State Police
SZ002701,2018-06-18,2018,6,Manipur,Imphal West,25.2313,94.3476,Cannabis (Ganja),141.14,NCB
SZ002702,2021-02-08,2021,2,West Bengal,Nadia,23.4378,88.5667,Heroin,0.97,State Police
SZ002703,2024-02-07,2024,2,Uttar Pradesh,Ghaziabad,26.3857,81.0671,Poppy Husk,46.59,State Police
SZ002704,2018-11-02,2018,11,Delhi,East Delhi,29.0568,77.5169,Cannabis (Ganja),239.91,NCB
SZ002705,2018-05-14,2018,5,Tamil Nadu,Madurai,11.6745,78.32,Heroin,3.28,State Police
SZ002706,2019-04-18,2019,4,Delhi,South Delhi,28.1388,77.1201,Methamphetamine,1.51,NCB
SZ002707,2018-01-17,2018,1,Punjab,Tarn Taran,30.8778,74.7646,Cannabis (Ganja),165.64,BSF
SZ002708,2018-01-10,2018,1,Jammu and Kashmir,Jammu,33.5496,75.937,Heroin,7.59,Customs
SZ002709,2020-03-26,2020,3,Tamil Nadu,Madurai,11.6125,79.063,Cannabis (Ganja),53.25,Customs
SZ002710,2021-04-10,2021,4,Andhra Pradesh,Vijayawada,15.3357,79.142,Methamphetamine,0.39,Customs
SZ002711,2021-06-19,2021,6,Assam,Cachar,26.6163,93.1925,Heroin,2.12,State Police
SZ002712,2024-11-12,2024,11,Gujarat,Bhavnagar,22.8384,70.4171,Ketamine,1.22,State Police
SZ002713,2020-04-13,2020,4,Maharashtra,Mumbai,19.4306,75.3464,Cannabis (Ganja),27.12,State Police
SZ002714,2018-10-21,2018,10,Andhra Pradesh,Vijayawada,16.3284,79.7573,Cannabis (Ganja),55.25,State Police
SZ002715,2020-01-10,2020,1,Jammu and Kashmir,Srinagar,33.3469,76.3089,MDMA,2.45,BSF
SZ002716,2020-04-04,2020,4,Andhra Pradesh,Anantapur,16.6515,79.5904,Methamphetamine,7.3,NCB
SZ002717,2020-06-13,2020,6,Maharashtra,Thane,20.2546,75.2869,Cannabis (Ganja),47.25,State Police
SZ002718,2019-08-15,2019,8,Odisha,Bhubaneswar,20.9218,85.6422,MDMA,1.24,BSF
SZ002719,2022-05-24,2022,5,Madhya Pradesh,Bhopal,23.4968,78.3408,Cannabis (Ganja),98.19,BSF
SZ002720,2020-08-04,2020,8,Telangana,Nizamabad,18.5443,78.2826,Poppy Husk,77.75,NCB
SZ002721,2024-04-20,2024,4,Maharashtra,Thane,20.4737,75.5329,Heroin,6.83,Customs
SZ002722,2023-05-20,2023,5,Punjab,Amritsar,31.8561,75.1638,Pharmaceutical Opioids,8.05,Customs
SZ002723,2024-04-01,2024,4,Tamil Nadu,Chennai,11.676,78.364,Ketamine,2.86,DRI
SZ002724,2022-07-04,2022,7,Punjab,Ludhiana,31.743,75.9363,Methamphetamine,9.46,State Police
SZ002725,2021-09-16,2021,9,Karnataka,Mysuru,15.3478,75.7741,Cannabis (Ganja),12.02,State Police
SZ002726,2018-09-23,2018,9,Haryana,Sirsa,29.0999,75.5946,MDMA,4.06,BSF
SZ002727,2019-10-03,2019,10,Kerala,Kochi,10.3279,75.7485,Cannabis (Ganja),8.05,NCB
SZ002728,2019-08-02,2019,8,Rajasthan,Jodhpur,27.4889,73.9733,Cannabis (Ganja),335.61,NCB
SZ002729,2019-05-02,2019,5,Kerala,Thiruvananthapuram,11.5851,75.8751,Poppy Husk,233.64,NCB
SZ002730,2023-01-15,2023,1,Rajasthan,Jodhpur,27.0277,73.6072,Opium,9.49,Customs
SZ002731,2024-07-15,2024,7,Gujarat,Bhavnagar,21.6631,70.8821,Cannabis (Ganja),207.02,State Police
SZ002732,2018-02-16,2018,2,Maharashtra,Nagpur,20.5449,75.0889,Cannabis (Ganja),9.97,NCB
SZ002733,2024-02-12,2024,2,Jammu and Kashmir,Baramulla,33.5552,77.1015,Charas/Hashish,2.38,NCB
SZ002734,2023-09-20,2023,9,Kerala,Kozhikode,11.2071,75.491,Heroin,8.39,BSF
SZ002735,2018-12-21,2018,12,Rajasthan,Jodhpur,26.5159,73.4379,Methamphetamine,2.68,Coast Guard
SZ002736,2022-12-16,2022,12,Punjab,Ferozepur,30.8293,76.0711,Charas/Hashish,3.76,Customs
SZ002737,2023-09-15,2023,9,Jammu and Kashmir,Baramulla,33.0489,75.9526,Charas/Hashish,14.46,State Police
SZ002738,2021-01-15,2021,1,Manipur,Chandel,24.4135,93.616,Charas/Hashish,17.19,Customs
SZ002739,2020-10-19,2020,10,Odisha,Bhubaneswar,21.238,84.8149,Pharmaceutical Opioids,0.44,State Police
SZ002740,2021-09-04,2021,9,Madhya Pradesh,Bhopal,22.6096,78.7209,Methamphetamine,0.45,State Police
SZ002741,2020-05-18,2020,5,West Bengal,Malda,23.6934,87.6332,Pharmaceutical Opioids,0.09,State Police
SZ002742,2020-03-17,2020,3,Tamil Nadu,Coimbatore,11.1546,79.0066,Pharmaceutical Opioids,12.6,State Police
SZ002743,2018-03-26,2018,3,Karnataka,Bengaluru Urban,14.6821,74.9236,Cannabis (Ganja),290.24,Customs
SZ002744,2024-01-07,2024,1,Mizoram,Champhai,23.0708,92.3013,Heroin,0.17,Customs
SZ002745,2021-12-16,2021,12,Punjab,Gurdaspur,30.9159,75.3727,Heroin,0.53,State Police
SZ002746,2020-03-27,2020,3,Delhi,North West Delhi,28.4751,76.7862,Cannabis (Ganja),28.91,State Police
SZ002747,2023-08-02,2023,8,West Bengal,Nadia,22.5374,87.5651,Heroin,1.4,State Police
SZ002748,2019-12-25,2019,12,Tamil Nadu,Chennai,10.7867,79.021,Cannabis (Ganja),209.03,State Police
SZ002749,2024-06-09,2024,6,Madhya Pradesh,Neemuch,22.5858,79.4463,Opium,4.08,BSF
SZ002750,2019-08-03,2019,8,Rajasthan,Kota,27.5602,73.5723,Cannabis (Ganja),33.46,BSF
SZ002751,2021-04-16,2021,4,Telangana,Khammam,18.238,78.3995,Cannabis (Ganja),497.45,BSF
SZ002752,2019-06-27,2019,6,Maharashtra,Nagpur,19.3301,75.4208,Heroin,0.65,State Police
SZ002753,2022-05-01,2022,5,Andhra Pradesh,Anantapur,16.3498,80.1253,Cannabis (Ganja),56.29,NCB
SZ002754,2024-01-24,2024,1,Manipur,Imphal East,23.9771,93.301,Methamphetamine,3.7,NCB
SZ002755,2021-01-20,2021,1,Delhi,South Delhi,28.2619,77.1307,Opium,23.92,DRI
SZ002756,2024-04-11,2024,4,Manipur,Churachandpur,24.9618,94.5458,Cocaine,2.32,State Police
SZ002757,2023-11-03,2023,11,Kerala,Kozhikode,11.2169,77.003,Heroin,7.85,NCB
SZ002758,2023-06-24,2023,6,Karnataka,Bengaluru Urban,15.6095,75.8772,Methamphetamine,3.66,NCB
SZ002759,2019-11-20,2019,11,Gujarat,Surat,22.5336,70.8778,Cocaine,2.37,NCB
SZ002760,2020-03-23,2020,3,Delhi,South Delhi,29.292,76.3289,Cannabis (Ganja),16.77,NCB
SZ002761,2019-01-13,2019,1,Manipur,Churachandpur,24.9333,93.1865,MDMA,3.26,Coast Guard
SZ002762,2018-02-09,2018,2,Manipur,Chandel,24.2639,93.6475,Charas/Hashish,0.2,State Police
SZ002763,2019-07-03,2019,7,Punjab,Gurdaspur,31.3478,75.5905,Cannabis (Ganja),25.22,NCB
SZ002764,2023-10-06,2023,10,Mizoram,Champhai,23.7199,92.842,Charas/Hashish,8.77,BSF
SZ002765,2020-07-12,2020,7,Odisha,Cuttack,20.6051,85.3724,Heroin,2.14,Customs
SZ002766,2019-03-24,2019,3,Haryana,Faridabad,29.4448,75.7184,MDMA,0.35,BSF
SZ002767,2019-09-03,2019,9,Assam,Guwahati,26.0666,93.5602,Cannabis (Ganja),101.73,NCB
SZ002768,2020-11-05,2020,11,Punjab,Amritsar,31.9395,74.8633,Cannabis (Ganja),203.1,NCB
SZ002769,2023-04-26,2023,4,Kerala,Kozhikode,11.6176,77.0128,Ketamine,0.17,NCB
SZ002770,2021-04-07,2021,4,Mizoram,Champhai,22.7817,92.1532,Poppy Husk,54.48,State Police
SZ002771,2022-08-11,2022,8,Bihar,Muzaffarpur,25.0579,85.446,Methamphetamine,4.04,DRI
SZ002772,2022-10-12,2022,10,Kerala,Kochi,11.1074,76.5967,Heroin,4.58,State Police
SZ002773,2018-03-04,2018,3,Maharashtra,Nashik,20.0271,76.0182,Poppy Husk,558.95,NCB
SZ002774,2019-08-26,2019,8,Gujarat,Ahmedabad,22.0635,71.445,Heroin,1.78,NCB
SZ002775,2024-04-27,2024,4,Haryana,Karnal,29.1449,75.5117,Cannabis (Ganja),289.45,Customs
SZ002776,2022-05-20,2022,5,Assam,Karimganj,25.9096,92.5413,Cocaine,0.92,State Police
SZ002777,2023-02-20,2023,2,Maharashtra,Mumbai,20.0734,76.1359,Heroin,9.43,State Police
SZ002778,2024-11-08,2024,11,West Bengal,Kolkata,23.6259,87.5104,Heroin,1.6,State Police
SZ002779,2020-12-06,2020,12,Mizoram,Aizawl,23.3166,92.2418,Poppy Husk,110.94,NCB
SZ002780,2020-04-06,2020,4,Punjab,Gurdaspur,30.998,75.6477,MDMA,0.71,BSF
SZ002781,2018-01-26,2018,1,Maharashtra,Pune,19.1862,75.7524,MDMA,1.16,Customs
SZ002782,2018-06-09,2018,6,Delhi,East Delhi,28.2041,77.7633,Methamphetamine,3.77,State Police
SZ002783,2022-11-11,2022,11,Odisha,Ganjam,21.0346,84.8265,Cannabis (Ganja),162.15,State Police
SZ002784,2019-08-23,2019,8,Maharashtra,Mumbai,19.6047,76.383,Cannabis (Ganja),70.45,NCB
SZ002785,2018-05-16,2018,5,Gujarat,Bhavnagar,22.4846,70.7043,Heroin,0.36,State Police
SZ002786,2018-05-06,2018,5,Andhra Pradesh,Visakhapatnam,16.166,79.7657,Poppy Husk,205.47,DRI
SZ002787,2023-01-05,2023,1,Rajasthan,Jaisalmer,26.7772,74.4614,Opium,0.05,State Police
SZ002788,2019-07-08,2019,7,Assam,Guwahati,26.3525,92.9673,Methamphetamine,0.05,NCB
SZ002789,2020-10-08,2020,10,Delhi,North West Delhi,29.1759,76.3223,Poppy Husk,71.83,State Police
SZ002790,2018-02-20,2018,2,Mizoram,Aizawl,23.6277,93.0858,Cannabis (Ganja),122.07,State Police
SZ002791,2024-01-06,2024,1,Delhi,New Delhi,28.4963,76.3746,Cocaine,0.94,NCB
SZ002792,2019-05-02,2019,5,Manipur,Churachandpur,24.5342,94.3648,Opium,17.85,State Police
SZ002793,2021-10-19,2021,10,Punjab,Tarn Taran,31.309,74.9915,Pharmaceutical Opioids,1.07,NCB
SZ002794,2020-12-01,2020,12,Manipur,Churachandpur,24.5546,93.1288,Charas/Hashish,7.09,State Police
SZ002795,2023-06-19,2023,6,Manipur,Churachandpur,25.2307,94.1111,Heroin,2.93,DRI
SZ002796,2023-09-03,2023,9,Tamil Nadu,Tirunelveli,11.1658,79.0801,Cannabis (Ganja),123.27,DRI
SZ002797,2024-06-08,2024,6,Gujarat,Ahmedabad,23.0491,70.9626,MDMA,1.09,NCB
SZ002798,2021-08-22,2021,8,Rajasthan,Bikaner,26.7928,74.5637,Charas/Hashish,23.64,NCB
SZ002799,2021-03-23,2021,3,Mizoram,Aizawl,23.9212,93.5805,Opium,17.24,NCB
SZ002800,2018-08-06,2018,8,Rajasthan,Jodhpur,27.6997,73.7888,Cannabis (Ganja),110.41,Customs
SZ002801,2024-05-08,2024,5,Madhya Pradesh,Neemuch,22.7647,78.2232,Poppy Husk,184.06,DRI
SZ002802,2021-12-08,2021,12,Maharashtra,Thane,20.2445,75.7182,Charas/Hashish,2.62,State Police
SZ002803,2023-07-01,2023,7,Delhi,New Delhi,29.2344,77.1458,MDMA,0.65,State Police
SZ002804,2021-01-14,2021,1,Odisha,Ganjam,21.3451,84.8666,Methamphetamine,4.02,State Police
SZ002805,2019-01-01,2019,1,Madhya Pradesh,Neemuch,23.3685,77.9013,Heroin,0.42,State Police
SZ002806,2018-06-11,2018,6,Punjab,Gurdaspur,30.8496,75.1981,Poppy Husk,422.86,State Police
SZ002807,2019-04-07,2019,4,West Bengal,Nadia,23.1385,88.1679,Cocaine,3.35,State Police
SZ002808,2022-06-07,2022,6,Assam,Cachar,26.3675,93.0375,Pharmaceutical Opioids,3.06,BSF
SZ002809,2019-11-08,2019,11,Rajasthan,Jodhpur,27.1989,74.1618,Ketamine,0.42,BSF
SZ002810,2020-10-22,2020,10,Karnataka,Bengaluru Urban,15.7225,76.0351,Cannabis (Ganja),43.09,Customs
SZ002811,2024-07-10,2024,7,Madhya Pradesh,Neemuch,22.6629,78.5687,Cannabis (Ganja),28.92,Customs
SZ002812,2019-06-05,2019,6,Mizoram,Aizawl,22.5787,93.4755,Cannabis (Ganja),65.89,NCB
SZ002813,2020-12-26,2020,12,Karnataka,Mysuru,16.1059,76.2034,Heroin,8.68,NCB
SZ002814,2020-10-26,2020,10,Maharashtra,Thane,19.5098,75.488,Cannabis (Ganja),95.4,State Police
SZ002815,2021-08-04,2021,8,Delhi,South Delhi,29.1073,77.1056,Charas/Hashish,4.9,State Police
SZ002816,2018-01-22,2018,1,Gujarat,Surat,22.0361,70.9628,Ketamine,1.23,Customs
SZ002817,2018-12-16,2018,12,Gujarat,Porbandar,21.8611,70.8054,Heroin,0.53,DRI
SZ002818,2018-01-27,2018,1,Manipur,Chandel,23.8987,93.8512,Cannabis (Ganja),31.07,BSF
SZ002819,2019-09-07,2019,9,Punjab,Amritsar,31.2444,74.8636,Methamphetamine,6.32,NCB
SZ002820,2022-09-12,2022,9,Tamil Nadu,Chennai,10.4434,78.8883,Cannabis (Ganja),127.7,Customs
SZ002821,2021-06-15,2021,6,Gujarat,Bhavnagar,21.5677,70.942,Pharmaceutical Opioids,10.65,State Police
SZ002822,2023-07-06,2023,7,Delhi,North West Delhi,29.3017,77.3895,Heroin,1.2,State Police
SZ002823,2024-12-22,2024,12,Maharashtra,Thane,19.4514,75.4359,Methamphetamine,11.0,State Police
SZ002824,2023-04-15,2023,4,Uttar Pradesh,Kanpur,27.124,80.2355,Cannabis (Ganja),54.93,NCB
SZ002825,2018-10-05,2018,10,Punjab,Ludhiana,31.4448,75.1478,Methamphetamine,0.27,Coast Guard
SZ002826,2018-07-07,2018,7,Gujarat,Kutch,21.9173,70.7198,Pharmaceutical Opioids,17.26,NCB
SZ002827,2024-03-22,2024,3,Gujarat,Porbandar,22.7829,71.0712,Pharmaceutical Opioids,0.66,NCB
SZ002828,2019-12-24,2019,12,Karnataka,Bengaluru Urban,15.851,75.2955,Methamphetamine,19.55,State Police
SZ002829,2022-04-09,2022,4,Andhra Pradesh,Guntur,15.1983,80.4884,Cocaine,5.27,Coast Guard
SZ002830,2019-05-20,2019,5,Maharashtra,Pune,20.1965,75.3459,Cannabis (Ganja),411.69,NCB
SZ002831,2022-04-22,2022,4,Punjab,Ferozepur,30.6762,75.389,Poppy Husk,263.76,State Police
SZ002832,2022-05-03,2022,5,Uttar Pradesh,Lucknow,26.3284,81.1983,Cannabis (Ganja),88.71,DRI
SZ002833,2022-12-22,2022,12,Odisha,Ganjam,20.3139,85.8162,Ketamine,0.55,Customs
SZ002834,2019-04-21,2019,4,Haryana,Sirsa,29.6984,75.948,Cannabis (Ganja),31.11,Customs
SZ002835,2018-11-21,2018,11,Jammu and Kashmir,Jammu,33.7483,75.8844,Pharmaceutical Opioids,2.0,NCB
SZ002836,2021-02-22,2021,2,Haryana,Karnal,29.1564,76.6916,Cannabis (Ganja),60.96,NCB
SZ002837,2018-07-19,2018,7,Delhi,South Delhi,28.9208,76.3815,Opium,0.07,Customs
SZ002838,2023-04-19,2023,4,Karnataka,Mysuru,15.1994,75.0493,Opium,4.09,Customs
SZ002839,2021-05-09,2021,5,Punjab,Amritsar,31.2898,76.0171,Cannabis (Ganja),38.95,Customs
SZ002840,2024-07-02,2024,7,Maharashtra,Nashik,19.6653,75.9291,Cannabis (Ganja),5.21,State Police
SZ002841,2019-07-16,2019,7,Karnataka,Mangaluru,15.2272,75.7566,Methamphetamine,2.44,State Police
SZ002842,2024-05-06,2024,5,Maharashtra,Nagpur,20.2977,75.9384,Heroin,1.23,State Police
SZ002843,2021-05-20,2021,5,Telangana,Khammam,18.8565,78.6,Cannabis (Ganja),109.65,NCB
SZ002844,2021-07-20,2021,7,Manipur,Churachandpur,25.4395,93.5041,Poppy Husk,1060.16,NCB
SZ002845,2019-10-04,2019,10,Maharashtra,Nagpur,19.9844,76.3343,Cannabis (Ganja),121.7,NCB
SZ002846,2018-06-06,2018,6,Mizoram,Aizawl,23.2478,93.1689,Cannabis (Ganja),116.95,Coast Guard
SZ002847,2022-09-04,2022,9,Gujarat,Kutch,21.6043,70.8441,Cannabis (Ganja),10.82,NCB
SZ002848,2024-05-16,2024,5,Jammu and Kashmir,Srinagar,34.0218,77.2529,Methamphetamine,5.28,Customs
SZ002849,2019-09-10,2019,9,Punjab,Tarn Taran,30.6048,75.0432,Opium,24.82,Customs
SZ002850,2024-07-13,2024,7,Rajasthan,Barmer,27.7472,74.8721,Opium,4.56,NCB
SZ002851,2018-10-17,2018,10,Odisha,Cuttack,21.6281,84.3765,Ketamine,3.93,BSF
SZ002852,2019-08-12,2019,8,Telangana,Nizamabad,17.5652,78.7544,Cocaine,1.33,Customs
SZ002853,2022-08-09,2022,8,Uttar Pradesh,Lucknow,26.9526,81.5966,Heroin,8.07,NCB
SZ002854,2023-05-22,2023,5,West Bengal,Nadia,22.3746,87.3045,Heroin,4.57,Customs
SZ002855,2018-08-10,2018,8,Haryana,Sirsa,29.6167,75.6012,Cannabis (Ganja),37.7,NCB
SZ002856,2018-05-12,2018,5,Tamil Nadu,Chennai,11.2193,78.6283,Charas/Hashish,1.8,Customs
SZ002857,2022-05-11,2022,5,Gujarat,Surat,21.6302,70.4532,Heroin,0.22,DRI
SZ002858,2021-07-07,2021,7,Manipur,Imphal East,25.018,94.6661,Heroin,9.59,NCB
SZ002859,2020-09-06,2020,9,Rajasthan,Jodhpur,27.5602,74.8231,Cannabis (Ganja),3.75,State Police
SZ002860,2023-07-18,2023,7,Uttar Pradesh,Lucknow,27.5834,80.6141,MDMA,0.54,State Police
SZ002861,2024-11-03,2024,11,Karnataka,Belagavi,15.559,75.2048,Methamphetamine,1.99,State Police
SZ002862,2023-08-14,2023,8,Jammu and Kashmir,Jammu,33.2019,75.8896,Heroin,3.42,BSF
SZ002863,2023-02-08,2023,2,Mizoram,Aizawl,22.6234,92.9937,Cannabis (Ganja),85.84,Customs
SZ002864,2023-12-25,2023,12,Manipur,Imphal East,25.3465,94.442,MDMA,1.86,NCB
SZ002865,2024-09-03,2024,9,Gujarat,Bhavnagar,22.5915,71.4546,Cocaine,4.19,NCB
SZ002866,2018-01-03,2018,1,Manipur,Chandel,25.3212,93.8305,Opium,1.81,Customs
SZ002867,2021-11-15,2021,11,Rajasthan,Jodhpur,27.1211,74.6112,Cocaine,0.87,Coast Guard
SZ002868,2024-11-10,2024,11,Maharashtra,Nagpur,19.5236,75.4171,Cannabis (Ganja),89.48,Coast Guard
SZ002869,2018-12-26,2018,12,Assam,Karimganj,26.0124,93.2292,Heroin,11.28,Customs
SZ002870,2019-01-12,2019,1,Gujarat,Ahmedabad,22.2883,71.7132,Cannabis (Ganja),162.95,DRI
SZ002871,2023-11-14,2023,11,Uttar Pradesh,Ghaziabad,27.1847,81.2742,MDMA,1.62,BSF
SZ002872,2023-06-09,2023,6,Kerala,Kochi,11.2879,76.8442,Poppy Husk,112.91,NCB
SZ002873,2024-11-12,2024,11,Delhi,New Delhi,28.74,76.9357,Charas/Hashish,2.97,BSF
SZ002874,2020-04-14,2020,4,Assam,Dibrugarh,25.7664,92.9401,Pharmaceutical Opioids,8.56,State Police
SZ002875,2020-09-02,2020,9,Maharashtra,Mumbai,19.8568,76.0033,Charas/Hashish,3.31,NCB
SZ002876,2023-08-25,2023,8,Maharashtra,Nagpur,20.4441,75.1467,Heroin,0.86,DRI
SZ002877,2018-02-07,2018,2,Madhya Pradesh,Bhopal,22.548,78.8211,Cannabis (Ganja),91.75,Coast Guard
SZ002878,2018-11-17,2018,11,Odisha,Ganjam,21.3694,85.303,Cocaine,1.09,NCB
SZ002879,2019-06-15,2019,6,Haryana,Sirsa,28.7367,76.5591,Cannabis (Ganja),51.58,State Police
SZ002880,2023-06-20,2023,6,Rajasthan,Jaisalmer,26.3135,73.4661,Charas/Hashish,7.48,NCB
SZ002881,2022-01-18,2022,1,Mizoram,Aizawl,23.4188,93.3085,MDMA,1.6,State Police
SZ002882,2020-11-03,2020,11,Uttar Pradesh,Agra,26.2402,80.5792,Opium,18.46,Customs
SZ002883,2019-06-24,2019,6,Maharashtra,Nashik,19.406,76.4794,Methamphetamine,1.1,State Police
SZ002884,2022-02-06,2022,2,West Bengal,Kolkata,22.5591,87.4344,Cannabis (Ganja),37.37,State Police
SZ002885,2022-02-05,2022,2,Rajasthan,Jaisalmer,27.3479,74.7798,Opium,1.68,State Police
SZ002886,2021-06-03,2021,6,Madhya Pradesh,Indore,23.5549,78.3955,Cannabis (Ganja),19.09,NCB
SZ002887,2022-04-21,2022,4,Jammu and Kashmir,Jammu,34.1383,76.6601,Poppy Husk,86.19,DRI
SZ002888,2023-05-03,2023,5,Telangana,Warangal,18.3316,79.6264,Charas/Hashish,5.61,Customs
SZ002889,2020-03-11,2020,3,Delhi,East Delhi,29.088,76.3715,Charas/Hashish,0.52,State Police
SZ002890,2021-02-04,2021,2,Manipur,Churachandpur,24.9766,94.6317,Methamphetamine,12.2,NCB
SZ002891,2023-01-11,2023,1,Rajasthan,Jodhpur,27.5066,74.1155,Pharmaceutical Opioids,12.27,Customs
SZ002892,2021-02-21,2021,2,Manipur,Imphal East,25.0061,94.3045,Cannabis (Ganja),34.45,NCB
SZ002893,2022-01-24,2022,1,Punjab,Gurdaspur,30.3967,75.7001,Poppy Husk,184.64,NCB
SZ002894,2019-02-23,2019,2,Delhi,New Delhi,28.3321,77.0179,Pharmaceutical Opioids,0.7,State Police
SZ002895,2024-10-02,2024,10,Punjab,Gurdaspur,31.2968,75.8505,Ketamine,5.93,State Police
SZ002896,2020-09-20,2020,9,Mizoram,Champhai,23.1279,92.7565,Heroin,0.32,NCB
SZ002897,2022-11-06,2022,11,Gujarat,Ahmedabad,21.6374,71.2977,MDMA,3.58,NCB
SZ002898,2023-09-01,2023,9,Mizoram,Champhai,23.2144,92.3157,Charas/Hashish,3.93,Coast Guard
SZ002899,2023-03-27,2023,3,Mizoram,Aizawl,22.4234,92.5395,Opium,6.5,NCB
SZ002900,2023-05-03,2023,5,Tamil Nadu,Chennai,10.6514,78.3459,Heroin,8.69,Customs
SZ002901,2018-12-15,2018,12,Punjab,Tarn Taran,30.954,76.0965,Cannabis (Ganja),59.18,State Police
SZ002902,2024-02-04,2024,2,Punjab,Tarn Taran,31.6721,74.7848,Heroin,0.75,NCB
SZ002903,2020-08-10,2020,8,Haryana,Sirsa,28.7954,76.2862,Cannabis (Ganja),180.95,Customs
SZ002904,2019-01-10,2019,1,Delhi,North West Delhi,29.1569,77.8593,Methamphetamine,7.95,Coast Guard
SZ002905,2019-08-09,2019,8,Haryana,Sirsa,28.7421,75.8704,Heroin,0.28,Customs
SZ002906,2018-09-25,2018,9,Delhi,North West Delhi,28.3037,76.4986,Opium,5.24,BSF
SZ002907,2020-12-02,2020,12,Gujarat,Kutch,22.0507,70.9253,Heroin,6.48,DRI
SZ002908,2019-03-21,2019,3,Tamil Nadu,Tirunelveli,11.0122,78.1651,Heroin,2.88,NCB
SZ002909,2020-12-17,2020,12,Rajasthan,Jaisalmer,26.3706,74.4894,MDMA,0.73,NCB
SZ002910,2022-09-07,2022,9,Madhya Pradesh,Bhopal,23.0226,78.7746,Charas/Hashish,1.88,Customs
SZ002911,2018-10-15,2018,10,Manipur,Imphal East,24.6514,93.2775,Heroin,3.82,State Police
SZ002912,2023-02-20,2023,2,Jammu and Kashmir,Poonch,33.3514,76.8165,Cannabis (Ganja),221.5,NCB
SZ002913,2020-09-07,2020,9,Madhya Pradesh,Gwalior,22.5463,78.2947,Cannabis (Ganja),41.83,NCB
SZ002914,2023-07-13,2023,7,Andhra Pradesh,Guntur,15.8467,80.3936,Poppy Husk,33.85,NCB
SZ002915,2023-12-09,2023,12,Uttar Pradesh,Lucknow,27.1688,81.4345,Ketamine,0.32,NCB
SZ002916,2019-01-21,2019,1,Punjab,Tarn Taran,30.8571,75.5348,Methamphetamine,17.76,NCB
SZ002917,2023-07-14,2023,7,Haryana,Sirsa,29.5635,75.5331,Heroin,0.75,Coast Guard
SZ002918,2021-07-08,2021,7,Maharashtra,Pune,19.5374,75.6062,Heroin,1.27,State Police
SZ002919,2022-07-22,2022,7,Delhi,East Delhi,27.9111,76.382,Cannabis (Ganja),3.14,State Police
SZ002920,2024-05-21,2024,5,Punjab,Amritsar,30.3664,74.7147,Heroin,8.01,DRI
SZ002921,2024-01-17,2024,1,Manipur,Imphal West,25.1082,94.2855,Opium,20.05,State Police
SZ002922,2021-10-08,2021,10,Madhya Pradesh,Neemuch,22.3021,77.9612,Heroin,1.04,State Police
SZ002923,2020-02-17,2020,2,Haryana,Faridabad,29.1277,76.2563,Cannabis (Ganja),263.68,NCB
SZ002924,2022-11-01,2022,11,Delhi,East Delhi,28.9794,77.1153,Heroin,1.67,Customs
SZ002925,2024-01-09,2024,1,Tamil Nadu,Tirunelveli,10.823,79.3106,Cannabis (Ganja),293.87,State Police
SZ002926,2024-06-17,2024,6,Uttar Pradesh,Agra,27.3211,80.6905,Heroin,5.49,State Police
SZ002927,2024-07-01,2024,7,West Bengal,Malda,22.4085,87.1303,Cocaine,0.85,DRI
SZ002928,2020-11-01,2020,11,Tamil Nadu,Madurai,10.9643,78.7478,Heroin,0.05,NCB
SZ002929,2024-12-12,2024,12,West Bengal,Kolkata,22.9953,87.3091,Charas/Hashish,13.13,BSF
SZ002930,2022-04-06,2022,4,Odisha,Ganjam,20.4371,84.4179,Heroin,5.0,State Police
SZ002931,2019-02-02,2019,2,Andhra Pradesh,Visakhapatnam,16.3772,79.451,Pharmaceutical Opioids,4.78,Customs
SZ002932,2024-08-21,2024,8,Assam,Dibrugarh,26.6923,92.1925,Cannabis (Ganja),31.56,Customs
SZ002933,2022-01-24,2022,1,Manipur,Imphal East,23.8637,93.3188,Ketamine,0.65,NCB
SZ002934,2020-06-04,2020,6,Odisha,Cuttack,20.7182,85.7026,Poppy Husk,109.4,Customs
SZ002935,2021-12-15,2021,12,Delhi,South Delhi,28.3499,77.5993,Heroin,24.38,NCB
SZ002936,2024-01-27,2024,1,Rajasthan,Jaisalmer,27.3767,74.2672,Heroin,0.07,State Police
SZ002937,2019-12-12,2019,12,Gujarat,Ahmedabad,22.318,70.9361,Cannabis (Ganja),20.26,State Police
SZ002938,2018-05-24,2018,5,Delhi,South Delhi,27.9262,77.2566,Charas/Hashish,4.91,Customs
SZ002939,2019-10-16,2019,10,Odisha,Koraput,20.9697,84.3083,Cannabis (Ganja),19.44,State Police
SZ002940,2023-06-21,2023,6,Gujarat,Bhavnagar,21.9564,71.7139,Opium,6.89,State Police
SZ002941,2019-02-10,2019,2,Mizoram,Aizawl,23.9486,92.8239,Methamphetamine,44.11,State Police
SZ002942,2020-11-15,2020,11,Kerala,Thiruvananthapuram,10.4973,76.0399,Methamphetamine,5.11,State Police
SZ002943,2019-03-17,2019,3,Maharashtra,Thane,20.2646,75.1297,Pharmaceutical Opioids,5.06,NCB
SZ002944,2021-05-20,2021,5,Mizoram,Lunglei,22.8559,93.0645,Cannabis (Ganja),200.96,BSF
SZ002945,2023-10-25,2023,10,Mizoram,Aizawl,22.9417,93.4256,MDMA,0.11,State Police
SZ002946,2021-05-06,2021,5,West Bengal,Nadia,22.6554,87.4952,Charas/Hashish,12.29,NCB
SZ002947,2022-04-05,2022,4,Manipur,Imphal West,23.9264,94.4126,Cannabis (Ganja),12.03,BSF
SZ002948,2024-08-03,2024,8,Kerala,Kochi,11.2798,76.4552,Pharmaceutical Opioids,8.08,NCB
SZ002949,2021-02-18,2021,2,Maharashtra,Nashik,19.8942,75.75,Poppy Husk,9.5,NCB
SZ002950,2021-01-14,2021,1,Delhi,South Delhi,28.3701,77.6382,Cannabis (Ganja),8.27,Coast Guard
SZ002951,2024-08-01,2024,8,Gujarat,Bhavnagar,21.7359,71.6923,Heroin,0.19,Coast Guard
SZ002952,2020-09-22,2020,9,Mizoram,Aizawl,22.5027,93.5021,Heroin,0.55,Customs
SZ002953,2019-09-18,2019,9,West Bengal,Kolkata,23.011,87.2553,MDMA,0.49,DRI
SZ002954,2020-10-04,2020,10,Uttar Pradesh,Kanpur,27.0299,80.5248,Heroin,8.91,NCB
SZ002955,2020-06-03,2020,6,Mizoram,Lunglei,22.9289,93.257,Ketamine,5.39,BSF
SZ002956,2024-03-14,2024,3,Punjab,Ferozepur,30.7387,75.7916,Opium,13.43,Customs
SZ002957,2024-07-05,2024,7,Rajasthan,Bikaner,26.7756,73.6606,Cocaine,0.4,Coast Guard
SZ002958,2024-02-02,2024,2,Karnataka,Belagavi,15.5991,76.3208,Poppy Husk,292.34,State Police
SZ002959,2018-02-13,2018,2,Delhi,New Delhi,27.9865,76.4795,Methamphetamine,0.33,Customs
SZ002960,2021-11-21,2021,11,Haryana,Karnal,29.4168,76.2754,Poppy Husk,286.38,DRI
SZ002961,2021-10-26,2021,10,Maharashtra,Mumbai,20.3318,76.385,Methamphetamine,3.65,Customs
SZ002962,2024-06-06,2024,6,Mizoram,Aizawl,23.2915,93.228,Heroin,0.9,Coast Guard
SZ002963,2022-10-05,2022,10,Punjab,Gurdaspur,31.5765,75.3662,Cannabis (Ganja),337.59,NCB
SZ002964,2018-10-14,2018,10,Punjab,Tarn Taran,31.4907,74.6024,Cocaine,5.3,NCB
SZ002965,2023-10-08,2023,10,Kerala,Kollam,11.0812,75.9809,Poppy Husk,292.35,NCB
SZ002966,2021-02-04,2021,2,West Bengal,Malda,22.296,88.32,Cannabis (Ganja),107.96,BSF
SZ002967,2024-01-19,2024,1,Andhra Pradesh,Vijayawada,15.3285,80.0722,Cannabis (Ganja),357.79,BSF
SZ002968,2024-04-12,2024,4,Mizoram,Champhai,22.5015,93.6002,Ketamine,9.35,BSF
SZ002969,2019-10-27,2019,10,Delhi,New Delhi,27.9924,76.556,Cannabis (Ganja),37.97,DRI
SZ002970,2023-08-06,2023,8,Mizoram,Aizawl,22.9181,92.8757,Heroin,15.78,DRI
SZ002971,2022-06-09,2022,6,Delhi,New Delhi,28.18,76.9889,Methamphetamine,1.27,State Police
SZ002972,2024-06-21,2024,6,West Bengal,Kolkata,23.4553,87.1047,Cannabis (Ganja),136.73,NCB
SZ002973,2021-02-11,2021,2,Gujarat,Kutch,21.7994,71.9432,Poppy Husk,157.93,State Police
SZ002974,2018-03-19,2018,3,Punjab,Ferozepur,31.7095,75.6302,Charas/Hashish,4.15,BSF
SZ002975,2019-09-25,2019,9,Kerala,Kozhikode,10.6758,76.4627,Cannabis (Ganja),28.76,State Police
SZ002976,2020-02-25,2020,2,Assam,Cachar,26.382,92.7568,Cannabis (Ganja),202.31,Coast Guard
SZ002977,2024-10-16,2024,10,Haryana,Gurugram,29.4798,76.6263,Pharmaceutical Opioids,10.49,Customs
SZ002978,2022-01-12,2022,1,Mizoram,Champhai,23.5435,92.9482,Cocaine,0.69,State Police
SZ002979,2022-04-22,2022,4,Rajasthan,Jodhpur,26.8062,73.7949,Heroin,1.41,NCB
SZ002980,2023-02-26,2023,2,Andhra Pradesh,Vijayawada,15.2333,79.9213,Heroin,0.21,NCB
SZ002981,2020-08-14,2020,8,Gujarat,Surat,22.0886,70.8362,Cocaine,2.03,State Police
SZ002982,2018-05-13,2018,5,Punjab,Gurdaspur,31.437,75.8458,Cannabis (Ganja),1.45,NCB
SZ002983,2020-12-25,2020,12,Assam,Guwahati,25.4007,92.6116,Heroin,10.11,DRI
SZ002984,2019-01-22,2019,1,Odisha,Koraput,20.3996,84.7137,Pharmaceutical Opioids,4.11,BSF
SZ002985,2019-04-21,2019,4,Rajasthan,Jaisalmer,26.2939,73.6523,Charas/Hashish,3.29,NCB
SZ002986,2019-05-21,2019,5,Punjab,Amritsar,31.2537,75.7299,Heroin,0.99,Customs
SZ002987,2018-04-27,2018,4,Telangana,Khammam,18.2221,79.499,Heroin,14.24,DRI
SZ002988,2021-09-24,2021,9,Bihar,Patna,25.177,85.9752,Cannabis (Ganja),5.29,Customs
SZ002989,2021-11-22,2021,11,Uttar Pradesh,Agra,26.5516,81.5503,Cannabis (Ganja),13.35,DRI
SZ002990,2019-06-02,2019,6,Maharashtra,Nashik,19.8398,74.9823,Methamphetamine,4.9,NCB
SZ002991,2019-07-21,2019,7,Jammu and Kashmir,Baramulla,33.0596,76.932,Cannabis (Ganja),12.12,NCB
SZ002992,2021-03-09,2021,3,Uttar Pradesh,Kanpur,26.4406,81.416,Charas/Hashish,10.88,NCB
SZ002993,2022-01-13,2022,1,Gujarat,Surat,22.4254,70.4108,Methamphetamine,2.16,NCB
SZ002994,2018-10-11,2018,10,West Bengal,North 24 Parganas,23.319,87.2971,Opium,10.6,NCB
SZ002995,2020-03-07,2020,3,Uttar Pradesh,Ghaziabad,26.0649,80.6268,Cannabis (Ganja),31.69,NCB
SZ002996,2023-03-07,2023,3,Gujarat,Porbandar,22.0727,70.6845,Heroin,3.6,Customs
SZ002997,2024-12-19,2024,12,Odisha,Cuttack,20.3401,85.179,Heroin,6.41,BSF
SZ002998,2024-02-15,2024,2,Punjab,Ludhiana,31.209,75.2571,Heroin,4.7,State Police
SZ002999,2022-02-16,2022,2,Rajasthan,Bikaner,27.5716,73.4713,Methamphetamine,6.93,Customs
SZ003000,2020-04-12,2020,4,Karnataka,Belagavi,16.1005,75.6681,Methamphetamine,12.68,Customs
SZ003001,2022-11-04,2022,11,Manipur,Imphal East,25.4269,94.218,Poppy Husk,125.95,NCB
SZ003002,2022-04-07,2022,4,Punjab,Tarn Taran,30.3995,75.2062,Cannabis (Ganja),56.54,Customs
SZ003003,2019-08-19,2019,8,Punjab,Ludhiana,31.5081,75.9445,Cannabis (Ganja),444.37,State Police
SZ003004,2018-11-15,2018,11,Manipur,Chandel,24.0696,93.9739,Charas/Hashish,20.7,State Police
SZ003005,2020-08-04,2020,8,Assam,Guwahati,26.6743,92.6087,Cannabis (Ganja),202.69,NCB
SZ003006,2023-12-01,2023,12,Andhra Pradesh,Guntur,16.3364,79.1697,Cannabis (Ganja),21.98,Customs
SZ003007,2024-11-10,2024,11,Odisha,Ganjam,21.5013,85.129,Methamphetamine,5.76,NCB
SZ003008,2018-07-26,2018,7,Telangana,Warangal,18.8311,79.3027,Cannabis (Ganja),155.17,State Police
SZ003009,2018-04-10,2018,4,Delhi,East Delhi,28.5147,77.8055,Cannabis (Ganja),12.66,Coast Guard
SZ003010,2024-10-13,2024,10,Manipur,Churachandpur,25.2594,93.5384,Cannabis (Ganja),16.59,NCB
SZ003011,2023-09-17,2023,9,Haryana,Sirsa,29.4659,75.6883,Methamphetamine,0.34,NCB
SZ003012,2018-04-01,2018,4,Telangana,Nizamabad,18.8747,78.4096,Cannabis (Ganja),174.34,State Police
SZ003013,2019-08-08,2019,8,Tamil Nadu,Tirunelveli,11.5432,78.3006,Opium,0.69,Coast Guard
SZ003014,2022-09-21,2022,9,Andhra Pradesh,Vijayawada,15.9448,80.1835,Heroin,0.67,Coast Guard
SZ003015,2019-10-13,2019,10,Uttar Pradesh,Lucknow,26.9205,80.9202,Cannabis (Ganja),614.11,Customs
SZ003016,2018-09-03,2018,9,Punjab,Amritsar,30.7991,75.7972,Heroin,1.19,Coast Guard
SZ003017,2021-03-17,2021,3,Jammu and Kashmir,Baramulla,33.6558,76.8851,Cannabis (Ganja),104.77,Coast Guard
SZ003018,2024-11-02,2024,11,Punjab,Amritsar,30.4193,75.1698,Poppy Husk,407.29,NCB
SZ003019,2023-03-02,2023,3,Karnataka,Belagavi,15.6159,76.1903,Poppy Husk,46.15,NCB
SZ003020,2022-07-19,2022,7,Punjab,Ferozepur,31.7457,76.0052,MDMA,0.41,Customs
SZ003021,2024-02-01,2024,2,Punjab,Ludhiana,30.4134,75.7518,Cocaine,3.46,Customs
SZ003022,2023-02-14,2023,2,Bihar,Muzaffarpur,25.5216,85.0802,Heroin,8.84,DRI
SZ003023,2024-05-02,2024,5,Maharashtra,Thane,19.8083,75.3371,Ketamine,6.52,Coast Guard
SZ003024,2022-10-15,2022,10,Mizoram,Lunglei,23.3462,93.4111,Heroin,0.84,State Police
SZ003025,2023-05-24,2023,5,Gujarat,Kutch,22.1253,71.352,Opium,7.37,BSF
SZ003026,2019-08-02,2019,8,Gujarat,Kutch,22.5646,71.9523,Methamphetamine,26.69,Customs
SZ003027,2022-04-20,2022,4,Maharashtra,Nagpur,19.6166,75.4699,Charas/Hashish,6.99,State Police
SZ003028,2023-09-09,2023,9,Kerala,Kozhikode,10.5378,76.7596,Ketamine,0.44,DRI
SZ003029,2020-02-25,2020,2,Haryana,Karnal,28.2858,76.093,MDMA,0.16,NCB
SZ003030,2022-06-04,2022,6,Maharashtra,Nashik,19.6375,75.5054,Methamphetamine,19.32,BSF
SZ003031,2021-11-16,2021,11,Assam,Dibrugarh,25.8204,93.6067,Poppy Husk,72.48,State Police
SZ003032,2024-08-03,2024,8,Maharashtra,Nagpur,20.2088,75.6169,Opium,15.71,NCB
SZ003033,2019-10-05,2019,10,Madhya Pradesh,Bhopal,23.4829,79.3354,Charas/Hashish,2.08,NCB
SZ003034,2023-03-20,2023,3,Jammu and Kashmir,Jammu,34.445,75.9374,Poppy Husk,125.66,State Police
SZ003035,2023-02-11,2023,2,Mizoram,Lunglei,22.5755,92.46,Charas/Hashish,12.51,NCB
SZ003036,2023-03-15,2023,3,Haryana,Sirsa,28.6798,75.4286,Cocaine,0.42,State Police
SZ003037,2019-11-03,2019,11,Maharashtra,Nashik,20.4712,75.5685,Cannabis (Ganja),311.38,NCB
SZ003038,2019-01-03,2019,1,Odisha,Koraput,20.356,85.0025,Cocaine,0.71,State Police
SZ003039,2021-04-12,2021,4,Jammu and Kashmir,Srinagar,33.9897,76.7787,MDMA,0.29,NCB
SZ003040,2022-09-08,2022,9,Rajasthan,Kota,26.4773,73.8064,Cannabis (Ganja),256.5,State Police
SZ003041,2020-10-17,2020,10,Jammu and Kashmir,Baramulla,34.0769,75.8682,Poppy Husk,398.68,NCB
SZ003042,2023-03-25,2023,3,Maharashtra,Pune,20.3486,76.3162,Heroin,4.29,State Police
SZ003043,2020-12-08,2020,12,Maharashtra,Pune,19.1215,75.8231,Cannabis (Ganja),46.84,BSF
SZ003044,2024-08-25,2024,8,Mizoram,Aizawl,23.7691,93.028,MDMA,0.75,NCB
SZ003045,2024-07-08,2024,7,Jammu and Kashmir,Srinagar,33.9951,76.4836,Cannabis (Ganja),184.48,BSF
SZ003046,2018-02-19,2018,2,Mizoram,Champhai,22.6673,92.5272,Heroin,11.32,DRI
SZ003047,2022-10-13,2022,10,Rajasthan,Kota,27.0449,74.6848,Pharmaceutical Opioids,3.29,Customs
SZ003048,2023-07-26,2023,7,Delhi,New Delhi,28.4832,76.8665,Charas/Hashish,3.77,State Police
SZ003049,2019-09-17,2019,9,Gujarat,Bhavnagar,22.3599,71.2226,Cannabis (Ganja),12.5,NCB
SZ003050,2018-08-17,2018,8,Gujarat,Kutch,22.4677,70.9877,Cannabis (Ganja),249.87,NCB
SZ003051,2020-04-17,2020,4,Delhi,East Delhi,29.2318,77.7803,Heroin,1.25,State Police
SZ003052,2018-10-22,2018,10,Mizoram,Lunglei,22.8441,92.85,Opium,24.33,Customs
SZ003053,2018-07-13,2018,7,Punjab,Gurdaspur,31.1118,75.2716,Cannabis (Ganja),171.74,State Police
SZ003054,2020-04-10,2020,4,Mizoram,Lunglei,23.6587,92.5331,Heroin,1.36,Coast Guard
SZ003055,2018-08-23,2018,8,Bihar,Muzaffarpur,24.7525,85.0242,MDMA,0.35,State Police
SZ003056,2019-01-18,2019,1,Punjab,Gurdaspur,31.8394,75.0129,Charas/Hashish,3.59,NCB
SZ003057,2021-04-14,2021,4,Gujarat,Bhavnagar,21.9694,71.6305,Ketamine,3.98,State Police
SZ003058,2020-08-17,2020,8,Bihar,Patna,25.6995,84.9813,Heroin,0.06,State Police
SZ003059,2020-11-08,2020,11,Gujarat,Surat,21.8771,71.4665,Opium,6.41,DRI
SZ003060,2018-11-09,2018,11,Kerala,Kochi,11.2341,76.2249,MDMA,0.81,BSF
SZ003061,2021-12-25,2021,12,Delhi,New Delhi,28.3962,76.3204,Heroin,6.85,State Police
SZ003062,2024-08-22,2024,8,Gujarat,Ahmedabad,21.8746,70.909,Methamphetamine,14.91,NCB
SZ003063,2019-10-01,2019,10,Mizoram,Aizawl,22.3898,92.7852,Heroin,2.09,NCB
SZ003064,2023-08-27,2023,8,Rajasthan,Jaisalmer,26.6943,74.6762,Heroin,1.31,State Police
SZ003065,2024-07-05,2024,7,Assam,Guwahati,26.1808,92.3223,Heroin,0.52,BSF
SZ003066,2024-08-26,2024,8,Andhra Pradesh,Visakhapatnam,16.2888,79.5168,Charas/Hashish,3.47,Customs
SZ003067,2023-10-05,2023,10,Haryana,Sirsa,29.2585,76.3744,MDMA,1.68,State Police
SZ003068,2023-11-07,2023,11,Rajasthan,Barmer,27.2119,73.6078,Cannabis (Ganja),7.94,NCB
SZ003069,2024-06-20,2024,6,Jammu and Kashmir,Jammu,33.5455,77.3263,Heroin,1.73,NCB
SZ003070,2021-07-23,2021,7,Madhya Pradesh,Indore,22.3511,79.1488,Heroin,8.58,NCB
SZ003071,2021-08-19,2021,8,Manipur,Imphal East,25.0975,93.7876,Methamphetamine,1.89,State Police
SZ003072,2021-04-23,2021,4,Gujarat,Ahmedabad,22.5801,70.5163,Pharmaceutical Opioids,6.78,State Police
SZ003073,2019-09-22,2019,9,Gujarat,Kutch,22.8097,70.7136,Heroin,0.23,NCB
SZ003074,2024-02-08,2024,2,Mizoram,Lunglei,23.2528,92.6565,Cannabis (Ganja),30.08,State Police
SZ003075,2022-12-08,2022,12,Manipur,Imphal East,24.3623,93.9164,Charas/Hashish,0.25,NCB
SZ003076,2020-10-04,2020,10,Rajasthan,Kota,27.4842,73.7796,Cannabis (Ganja),160.89,Customs
SZ003077,2021-12-11,2021,12,Punjab,Tarn Taran,31.0028,75.1336,Cocaine,1.42,DRI
SZ003078,2021-09-23,2021,9,Bihar,Gaya,25.0203,85.0298,Heroin,8.2,BSF
SZ003079,2022-11-20,2022,11,Madhya Pradesh,Bhopal,23.5349,77.906,Methamphetamine,0.25,Coast Guard
SZ003080,2018-06-04,2018,6,Andhra Pradesh,Vijayawada,16.4977,79.2485,Charas/Hashish,8.56,State Police
SZ003081,2019-02-20,2019,2,Maharashtra,Nashik,19.5984,75.2947,Methamphetamine,6.99,NCB
SZ003082,2018-03-01,2018,3,Mizoram,Lunglei,23.2556,93.0576,Opium,11.27,Customs
SZ003083,2020-09-10,2020,9,Uttar Pradesh,Lucknow,26.7899,81.3345,Cannabis (Ganja),4.39,Customs
SZ003084,2018-10-06,2018,10,Gujarat,Kutch,22.1469,70.511,Poppy Husk,146.13,Customs
SZ003085,2021-02-12,2021,2,Manipur,Chandel,25.3648,94.4082,Charas/Hashish,28.59,State Police
SZ003086,2021-09-15,2021,9,Karnataka,Mangaluru,15.9897,75.4212,Charas/Hashish,12.63,State Police
SZ003087,2021-11-17,2021,11,West Bengal,North 24 Parganas,22.3512,87.542,Cannabis (Ganja),13.68,NCB
SZ003088,2020-01-10,2020,1,Bihar,Patna,25.4443,85.8259,Methamphetamine,5.77,State Police
SZ003089,2021-04-06,2021,4,Manipur,Churachandpur,24.654,93.1492,Cannabis (Ganja),64.84,NCB
SZ003090,2018-07-20,2018,7,Mizoram,Champhai,22.8626,92.8597,Pharmaceutical Opioids,8.62,Customs
SZ003091,2021-12-15,2021,12,Andhra Pradesh,Guntur,16.1223,80.3228,Cannabis (Ganja),137.31,Customs
SZ003092,2021-05-26,2021,5,Haryana,Karnal,29.7625,76.1309,Pharmaceutical Opioids,16.8,Customs
SZ003093,2023-10-17,2023,10,Assam,Karimganj,26.8024,93.158,Cannabis (Ganja),414.18,State Police
SZ003094,2023-11-13,2023,11,Bihar,Bhagalpur,25.4013,85.0077,Opium,8.33,NCB
SZ003095,2021-12-23,2021,12,Jammu and Kashmir,Jammu,34.1526,75.8534,Charas/Hashish,3.0,NCB
SZ003096,2021-11-08,2021,11,Haryana,Gurugram,29.2823,75.8472,Charas/Hashish,3.8,State Police
SZ003097,2024-08-08,2024,8,Mizoram,Lunglei,22.4037,93.107,Ketamine,5.13,BSF
SZ003098,2019-09-19,2019,9,Punjab,Ferozepur,30.932,74.922,MDMA,0.11,DRI
SZ003099,2024-06-12,2024,6,Andhra Pradesh,Guntur,15.1537,79.626,Pharmaceutical Opioids,5.08,NCB
SZ003100,2021-03-08,2021,3,Madhya Pradesh,Gwalior,22.9745,78.1493,Methamphetamine,14.16,DRI
SZ003101,2023-11-11,2023,11,Odisha,Cuttack,20.3112,85.8383,Heroin,4.94,NCB
SZ003102,2022-06-14,2022,6,Delhi,North West Delhi,29.1122,77.7529,Cocaine,2.78,State Police
SZ003103,2020-11-11,2020,11,Mizoram,Lunglei,23.4601,92.5828,Heroin,1.65,NCB
SZ003104,2021-07-06,2021,7,Punjab,Ferozepur,31.593,75.9026,MDMA,4.98,DRI
SZ003105,2023-07-11,2023,7,Kerala,Kochi,11.0788,76.906,Cannabis (Ganja),6.66,Customs
SZ003106,2022-11-22,2022,11,Uttar Pradesh,Varanasi,26.6287,80.785,Methamphetamine,4.78,BSF
SZ003107,2019-11-15,2019,11,Gujarat,Ahmedabad,22.627,71.626,Charas/Hashish,13.74,Customs
SZ003108,2020-11-07,2020,11,Punjab,Tarn Taran,30.8253,75.8097,Methamphetamine,5.73,NCB
SZ003109,2023-05-09,2023,5,Delhi,North West Delhi,28.8386,76.6797,Pharmaceutical Opioids,9.59,Customs
SZ003110,2021-07-08,2021,7,Bihar,Patna,24.7895,85.6495,Cannabis (Ganja),87.89,NCB
SZ003111,2022-06-24,2022,6,Madhya Pradesh,Neemuch,23.0499,78.6547,Charas/Hashish,2.8,Customs
SZ003112,2023-05-27,2023,5,Bihar,Bhagalpur,24.7661,85.5835,Cannabis (Ganja),44.78,NCB
SZ003113,2020-12-04,2020,12,Punjab,Amritsar,30.4072,75.0286,Cannabis (Ganja),58.52,NCB
SZ003114,2021-07-20,2021,7,Karnataka,Bengaluru Urban,15.9896,75.7078,Methamphetamine,7.27,NCB
SZ003115,2023-03-22,2023,3,Punjab,Ludhiana,31.7764,75.372,Heroin,0.95,NCB
SZ003116,2023-11-13,2023,11,Jammu and Kashmir,Baramulla,33.5213,77.3799,Charas/Hashish,15.99,Customs
SZ003117,2024-09-12,2024,9,West Bengal,North 24 Parganas,22.525,88.1563,Heroin,11.87,State Police
SZ003118,2019-11-21,2019,11,Delhi,New Delhi,28.6071,76.4908,Heroin,0.95,State Police
SZ003119,2022-09-20,2022,9,Telangana,Khammam,18.6229,78.588,Poppy Husk,366.28,NCB
SZ003120,2019-07-03,2019,7,Gujarat,Porbandar,21.8226,71.8111,Pharmaceutical Opioids,1.98,DRI
SZ003121,2023-04-16,2023,4,Gujarat,Porbandar,22.5393,71.6385,Cocaine,0.48,NCB
SZ003122,2024-02-20,2024,2,Manipur,Chandel,24.9279,93.5334,Heroin,14.3,NCB
SZ003123,2019-12-17,2019,12,Delhi,North West Delhi,29.471,77.8377,Charas/Hashish,1.92,BSF
SZ003124,2020-10-09,2020,10,Uttar Pradesh,Agra,26.7458,80.2776,Cocaine,3.06,Customs
SZ003125,2022-05-23,2022,5,Rajasthan,Jaisalmer,27.4825,73.9055,Pharmaceutical Opioids,3.76,NCB
SZ003126,2019-05-23,2019,5,Kerala,Kozhikode,11.2676,76.1697,Pharmaceutical Opioids,3.67,NCB
SZ003127,2024-08-14,2024,8,Manipur,Chandel,24.2622,94.1209,Methamphetamine,2.23,Customs
SZ003128,2024-02-03,2024,2,Tamil Nadu,Coimbatore,11.6371,77.9592,Opium,3.44,NCB
SZ003129,2022-05-17,2022,5,Karnataka,Bengaluru Urban,16.0805,76.1042,Charas/Hashish,15.92,NCB
SZ003130,2021-02-22,2021,2,Karnataka,Belagavi,15.8231,74.9132,Opium,1.32,BSF
SZ003131,2018-12-13,2018,12,Madhya Pradesh,Bhopal,22.7457,78.8161,Heroin,2.19,State Police
SZ003132,2020-09-12,2020,9,Haryana,Sirsa,29.4181,76.4239,Methamphetamine,2.77,Customs
SZ003133,2024-10-18,2024,10,Odisha,Koraput,20.1501,85.1722,Charas/Hashish,15.0,Customs
SZ003134,2021-02-22,2021,2,Gujarat,Kutch,22.7689,71.6847,Heroin,1.47,State Police
SZ003135,2023-02-02,2023,2,Uttar Pradesh,Agra,26.1795,81.1668,Pharmaceutical Opioids,5.25,BSF
SZ003136,2022-07-05,2022,7,Jammu and Kashmir,Srinagar,33.922,76.2052,Methamphetamine,4.83,BSF
SZ003137,2019-04-07,2019,4,Mizoram,Lunglei,23.1879,92.4472,Charas/Hashish,2.17,NCB
SZ003138,2020-09-11,2020,9,Rajasthan,Barmer,26.9934,74.5288,Cannabis (Ganja),270.21,NCB
SZ003139,2021-02-13,2021,2,Manipur,Churachandpur,24.4672,93.5331,MDMA,1.6,DRI
SZ003140,2018-05-04,2018,5,Gujarat,Ahmedabad,21.9724,70.3962,Poppy Husk,939.01,Customs
SZ003141,2021-01-15,2021,1,Maharashtra,Mumbai,20.1116,75.8047,Cannabis (Ganja),95.54,NCB
SZ003142,2024-03-06,2024,3,Punjab,Gurdaspur,30.7169,75.3166,Cannabis (Ganja),7.25,NCB
SZ003143,2023-05-25,2023,5,Odisha,Koraput,21.6413,84.4921,Cannabis (Ganja),193.28,Customs
SZ003144,2022-06-01,2022,6,West Bengal,Malda,22.3184,87.6457,Heroin,6.68,BSF
SZ003145,2020-05-04,2020,5,Delhi,South Delhi,28.5737,76.935,MDMA,1.34,NCB
SZ003146,2020-09-10,2020,9,Telangana,Warangal,17.8357,79.7089,Cannabis (Ganja),6.75,NCB
SZ003147,2019-03-13,2019,3,Gujarat,Surat,22.8322,71.3896,Methamphetamine,6.48,State Police
SZ003148,2023-11-19,2023,11,Mizoram,Lunglei,23.4406,92.3907,Opium,34.89,State Police
SZ003149,2021-07-01,2021,7,Mizoram,Aizawl,22.9212,92.1664,Methamphetamine,2.24,NCB
SZ003150,2023-09-22,2023,9,Maharashtra,Nashik,19.5511,76.1869,Cannabis (Ganja),222.03,State Police
SZ003151,2018-05-19,2018,5,Tamil Nadu,Chennai,11.3353,79.0903,Methamphetamine,6.06,NCB
SZ003152,2023-05-12,2023,5,Kerala,Thiruvananthapuram,10.3294,75.5604,Charas/Hashish,1.0,Customs
SZ003153,2024-02-19,2024,2,Karnataka,Bengaluru Urban,15.9319,75.2662,Opium,59.93,DRI
SZ003154,2019-03-06,2019,3,Manipur,Chandel,24.777,93.5904,Methamphetamine,23.25,Coast Guard
SZ003155,2022-07-23,2022,7,Rajasthan,Bikaner,26.968,74.581,Pharmaceutical Opioids,9.15,Coast Guard
SZ003156,2018-04-19,2018,4,Rajasthan,Jaisalmer,27.1352,74.5822,Opium,5.57,NCB
SZ003157,2021-03-15,2021,3,Gujarat,Surat,22.4233,70.8623,MDMA,0.6,State Police
SZ003158,2020-02-22,2020,2,Haryana,Gurugram,29.3141,76.5316,Heroin,12.01,State Police
SZ003159,2022-10-14,2022,10,Bihar,Patna,25.3505,85.1413,Cannabis (Ganja),208.42,State Police
SZ003160,2018-08-13,2018,8,Gujarat,Porbandar,23.0503,71.461,MDMA,2.11,NCB
SZ003161,2022-10-06,2022,10,Andhra Pradesh,Guntur,15.5342,79.1924,Opium,0.48,State Police
SZ003162,2019-05-02,2019,5,Jammu and Kashmir,Jammu,33.8302,76.3825,Methamphetamine,15.08,State Police
SZ003163,2019-10-22,2019,10,Odisha,Bhubaneswar,20.2891,85.7694,Cocaine,3.85,State Police
SZ003164,2021-01-08,2021,1,Delhi,East Delhi,28.3231,77.0946,Heroin,0.08,Customs
SZ003165,2018-08-15,2018,8,Tamil Nadu,Tirunelveli,10.8492,79.3455,Cocaine,1.55,Customs
SZ003166,2022-08-12,2022,8,Bihar,Gaya,25.6256,85.9358,Pharmaceutical Opioids,2.46,BSF
SZ003167,2021-03-14,2021,3,Kerala,Kozhikode,10.8706,77.0629,Methamphetamine,7.22,State Police
SZ003168,2023-04-10,2023,4,Rajasthan,Kota,27.747,73.9205,Cannabis (Ganja),523.46,State Police
SZ003169,2020-09-25,2020,9,Manipur,Imphal East,25.131,93.4494,Methamphetamine,7.98,Coast Guard
SZ003170,2018-07-01,2018,7,Delhi,South Delhi,28.9799,77.5696,Heroin,4.6,Customs
SZ003171,2024-12-11,2024,12,Uttar Pradesh,Kanpur,26.8315,80.3427,Methamphetamine,7.79,NCB
SZ003172,2023-12-21,2023,12,Telangana,Warangal,18.8594,79.049,Pharmaceutical Opioids,6.87,Customs
SZ003173,2020-04-18,2020,4,Delhi,New Delhi,28.9358,77.7432,Heroin,3.15,NCB
SZ003174,2022-04-19,2022,4,Punjab,Ferozepur,30.7162,75.31,Opium,9.54,BSF
SZ003175,2024-07-15,2024,7,West Bengal,Malda,23.505,88.4311,Heroin,0.26,NCB
SZ003176,2022-06-04,2022,6,Manipur,Imphal West,25.2416,94.3261,MDMA,1.33,NCB
SZ003177,2020-09-06,2020,9,Tamil Nadu,Madurai,11.5133,78.3609,MDMA,1.65,Customs
SZ003178,2020-06-08,2020,6,Tamil Nadu,Coimbatore,10.6397,79.2588,Cannabis (Ganja),49.59,NCB
SZ003179,2023-02-12,2023,2,Madhya Pradesh,Gwalior,22.4086,77.9865,Cocaine,0.94,State Police
SZ003180,2018-09-22,2018,9,Karnataka,Mangaluru,15.1323,76.4854,Cannabis (Ganja),64.54,State Police
SZ003181,2020-08-18,2020,8,Telangana,Khammam,18.0753,79.6151,Charas/Hashish,13.15,Customs
SZ003182,2023-07-12,2023,7,Gujarat,Bhavnagar,21.5659,71.4725,Heroin,3.34,NCB
SZ003183,2024-05-03,2024,5,Rajasthan,Jodhpur,26.3414,74.8324,Charas/Hashish,6.45,NCB
SZ003184,2020-08-02,2020,8,Punjab,Ludhiana,30.9976,74.551,Heroin,8.08,State Police
SZ003185,2019-11-18,2019,11,Andhra Pradesh,Vijayawada,15.5288,79.6725,Methamphetamine,7.57,NCB
SZ003186,2023-04-06,2023,4,Tamil Nadu,Tirunelveli,11.0847,78.7418,Cannabis (Ganja),700.53,DRI
SZ003187,2023-08-04,2023,8,Gujarat,Kutch,21.619,70.6418,Cannabis (Ganja),211.32,State Police
SZ003188,2021-01-08,2021,1,Karnataka,Mysuru,15.6832,76.3,Cannabis (Ganja),36.78,NCB
SZ003189,2023-09-04,2023,9,Tamil Nadu,Chennai,11.3097,78.8384,Heroin,4.25,NCB
SZ003190,2019-09-06,2019,9,Rajasthan,Jodhpur,26.3299,73.8509,Heroin,0.58,DRI
SZ003191,2023-05-18,2023,5,Mizoram,Lunglei,22.8465,93.0539,Heroin,1.96,NCB
SZ003192,2019-08-09,2019,8,Manipur,Imphal West,24.5274,93.227,Methamphetamine,4.2,Customs
SZ003193,2021-10-16,2021,10,Mizoram,Champhai,23.0517,92.7415,Cannabis (Ganja),385.99,Customs
SZ003194,2023-10-09,2023,10,Haryana,Gurugram,29.2524,75.9341,Charas/Hashish,1.58,NCB
SZ003195,2018-12-04,2018,12,Punjab,Amritsar,30.6619,75.7179,Heroin,3.01,NCB
SZ003196,2019-12-09,2019,12,Gujarat,Porbandar,22.575,71.0783,Cocaine,0.95,NCB
SZ003197,2020-07-09,2020,7,Gujarat,Ahmedabad,22.0898,71.0547,MDMA,0.22,NCB
SZ003198,2022-03-16,2022,3,Manipur,Churachandpur,24.596,94.3222,Cocaine,0.33,State Police
SZ003199,2021-08-15,2021,8,Odisha,Koraput,20.1591,84.631,Cocaine,1.1,NCB
SZ003200,2018-05-23,2018,5,Assam,Guwahati,25.7625,92.9322,Pharmaceutical Opioids,19.16,BSF
SZ003201,2023-04-15,2023,4,Andhra Pradesh,Guntur,16.706,79.7477,Methamphetamine,3.94,NCB
SZ003202,2022-11-16,2022,11,West Bengal,Malda,23.0445,88.5715,Cannabis (Ganja),165.84,Coast Guard
SZ003203,2022-07-23,2022,7,Uttar Pradesh,Kanpur,27.22,80.9247,Heroin,7.2,BSF
SZ003204,2023-11-26,2023,11,Telangana,Nizamabad,18.806,79.2177,Charas/Hashish,44.94,NCB
SZ003205,2023-06-07,2023,6,Rajasthan,Jaisalmer,26.5458,73.6324,MDMA,2.76,Customs
SZ003206,2024-02-24,2024,2,Delhi,North West Delhi,29.2554,77.6942,Charas/Hashish,10.55,State Police
SZ003207,2018-07-24,2018,7,Telangana,Warangal,17.4786,78.9249,Methamphetamine,9.58,State Police
SZ003208,2023-08-07,2023,8,Jammu and Kashmir,Baramulla,34.4123,77.115,Ketamine,4.21,NCB
SZ003209,2024-06-10,2024,6,Haryana,Karnal,28.3317,76.8805,MDMA,0.06,NCB
SZ003210,2024-10-12,2024,10,Punjab,Amritsar,31.1191,74.6474,Opium,31.43,Customs
SZ003211,2022-03-06,2022,3,Tamil Nadu,Coimbatore,11.7853,78.3404,Heroin,3.2,NCB
SZ003212,2020-10-26,2020,10,Haryana,Sirsa,28.8759,75.5103,Pharmaceutical Opioids,11.01,NCB
SZ003213,2020-06-20,2020,6,Gujarat,Ahmedabad,21.6563,70.824,Cannabis (Ganja),51.11,Customs
SZ003214,2021-06-16,2021,6,Andhra Pradesh,Anantapur,15.7415,80.0954,Charas/Hashish,6.88,NCB
SZ003215,2018-07-14,2018,7,Manipur,Imphal East,25.4578,93.258,Opium,3.46,BSF
SZ003216,2019-05-04,2019,5,Mizoram,Champhai,23.4375,92.8118,Methamphetamine,12.37,NCB
SZ003217,2020-11-07,2020,11,Karnataka,Mysuru,15.497,75.0824,Cocaine,1.4,NCB
SZ003218,2024-02-14,2024,2,Tamil Nadu,Tirunelveli,11.0778,78.9123,Heroin,0.31,NCB
SZ003219,2019-09-03,2019,9,Punjab,Ferozepur,31.0584,74.7183,Methamphetamine,1.49,NCB
SZ003220,2022-10-01,2022,10,Jammu and Kashmir,Jammu,34.4129,76.9753,Heroin,0.84,State Police
SZ003221,2023-12-12,2023,12,Rajasthan,Jodhpur,27.16,74.0197,Cannabis (Ganja),64.9,NCB
SZ003222,2022-10-12,2022,10,Odisha,Bhubaneswar,20.8798,85.5806,Charas/Hashish,0.42,State Police
SZ003223,2023-09-27,2023,9,Jammu and Kashmir,Baramulla,34.0347,77.2352,Heroin,15.34,State Police
SZ003224,2019-05-11,2019,5,Manipur,Imphal West,25.1869,93.931,Opium,29.92,State Police
SZ003225,2024-05-24,2024,5,Punjab,Tarn Taran,30.3869,76.0722,Charas/Hashish,2.77,Customs
SZ003226,2023-06-03,2023,6,Punjab,Ludhiana,30.6893,75.5449,Cocaine,0.73,State Police
SZ003227,2020-10-09,2020,10,Punjab,Ludhiana,31.9457,75.2563,Opium,0.55,NCB
SZ003228,2022-03-01,2022,3,Manipur,Churachandpur,24.9712,93.6113,Cannabis (Ganja),109.94,State Police
SZ003229,2022-04-25,2022,4,Gujarat,Surat,22.4402,71.2873,Cannabis (Ganja),71.38,State Police
SZ003230,2022-06-01,2022,6,West Bengal,North 24 Parganas,23.5166,87.5007,Cannabis (Ganja),75.18,NCB
SZ003231,2023-07-12,2023,7,Mizoram,Lunglei,23.5252,93.7282,Cannabis (Ganja),448.46,State Police
SZ003232,2019-12-27,2019,12,Mizoram,Champhai,23.0955,93.0365,Methamphetamine,3.22,NCB
SZ003233,2019-08-03,2019,8,Tamil Nadu,Madurai,11.0369,79.2917,Pharmaceutical Opioids,3.01,State Police
SZ003234,2019-05-20,2019,5,Haryana,Gurugram,29.4085,75.3287,Opium,5.38,NCB
SZ003235,2018-02-19,2018,2,Maharashtra,Thane,19.2017,76.232,Cannabis (Ganja),23.18,NCB
SZ003236,2018-08-02,2018,8,Tamil Nadu,Coimbatore,11.2032,78.9842,Charas/Hashish,3.36,NCB
SZ003237,2019-10-16,2019,10,Gujarat,Porbandar,21.9628,70.983,Opium,8.71,State Police
SZ003238,2020-12-26,2020,12,Telangana,Khammam,18.1614,79.7824,Cannabis (Ganja),12.44,State Police
SZ003239,2024-06-04,2024,6,Karnataka,Belagavi,15.349,76.4408,Methamphetamine,6.08,State Police
SZ003240,2024-07-18,2024,7,Delhi,East Delhi,28.4582,76.9734,Opium,4.11,NCB
SZ003241,2023-08-24,2023,8,Bihar,Patna,24.8659,86.047,Poppy Husk,205.14,Customs
SZ003242,2022-08-07,2022,8,Haryana,Sirsa,29.0431,76.4244,Cannabis (Ganja),244.93,NCB
SZ003243,2024-11-03,2024,11,Uttar Pradesh,Ghaziabad,26.2538,81.4871,Heroin,0.12,State Police
SZ003244,2023-07-22,2023,7,Maharashtra,Pune,19.691,75.328,Cannabis (Ganja),173.98,BSF
SZ003245,2022-12-03,2022,12,Rajasthan,Bikaner,27.6172,74.7594,Heroin,1.93,BSF
SZ003246,2022-11-11,2022,11,Maharashtra,Thane,20.0941,75.7396,Cannabis (Ganja),93.67,NCB
SZ003247,2020-12-13,2020,12,Karnataka,Mangaluru,15.6485,76.4115,Ketamine,1.06,Customs
SZ003248,2022-03-22,2022,3,Punjab,Tarn Taran,30.5423,75.8226,Opium,1.57,State Police
SZ003249,2023-05-04,2023,5,Haryana,Sirsa,28.8393,75.7851,MDMA,1.49,BSF
SZ003250,2022-01-12,2022,1,Karnataka,Bengaluru Urban,15.1869,75.7048,Pharmaceutical Opioids,8.22,NCB
SZ003251,2020-11-08,2020,11,Karnataka,Mangaluru,16.0365,76.1245,Cannabis (Ganja),10.33,State Police
SZ003252,2019-03-20,2019,3,Rajasthan,Barmer,27.7512,74.3499,Cannabis (Ganja),81.38,Coast Guard
SZ003253,2024-04-14,2024,4,Rajasthan,Jaisalmer,26.6503,74.3568,Methamphetamine,10.47,NCB
SZ003254,2021-01-01,2021,1,Gujarat,Bhavnagar,22.0128,71.7634,Cannabis (Ganja),73.59,BSF
SZ003255,2024-03-02,2024,3,Rajasthan,Kota,27.2573,73.8451,Methamphetamine,0.54,Customs
SZ003256,2019-02-11,2019,2,Mizoram,Aizawl,23.2484,92.4923,Charas/Hashish,2.18,BSF
SZ003257,2022-02-16,2022,2,Madhya Pradesh,Gwalior,22.9103,78.6313,Cannabis (Ganja),20.48,State Police
SZ003258,2023-08-13,2023,8,Assam,Karimganj,26.4605,92.561,Methamphetamine,7.84,State Police
SZ003259,2018-04-01,2018,4,Manipur,Chandel,24.453,94.124,Heroin,3.29,DRI
SZ003260,2024-10-26,2024,10,Bihar,Muzaffarpur,24.7752,84.6236,Heroin,0.31,Coast Guard
SZ003261,2024-08-02,2024,8,Jammu and Kashmir,Srinagar,34.5136,76.8876,Charas/Hashish,2.41,State Police
SZ003262,2023-02-22,2023,2,Rajasthan,Kota,27.2284,74.5983,Opium,17.68,BSF
SZ003263,2024-04-14,2024,4,Madhya Pradesh,Neemuch,22.9695,78.7186,Heroin,4.14,State Police
SZ003264,2019-06-21,2019,6,Punjab,Gurdaspur,31.217,74.8942,Cannabis (Ganja),271.81,NCB
SZ003265,2024-11-02,2024,11,Uttar Pradesh,Agra,26.7181,80.9377,Heroin,4.69,State Police
SZ003266,2020-06-25,2020,6,Odisha,Cuttack,21.6267,84.873,Cannabis (Ganja),27.74,NCB
SZ003267,2022-09-21,2022,9,Rajasthan,Jodhpur,26.8539,74.1368,Heroin,0.87,State Police
SZ003268,2023-12-18,2023,12,Mizoram,Champhai,22.6815,93.1074,Opium,14.61,NCB
SZ003269,2022-06-12,2022,6,Tamil Nadu,Madurai,11.7562,78.444,Cannabis (Ganja),12.52,State Police
SZ003270,2021-08-15,2021,8,Maharashtra,Thane,19.7712,76.1322,MDMA,3.18,Coast Guard
SZ003271,2018-08-08,2018,8,Punjab,Ferozepur,31.7641,75.3372,Methamphetamine,4.36,NCB
SZ003272,2019-04-11,2019,4,Rajasthan,Barmer,26.48,73.7223,Charas/Hashish,7.51,NCB
SZ003273,2019-04-24,2019,4,Kerala,Kollam,11.3684,76.0042,Cannabis (Ganja),83.3,NCB
SZ003274,2018-03-25,2018,3,Gujarat,Surat,22.3574,70.7965,Methamphetamine,4.51,State Police
SZ003275,2023-10-25,2023,10,Delhi,East Delhi,28.2241,76.4702,Methamphetamine,0.71,NCB
SZ003276,2024-12-09,2024,12,Gujarat,Porbandar,21.5656,70.741,Cannabis (Ganja),17.68,NCB
SZ003277,2019-03-16,2019,3,Delhi,North West Delhi,29.0289,77.3547,Pharmaceutical Opioids,0.26,State Police
SZ003278,2021-02-26,2021,2,Andhra Pradesh,Guntur,16.1549,80.3939,Heroin,5.49,State Police
SZ003279,2023-08-04,2023,8,Telangana,Nizamabad,18.5462,78.2772,Methamphetamine,2.16,BSF
SZ003280,2022-10-02,2022,10,Madhya Pradesh,Neemuch,22.5812,78.9354,Cannabis (Ganja),32.16,BSF
SZ003281,2024-05-13,2024,5,Andhra Pradesh,Vijayawada,16.2041,79.5928,Methamphetamine,1.91,NCB
SZ003282,2023-12-10,2023,12,West Bengal,Nadia,23.1226,87.1564,Pharmaceutical Opioids,26.54,NCB
SZ003283,2021-10-10,2021,10,West Bengal,North 24 Parganas,23.1944,87.8377,Heroin,0.73,NCB
SZ003284,2024-04-12,2024,4,Mizoram,Aizawl,23.847,92.3255,Heroin,3.72,NCB
SZ003285,2024-05-25,2024,5,Assam,Dibrugarh,26.4277,92.9298,Heroin,7.74,NCB
SZ003286,2024-10-02,2024,10,Odisha,Koraput,20.7627,84.3574,Cannabis (Ganja),262.85,NCB
SZ003287,2018-09-01,2018,9,Andhra Pradesh,Vijayawada,15.3609,79.6702,Opium,8.12,State Police
SZ003288,2019-03-25,2019,3,Punjab,Ferozepur,31.7388,75.5521,Ketamine,1.16,DRI
SZ003289,2021-08-09,2021,8,Haryana,Sirsa,29.293,75.4332,Charas/Hashish,2.41,Coast Guard
SZ003290,2019-11-18,2019,11,Haryana,Karnal,29.7567,76.109,MDMA,0.91,NCB
SZ003291,2019-06-01,2019,6,Manipur,Churachandpur,24.5346,93.7047,Opium,8.4,State Police
SZ003292,2020-01-23,2020,1,Mizoram,Lunglei,23.4982,93.6289,Pharmaceutical Opioids,10.96,NCB
SZ003293,2021-01-08,2021,1,Gujarat,Bhavnagar,21.7643,71.0159,Opium,12.63,NCB
SZ003294,2020-02-04,2020,2,Mizoram,Aizawl,22.7557,93.1941,Heroin,3.7,Coast Guard
SZ003295,2022-02-12,2022,2,Mizoram,Lunglei,23.0033,92.5706,MDMA,4.03,Customs
SZ003296,2019-07-21,2019,7,Assam,Guwahati,26.7271,92.5813,Cannabis (Ganja),68.89,NCB
SZ003297,2019-10-22,2019,10,Uttar Pradesh,Kanpur,26.1394,81.3695,Cocaine,0.05,State Police
SZ003298,2019-04-15,2019,4,Assam,Cachar,26.9431,92.2188,Opium,5.76,State Police
SZ003299,2024-03-07,2024,3,Bihar,Patna,24.8233,85.9816,Heroin,2.11,BSF
SZ003300,2018-07-13,2018,7,Assam,Cachar,25.5217,92.7505,Cannabis (Ganja),78.95,State Police
SZ003301,2018-05-19,2018,5,Andhra Pradesh,Anantapur,15.3666,80.326,Methamphetamine,1.59,Customs
SZ003302,2020-05-27,2020,5,Rajasthan,Jaisalmer,27.0586,73.7489,Cannabis (Ganja),54.99,Customs
SZ003303,2022-10-10,2022,10,Karnataka,Mangaluru,14.7507,75.3172,Cannabis (Ganja),148.5,DRI
SZ003304,2021-08-14,2021,8,Haryana,Faridabad,28.3097,75.793,Heroin,1.88,State Police
SZ003305,2024-12-25,2024,12,Jammu and Kashmir,Poonch,33.661,76.2558,Cannabis (Ganja),6.04,Customs
SZ003306,2024-05-11,2024,5,Delhi,East Delhi,28.844,76.7085,Cannabis (Ganja),231.82,Customs
SZ003307,2021-02-16,2021,2,Assam,Dibrugarh,25.8415,92.9991,Cannabis (Ganja),80.64,DRI
SZ003308,2023-11-23,2023,11,Maharashtra,Thane,20.531,76.4364,Cannabis (Ganja),346.24,State Police
SZ003309,2020-02-06,2020,2,Rajasthan,Bikaner,27.4804,73.7087,Cannabis (Ganja),223.76,BSF
SZ003310,2020-07-22,2020,7,Punjab,Ludhiana,31.9111,75.9998,Heroin,1.99,Coast Guard
SZ003311,2019-04-04,2019,4,Gujarat,Ahmedabad,22.6547,70.4716,Poppy Husk,45.62,State Police
SZ003312,2018-06-07,2018,6,Punjab,Amritsar,31.3922,75.0162,Pharmaceutical Opioids,23.31,Customs
SZ003313,2022-06-15,2022,6,Andhra Pradesh,Visakhapatnam,15.4767,79.255,Poppy Husk,9.3,NCB
SZ003314,2022-12-15,2022,12,Delhi,East Delhi,27.9785,76.323,Cocaine,8.42,Customs
SZ003315,2024-06-25,2024,6,Mizoram,Champhai,23.2879,92.252,Opium,124.31,NCB
SZ003316,2022-07-16,2022,7,Punjab,Amritsar,30.3548,75.8732,Poppy Husk,49.36,NCB
SZ003317,2023-04-25,2023,4,Tamil Nadu,Tirunelveli,11.1946,78.3183,Heroin,18.94,NCB
SZ003318,2020-09-01,2020,9,Odisha,Ganjam,20.5507,85.8385,Methamphetamine,7.75,BSF
SZ003319,2019-07-09,2019,7,Haryana,Faridabad,29.4455,76.1068,Pharmaceutical Opioids,20.1,State Police
SZ003320,2018-12-15,2018,12,Andhra Pradesh,Visakhapatnam,15.8317,80.1322,Methamphetamine,9.55,NCB
SZ003321,2020-02-16,2020,2,Gujarat,Porbandar,22.1581,71.1748,Cannabis (Ganja),136.91,Customs
SZ003322,2020-03-01,2020,3,Rajasthan,Barmer,27.6216,73.9095,Heroin,5.09,State Police
SZ003323,2024-02-10,2024,2,Gujarat,Surat,22.4014,70.6785,Methamphetamine,13.47,Customs
SZ003324,2021-02-17,2021,2,Kerala,Kozhikode,11.1259,75.8659,Charas/Hashish,12.15,NCB
SZ003325,2024-08-06,2024,8,Uttar Pradesh,Agra,26.9899,80.3162,Methamphetamine,3.85,State Police
SZ003326,2019-04-25,2019,4,Andhra Pradesh,Guntur,15.8618,80.1116,Cannabis (Ganja),235.21,State Police
SZ003327,2022-12-18,2022,12,Rajasthan,Barmer,27.4503,74.078,Methamphetamine,0.67,Coast Guard
SZ003328,2023-07-25,2023,7,Maharashtra,Nagpur,20.0764,75.7419,Poppy Husk,167.49,NCB
SZ003329,2018-07-26,2018,7,Assam,Cachar,26.1562,93.5401,Heroin,2.62,NCB
SZ003330,2022-09-13,2022,9,Gujarat,Ahmedabad,22.9093,71.5744,Heroin,1.4,NCB
SZ003331,2022-07-24,2022,7,Gujarat,Kutch,23.0398,70.5674,Heroin,1.35,DRI
SZ003332,2023-02-12,2023,2,Manipur,Chandel,24.1267,94.3056,MDMA,0.71,NCB
SZ003333,2022-07-24,2022,7,Maharashtra,Nashik,19.3335,75.1184,Cannabis (Ganja),42.56,NCB
SZ003334,2020-08-25,2020,8,Madhya Pradesh,Indore,22.4381,77.8874,Cannabis (Ganja),110.16,State Police
SZ003335,2021-05-12,2021,5,Delhi,East Delhi,28.346,77.2218,Cannabis (Ganja),14.72,DRI
SZ003336,2020-09-14,2020,9,Rajasthan,Kota,27.4901,74.5767,Pharmaceutical Opioids,0.63,NCB
SZ003337,2019-07-16,2019,7,Karnataka,Mangaluru,15.7142,75.9665,Cannabis (Ganja),10.56,Coast Guard
SZ003338,2020-10-02,2020,10,Mizoram,Aizawl,22.8423,93.2102,MDMA,0.58,Customs
SZ003339,2019-08-09,2019,8,Punjab,Amritsar,30.452,75.4351,Methamphetamine,11.78,NCB
SZ003340,2024-07-03,2024,7,Mizoram,Lunglei,23.1761,92.9734,Opium,2.62,State Police
SZ003341,2023-12-18,2023,12,West Bengal,North 24 Parganas,22.2447,87.758,Heroin,2.91,NCB
SZ003342,2018-12-15,2018,12,Kerala,Kollam,11.451,76.2948,Cannabis (Ganja),67.25,NCB
SZ003343,2021-11-23,2021,11,Kerala,Kozhikode,10.3788,75.6353,Poppy Husk,103.56,NCB
SZ003344,2024-11-14,2024,11,Haryana,Karnal,29.1519,76.3572,Methamphetamine,22.01,DRI
SZ003345,2023-02-22,2023,2,Gujarat,Bhavnagar,22.5564,71.181,Heroin,2.21,BSF
SZ003346,2021-08-19,2021,8,Madhya Pradesh,Gwalior,22.8509,78.5638,Cocaine,0.11,BSF
SZ003347,2024-01-12,2024,1,Jammu and Kashmir,Poonch,34.4009,76.3532,Heroin,1.74,Customs
SZ003348,2022-02-13,2022,2,Assam,Karimganj,26.0621,92.4463,Charas/Hashish,5.53,State Police
SZ003349,2023-06-06,2023,6,Tamil Nadu,Chennai,11.1769,78.8789,Opium,18.85,Customs
SZ003350,2020-07-17,2020,7,Kerala,Kochi,10.8103,76.1225,Cannabis (Ganja),149.84,NCB
SZ003351,2019-08-17,2019,8,Kerala,Kochi,11.2075,76.2528,Opium,4.99,Coast Guard
SZ003352,2022-01-11,2022,1,Punjab,Ferozepur,31.7321,74.8339,Cannabis (Ganja),391.38,NCB
SZ003353,2024-03-22,2024,3,Bihar,Patna,25.1601,84.812,Cannabis (Ganja),13.74,State Police
SZ003354,2019-05-18,2019,5,Jammu and Kashmir,Jammu,33.4426,76.8705,Cannabis (Ganja),213.73,Customs
SZ003355,2019-12-25,2019,12,Jammu and Kashmir,Baramulla,33.279,77.0603,Heroin,3.51,DRI
SZ003356,2020-02-15,2020,2,Rajasthan,Jaisalmer,26.5674,74.8427,Cannabis (Ganja),74.91,Customs
SZ003357,2023-01-19,2023,1,Rajasthan,Barmer,27.7081,74.655,Pharmaceutical Opioids,20.77,BSF
SZ003358,2022-09-05,2022,9,Kerala,Kochi,10.7775,76.3637,Methamphetamine,15.92,NCB
SZ003359,2021-02-06,2021,2,Uttar Pradesh,Agra,27.5042,81.6987,Ketamine,1.33,NCB
SZ003360,2020-12-23,2020,12,Assam,Cachar,25.744,93.2182,Charas/Hashish,0.9,NCB
SZ003361,2018-11-04,2018,11,Uttar Pradesh,Lucknow,26.2303,80.3139,Methamphetamine,7.55,DRI
SZ003362,2020-09-23,2020,9,Odisha,Koraput,20.4661,85.5217,Heroin,0.34,State Police
SZ003363,2023-03-15,2023,3,West Bengal,Malda,23.1981,87.4698,Cannabis (Ganja),41.32,NCB
SZ003364,2021-02-22,2021,2,West Bengal,Nadia,23.2148,88.1817,Cannabis (Ganja),15.12,State Police
SZ003365,2021-02-27,2021,2,Manipur,Churachandpur,23.8894,93.6306,Heroin,3.41,Customs
SZ003366,2018-10-13,2018,10,Assam,Dibrugarh,26.6303,92.5532,Heroin,4.36,State Police
SZ003367,2018-11-20,2018,11,Mizoram,Lunglei,22.7132,93.2915,Heroin,0.55,NCB
SZ003368,2021-10-23,2021,10,Haryana,Faridabad,29.4232,75.8967,Cannabis (Ganja),62.27,State Police
SZ003369,2023-08-01,2023,8,Karnataka,Mangaluru,15.4914,75.8521,Opium,3.62,Customs
SZ003370,2019-12-03,2019,12,Bihar,Patna,25.3495,85.1764,Heroin,0.49,NCB
SZ003371,2021-11-07,2021,11,Jammu and Kashmir,Srinagar,33.6375,75.7911,Cannabis (Ganja),34.8,Customs
SZ003372,2019-08-18,2019,8,Manipur,Imphal West,24.2293,93.2046,Charas/Hashish,3.36,State Police
SZ003373,2023-01-25,2023,1,Uttar Pradesh,Lucknow,26.8196,80.4202,Charas/Hashish,7.02,State Police
SZ003374,2021-11-27,2021,11,Delhi,East Delhi,28.1057,77.7143,Cannabis (Ganja),38.57,NCB
SZ003375,2023-01-27,2023,1,Jammu and Kashmir,Poonch,33.1952,75.886,Cannabis (Ganja),28.94,NCB
SZ003376,2022-06-08,2022,6,Assam,Cachar,26.9683,92.8436,Methamphetamine,11.84,State Police
SZ003377,2024-12-26,2024,12,Telangana,Warangal,18.0777,78.5616,Opium,61.32,DRI
SZ003378,2018-11-04,2018,11,Madhya Pradesh,Gwalior,23.2842,78.0485,Pharmaceutical Opioids,1.57,NCB
SZ003379,2021-12-05,2021,12,Kerala,Kollam,11.5464,76.1406,Cannabis (Ganja),22.88,BSF
SZ003380,2021-09-01,2021,9,Bihar,Patna,25.6698,85.1712,Poppy Husk,5.99,NCB
SZ003381,2022-05-22,2022,5,Uttar Pradesh,Agra,26.6979,81.623,Cannabis (Ganja),288.63,BSF
SZ003382,2024-06-11,2024,6,West Bengal,Malda,23.5235,87.6736,Heroin,0.61,BSF
SZ003383,2021-01-21,2021,1,Manipur,Imphal West,24.8904,93.6936,Charas/Hashish,4.31,Customs
SZ003384,2023-01-08,2023,1,Delhi,North West Delhi,28.0619,77.3075,Cocaine,0.44,State Police
SZ003385,2018-07-10,2018,7,West Bengal,Malda,22.9364,87.0638,Methamphetamine,2.73,NCB
SZ003386,2024-01-16,2024,1,Odisha,Bhubaneswar,21.2356,85.577,Opium,5.41,NCB
SZ003387,2018-03-03,2018,3,Tamil Nadu,Coimbatore,10.5335,77.9963,Heroin,1.17,NCB
SZ003388,2020-06-23,2020,6,Punjab,Amritsar,30.9499,75.2277,Opium,4.44,NCB
SZ003389,2021-05-11,2021,5,Delhi,East Delhi,27.9884,77.7207,Charas/Hashish,1.04,Customs
SZ003390,2024-02-15,2024,2,Odisha,Koraput,20.4096,85.3659,Heroin,1.9,State Police
SZ003391,2020-01-06,2020,1,Punjab,Amritsar,30.952,75.8267,Heroin,1.88,Customs
SZ003392,2021-09-12,2021,9,Andhra Pradesh,Guntur,15.1353,80.3162,Cannabis (Ganja),44.97,State Police
SZ003393,2019-07-17,2019,7,Punjab,Ludhiana,31.4708,75.9741,Methamphetamine,6.29,NCB
SZ003394,2024-02-09,2024,2,Odisha,Cuttack,21.1802,84.5628,MDMA,2.05,NCB
SZ003395,2018-11-11,2018,11,Andhra Pradesh,Visakhapatnam,16.3396,79.7445,Cannabis (Ganja),82.71,State Police
SZ003396,2021-12-19,2021,12,West Bengal,North 24 Parganas,23.5129,87.8263,Heroin,0.18,NCB
SZ003397,2018-08-11,2018,8,Manipur,Churachandpur,24.7598,94.4074,Heroin,3.19,Customs
SZ003398,2020-04-04,2020,4,Madhya Pradesh,Gwalior,23.5832,79.4428,Pharmaceutical Opioids,28.8,State Police
SZ003399,2018-10-16,2018,10,Mizoram,Champhai,22.9807,93.19,MDMA,0.62,BSF
SZ003400,2020-03-19,2020,3,Rajasthan,Kota,27.1653,73.5572,MDMA,2.11,State Police
SZ003401,2020-05-20,2020,5,Jammu and Kashmir,Srinagar,34.2174,76.5081,Cannabis (Ganja),177.25,State Police
SZ003402,2024-09-05,2024,9,Manipur,Imphal West,25.4189,94.2297,Heroin,1.14,State Police
SZ003403,2024-04-16,2024,4,Uttar Pradesh,Lucknow,27.102,80.5222,Methamphetamine,6.85,NCB
SZ003404,2024-12-23,2024,12,Punjab,Gurdaspur,30.5959,74.6073,Cannabis (Ganja),517.56,NCB
SZ003405,2018-02-23,2018,2,Jammu and Kashmir,Poonch,33.3575,77.0691,Cannabis (Ganja),123.99,DRI
SZ003406,2024-10-23,2024,10,Maharashtra,Mumbai,20.2845,75.8475,Pharmaceutical Opioids,0.57,NCB
SZ003407,2023-03-03,2023,3,Kerala,Thiruvananthapuram,11.4735,75.7061,Charas/Hashish,0.05,Coast Guard
SZ003408,2018-01-15,2018,1,Andhra Pradesh,Guntur,15.3441,79.2171,Poppy Husk,179.26,NCB
SZ003409,2018-02-04,2018,2,Kerala,Kollam,11.2088,75.7003,Poppy Husk,112.55,State Police
SZ003410,2024-11-20,2024,11,Assam,Cachar,25.4009,92.5256,Heroin,5.03,DRI
SZ003411,2018-11-18,2018,11,Manipur,Imphal East,24.046,94.5116,Pharmaceutical Opioids,12.1,BSF
SZ003412,2024-07-24,2024,7,Gujarat,Bhavnagar,21.9987,71.1872,Cannabis (Ganja),104.28,BSF
SZ003413,2022-03-26,2022,3,Bihar,Patna,25.3336,84.9502,Charas/Hashish,3.74,NCB
SZ003414,2020-02-12,2020,2,Jammu and Kashmir,Baramulla,34.0983,76.2664,Poppy Husk,690.66,State Police
SZ003415,2018-05-09,2018,5,West Bengal,Malda,23.354,87.2327,Charas/Hashish,12.04,NCB
SZ003416,2021-05-01,2021,5,Mizoram,Champhai,23.838,92.8257,Pharmaceutical Opioids,41.22,Coast Guard
SZ003417,2018-07-13,2018,7,Tamil Nadu,Tirunelveli,11.3946,79.4328,Cannabis (Ganja),340.17,State Police
SZ003418,2021-03-04,2021,3,Punjab,Amritsar,30.6656,75.3586,Pharmaceutical Opioids,2.62,Coast Guard
SZ003419,2023-01-18,2023,1,Mizoram,Aizawl,22.6936,92.8545,Opium,13.46,NCB
SZ003420,2022-03-08,2022,3,Maharashtra,Mumbai,20.1378,76.2908,Heroin,6.86,BSF
SZ003421,2022-05-03,2022,5,Mizoram,Lunglei,23.6299,92.3812,Charas/Hashish,3.36,BSF
SZ003422,2022-07-17,2022,7,Delhi,East Delhi,28.3989,76.9099,Heroin,0.84,NCB
SZ003423,2019-11-23,2019,11,Karnataka,Mangaluru,16.1159,74.9173,Pharmaceutical Opioids,1.91,Coast Guard
SZ003424,2024-08-10,2024,8,Assam,Dibrugarh,26.5371,93.1008,Cannabis (Ganja),83.87,State Police
SZ003425,2018-01-20,2018,1,Andhra Pradesh,Visakhapatnam,15.7412,79.7231,Heroin,4.37,NCB
SZ003426,2018-09-03,2018,9,Bihar,Patna,25.5694,85.0707,MDMA,0.1,Customs
SZ003427,2021-05-09,2021,5,Punjab,Amritsar,31.4042,74.7828,MDMA,1.25,Customs
SZ003428,2018-06-03,2018,6,Haryana,Faridabad,29.2971,76.0279,Methamphetamine,23.27,Customs
SZ003429,2024-12-03,2024,12,Maharashtra,Thane,19.0532,76.3638,Ketamine,2.14,NCB
SZ003430,2020-03-07,2020,3,Delhi,East Delhi,28.1379,76.8752,Cannabis (Ganja),77.25,NCB
SZ003431,2023-07-03,2023,7,Odisha,Ganjam,20.9534,85.0465,Cocaine,0.29,NCB
SZ003432,2018-03-27,2018,3,Jammu and Kashmir,Poonch,33.4401,77.2275,Heroin,8.24,Coast Guard
SZ003433,2022-01-10,2022,1,Punjab,Ferozepur,31.3626,74.5573,Heroin,2.53,State Police
SZ003434,2023-06-01,2023,6,Rajasthan,Jaisalmer,27.7894,73.545,Cannabis (Ganja),60.32,Customs
SZ003435,2019-10-01,2019,10,Manipur,Churachandpur,24.2484,94.6519,Poppy Husk,75.0,State Police
SZ003436,2024-01-09,2024,1,Madhya Pradesh,Neemuch,23.117,78.6553,Heroin,4.28,Customs
SZ003437,2018-10-03,2018,10,Mizoram,Lunglei,22.8904,93.5824,Heroin,1.67,State Police
SZ003438,2022-06-19,2022,6,Maharashtra,Nagpur,19.4329,75.2069,Charas/Hashish,3.12,State Police
SZ003439,2024-08-27,2024,8,Gujarat,Bhavnagar,22.3689,71.5576,Cannabis (Ganja),280.77,BSF
SZ003440,2023-06-11,2023,6,Odisha,Cuttack,20.2647,85.2523,Pharmaceutical Opioids,13.33,NCB
SZ003441,2022-02-12,2022,2,Mizoram,Lunglei,22.7606,92.6512,Opium,31.09,State Police
SZ003442,2024-08-10,2024,8,Assam,Cachar,26.5485,92.6653,Opium,19.48,State Police
SZ003443,2019-06-19,2019,6,Jammu and Kashmir,Jammu,34.5664,77.3308,Heroin,7.96,State Police
SZ003444,2023-03-26,2023,3,Jammu and Kashmir,Baramulla,33.3473,76.0328,Ketamine,12.78,NCB
SZ003445,2024-12-17,2024,12,Odisha,Koraput,20.8731,85.3245,MDMA,0.6,NCB
SZ003446,2022-01-05,2022,1,Karnataka,Belagavi,15.7808,76.25,Cocaine,3.25,NCB
SZ003447,2020-03-16,2020,3,Madhya Pradesh,Indore,22.1975,79.0396,MDMA,1.01,BSF
SZ003448,2020-07-05,2020,7,Haryana,Sirsa,28.765,76.0981,Charas/Hashish,10.82,DRI
SZ003449,2024-08-12,2024,8,Manipur,Churachandpur,24.8472,93.3703,Cannabis (Ganja),95.81,NCB
SZ003450,2021-04-23,2021,4,Maharashtra,Pune,20.4821,76.094,Charas/Hashish,36.83,State Police
SZ003451,2020-06-17,2020,6,Punjab,Ludhiana,30.6073,75.8614,Poppy Husk,78.8,DRI
SZ003452,2019-07-15,2019,7,Karnataka,Mangaluru,15.5898,76.2013,Cannabis (Ganja),42.5,NCB
SZ003453,2018-03-23,2018,3,Haryana,Faridabad,28.77,75.3643,Charas/Hashish,3.56,NCB
SZ003454,2019-09-27,2019,9,Kerala,Kollam,11.4472,76.6202,Methamphetamine,8.57,State Police
SZ003455,2018-06-07,2018,6,Jammu and Kashmir,Srinagar,34.576,76.8603,Heroin,5.38,NCB
SZ003456,2020-04-04,2020,4,Rajasthan,Jodhpur,27.273,74.4075,Opium,38.61,State Police
SZ003457,2021-08-04,2021,8,Gujarat,Kutch,21.7293,71.1636,Cocaine,0.19,NCB
SZ003458,2018-11-24,2018,11,Tamil Nadu,Coimbatore,10.5434,79.3727,Charas/Hashish,0.14,State Police
SZ003459,2020-11-20,2020,11,Kerala,Thiruvananthapuram,10.7221,76.9928,Cocaine,9.54,State Police
SZ003460,2018-08-13,2018,8,Bihar,Muzaffarpur,24.676,85.6508,Heroin,4.6,NCB
SZ003461,2023-04-23,2023,4,Gujarat,Porbandar,23.0475,71.4734,MDMA,2.13,State Police
SZ003462,2018-06-14,2018,6,Assam,Cachar,25.6026,93.1009,Ketamine,0.21,Coast Guard
SZ003463,2020-11-10,2020,11,Maharashtra,Nagpur,19.9092,76.4067,Poppy Husk,24.26,NCB
SZ003464,2024-11-16,2024,11,Punjab,Gurdaspur,31.3014,75.2941,Poppy Husk,538.49,State Police
SZ003465,2023-06-23,2023,6,Rajasthan,Jaisalmer,26.2504,74.2452,Poppy Husk,710.32,NCB
SZ003466,2024-09-24,2024,9,West Bengal,Nadia,22.9919,87.5111,Ketamine,3.18,State Police
SZ003467,2021-10-10,2021,10,Maharashtra,Mumbai,20.3033,76.4312,Ketamine,0.06,NCB
SZ003468,2021-02-08,2021,2,Andhra Pradesh,Guntur,15.6445,80.0087,Heroin,0.39,NCB
SZ003469,2019-10-21,2019,10,Punjab,Amritsar,31.1265,75.8399,Cannabis (Ganja),122.03,Customs
SZ003470,2019-03-23,2019,3,Rajasthan,Barmer,26.2257,74.6585,Cannabis (Ganja),37.85,Customs
SZ003471,2023-01-05,2023,1,Delhi,North West Delhi,28.2909,76.9075,Charas/Hashish,17.24,Customs
SZ003472,2021-09-12,2021,9,Odisha,Bhubaneswar,20.7046,84.7103,Cannabis (Ganja),149.58,NCB
SZ003473,2022-05-13,2022,5,Manipur,Imphal West,25.0354,93.2669,Poppy Husk,41.92,Customs
SZ003474,2024-10-27,2024,10,Mizoram,Champhai,23.4346,93.3226,Cannabis (Ganja),240.56,State Police
SZ003475,2018-10-27,2018,10,Delhi,North West Delhi,29.1076,77.7225,Heroin,0.07,Customs
SZ003476,2024-04-15,2024,4,Odisha,Koraput,21.3719,85.5319,Cocaine,4.32,State Police
SZ003477,2023-08-14,2023,8,Mizoram,Lunglei,23.1489,92.4665,Heroin,4.53,State Police
SZ003478,2019-07-23,2019,7,Rajasthan,Jodhpur,26.2385,73.877,Opium,29.79,NCB
SZ003479,2021-01-10,2021,1,Punjab,Tarn Taran,30.7426,75.8819,MDMA,0.96,State Police
SZ003480,2022-10-19,2022,10,Delhi,New Delhi,28.4664,76.9559,Opium,66.25,BSF
SZ003481,2023-12-15,2023,12,West Bengal,Malda,22.3942,87.7114,Cocaine,1.67,NCB
SZ003482,2022-01-26,2022,1,Andhra Pradesh,Guntur,15.7478,79.7839,Heroin,1.11,NCB
SZ003483,2020-08-23,2020,8,Mizoram,Lunglei,23.8117,92.1801,Cannabis (Ganja),34.44,NCB
SZ003484,2019-08-11,2019,8,Haryana,Faridabad,29.2388,76.2928,Charas/Hashish,22.28,BSF
SZ003485,2024-06-16,2024,6,Uttar Pradesh,Varanasi,27.5756,80.2572,Pharmaceutical Opioids,11.87,State Police
SZ003486,2020-12-16,2020,12,Madhya Pradesh,Bhopal,23.5336,79.43,Cannabis (Ganja),23.71,NCB
SZ003487,2018-08-18,2018,8,Rajasthan,Barmer,27.43,73.6018,Methamphetamine,8.42,NCB
SZ003488,2018-03-08,2018,3,Karnataka,Mangaluru,15.2894,76.2495,Cocaine,1.47,NCB
SZ003489,2023-01-09,2023,1,Manipur,Churachandpur,25.1116,94.4121,Ketamine,0.98,Customs
SZ003490,2019-11-12,2019,11,Tamil Nadu,Coimbatore,11.1167,78.9761,Cannabis (Ganja),49.78,State Police
SZ003491,2021-09-12,2021,9,Telangana,Warangal,17.6651,79.0537,Opium,21.29,Customs
SZ003492,2020-10-06,2020,10,Delhi,South Delhi,29.121,77.3219,Cannabis (Ganja),10.45,NCB
SZ003493,2019-08-26,2019,8,Telangana,Hyderabad,17.6835,79.5174,Methamphetamine,3.07,NCB
SZ003494,2023-04-22,2023,4,Manipur,Chandel,24.393,94.4751,Cocaine,0.05,Customs
SZ003495,2024-01-18,2024,1,Karnataka,Belagavi,15.17,75.9389,Cannabis (Ganja),171.03,State Police
SZ003496,2019-08-03,2019,8,Bihar,Patna,25.777,85.1499,Cocaine,2.62,Customs
SZ003497,2018-04-24,2018,4,Uttar Pradesh,Kanpur,26.512,81.5243,Heroin,4.33,NCB
SZ003498,2024-03-13,2024,3,Madhya Pradesh,Indore,22.1984,78.9954,Methamphetamine,3.65,State Police
SZ003499,2023-11-22,2023,11,Manipur,Imphal West,25.4354,94.1252,Heroin,10.6,Customs
SZ003500,2019-06-25,2019,6,Mizoram,Champhai,23.4513,92.959,Methamphetamine,12.91,NCB
SZ003501,2019-01-24,2019,1,Odisha,Bhubaneswar,20.2775,84.8719,Cannabis (Ganja),209.41,Customs
SZ003502,2023-12-27,2023,12,Bihar,Patna,24.9753,84.9933,Methamphetamine,8.22,State Police
SZ003503,2023-08-19,2023,8,Kerala,Kozhikode,10.5679,76.3679,Methamphetamine,1.03,NCB
SZ003504,2019-05-03,2019,5,Jammu and Kashmir,Baramulla,33.8791,76.1784,Cocaine,0.7,NCB
SZ003505,2022-05-11,2022,5,Tamil Nadu,Madurai,10.412,79.0227,Opium,11.62,State Police
SZ003506,2023-09-16,2023,9,Haryana,Karnal,29.1385,76.6261,Heroin,23.15,State Police
SZ003507,2023-10-07,2023,10,Punjab,Ferozepur,31.2939,75.963,Methamphetamine,5.27,NCB
SZ003508,2019-01-25,2019,1,Punjab,Amritsar,31.6135,75.8411,Cannabis (Ganja),356.57,NCB
SZ003509,2021-12-10,2021,12,Punjab,Tarn Taran,31.7979,75.3792,Heroin,9.81,State Police
SZ003510,2018-04-25,2018,4,Andhra Pradesh,Visakhapatnam,15.6073,79.042,Cannabis (Ganja),25.19,State Police
SZ003511,2022-06-19,2022,6,Tamil Nadu,Coimbatore,11.2461,78.1582,Cannabis (Ganja),76.64,Coast Guard
SZ003512,2018-01-07,2018,1,Punjab,Ferozepur,30.3624,75.2955,Cocaine,0.57,NCB
SZ003513,2022-08-27,2022,8,Rajasthan,Jodhpur,27.8041,74.6497,Cannabis (Ganja),125.76,NCB
SZ003514,2021-09-11,2021,9,Haryana,Karnal,29.1366,76.2511,Pharmaceutical Opioids,16.01,DRI
SZ003515,2021-05-05,2021,5,Rajasthan,Jaisalmer,26.9166,73.6908,Heroin,3.88,Customs
SZ003516,2024-08-21,2024,8,Delhi,East Delhi,28.0613,77.2298,Charas/Hashish,37.06,State Police
SZ003517,2021-01-16,2021,1,Gujarat,Surat,21.7474,71.9547,Cocaine,0.81,NCB
SZ003518,2023-03-17,2023,3,Telangana,Nizamabad,18.7661,79.375,Cannabis (Ganja),722.81,Customs
SZ003519,2024-01-18,2024,1,Mizoram,Aizawl,23.6018,93.3172,Charas/Hashish,2.47,State Police
SZ003520,2019-10-03,2019,10,Punjab,Amritsar,31.8975,74.7203,Poppy Husk,19.3,BSF
SZ003521,2022-10-18,2022,10,Assam,Dibrugarh,26.8961,93.1698,Methamphetamine,3.27,NCB
SZ003522,2021-05-24,2021,5,Maharashtra,Nashik,20.0516,74.9127,MDMA,0.62,NCB
SZ003523,2020-02-19,2020,2,Madhya Pradesh,Bhopal,22.333,78.6436,Heroin,0.65,BSF
SZ003524,2024-02-19,2024,2,Punjab,Amritsar,30.6607,75.8029,Heroin,3.33,Customs
SZ003525,2019-01-12,2019,1,Maharashtra,Nashik,19.9307,76.0104,Heroin,1.97,NCB
SZ003526,2021-11-23,2021,11,Manipur,Churachandpur,24.0575,94.2211,Charas/Hashish,3.54,State Police
SZ003527,2024-08-20,2024,8,Tamil Nadu,Tirunelveli,11.8124,79.0009,Cannabis (Ganja),74.88,DRI
SZ003528,2024-06-04,2024,6,Mizoram,Lunglei,22.3642,92.4486,Opium,6.44,NCB
SZ003529,2024-12-18,2024,12,Punjab,Ferozepur,31.8415,74.8562,Poppy Husk,130.93,NCB
SZ003530,2021-04-20,2021,4,Bihar,Bhagalpur,24.7557,85.7071,Opium,5.89,State Police
SZ003531,2021-08-25,2021,8,Delhi,South Delhi,29.4199,77.0763,Methamphetamine,13.89,DRI
SZ003532,2024-03-21,2024,3,Bihar,Gaya,25.1826,84.8323,Opium,22.75,NCB
SZ003533,2018-09-12,2018,9,Punjab,Ferozepur,31.2038,75.937,Heroin,0.26,State Police
SZ003534,2018-06-13,2018,6,Jammu and Kashmir,Baramulla,33.018,75.8366,Heroin,3.85,Customs
SZ003535,2024-03-18,2024,3,Odisha,Ganjam,20.6181,85.629,Cannabis (Ganja),63.38,State Police
SZ003536,2019-11-09,2019,11,Rajasthan,Kota,27.7627,73.8391,Cannabis (Ganja),142.73,NCB
SZ003537,2022-05-10,2022,5,Punjab,Tarn Taran,31.7741,75.8819,Methamphetamine,0.34,NCB
SZ003538,2023-02-22,2023,2,Haryana,Gurugram,29.5386,76.0539,Charas/Hashish,0.97,DRI
SZ003539,2023-05-27,2023,5,Rajasthan,Jaisalmer,27.3934,74.3437,Cannabis (Ganja),64.51,NCB
SZ003540,2022-08-22,2022,8,West Bengal,Malda,22.2199,87.3271,Cocaine,2.4,NCB
SZ003541,2024-10-24,2024,10,Assam,Cachar,26.0884,93.1155,Methamphetamine,3.54,State Police
SZ003542,2024-12-16,2024,12,Manipur,Churachandpur,25.3852,93.2701,Heroin,0.53,DRI
SZ003543,2020-07-21,2020,7,Telangana,Nizamabad,18.5629,79.7278,Heroin,6.84,NCB
SZ003544,2021-11-11,2021,11,Manipur,Imphal East,24.5616,93.3304,Charas/Hashish,13.61,Customs
SZ003545,2024-12-26,2024,12,Punjab,Gurdaspur,31.0933,75.306,Opium,19.98,DRI
SZ003546,2021-08-04,2021,8,Gujarat,Kutch,22.6063,71.3692,Cannabis (Ganja),83.81,NCB
SZ003547,2021-04-06,2021,4,Bihar,Patna,24.8447,85.3195,Charas/Hashish,10.14,State Police
SZ003548,2022-03-24,2022,3,Andhra Pradesh,Visakhapatnam,15.4117,79.1297,Heroin,0.31,State Police
SZ003549,2020-01-04,2020,1,Gujarat,Kutch,23.0003,70.7091,Methamphetamine,1.87,State Police
SZ003550,2023-11-06,2023,11,Maharashtra,Nagpur,19.841,75.7618,Poppy Husk,221.88,State Police
SZ003551,2023-11-14,2023,11,Punjab,Gurdaspur,31.571,75.3451,Heroin,4.45,Customs
SZ003552,2024-01-05,2024,1,Punjab,Amritsar,31.5226,75.3577,Cannabis (Ganja),129.87,BSF
SZ003553,2019-01-26,2019,1,Punjab,Gurdaspur,31.0317,75.7921,Methamphetamine,2.13,NCB
SZ003554,2020-03-21,2020,3,Punjab,Ferozepur,31.7198,75.8055,Charas/Hashish,4.47,Customs
SZ003555,2022-11-06,2022,11,Assam,Cachar,25.9938,93.4054,Heroin,0.76,DRI
SZ003556,2020-04-05,2020,4,Uttar Pradesh,Kanpur,26.5505,80.9271,Charas/Hashish,6.49,State Police
SZ003557,2019-01-21,2019,1,Maharashtra,Nashik,19.6299,76.002,Cannabis (Ganja),1.45,Customs
SZ003558,2022-03-21,2022,3,Uttar Pradesh,Agra,27.1554,80.3079,Pharmaceutical Opioids,10.85,State Police
SZ003559,2020-02-01,2020,2,Jammu and Kashmir,Srinagar,34.3728,76.1325,Pharmaceutical Opioids,0.69,BSF
SZ003560,2023-01-25,2023,1,Jammu and Kashmir,Baramulla,33.801,76.5219,Poppy Husk,260.54,NCB
SZ003561,2018-08-20,2018,8,Gujarat,Kutch,21.5383,70.6557,Cannabis (Ganja),0.67,State Police
SZ003562,2023-12-11,2023,12,Maharashtra,Thane,19.1672,75.0005,Methamphetamine,15.17,Coast Guard
SZ003563,2022-03-22,2022,3,Andhra Pradesh,Vijayawada,16.3193,79.5652,Heroin,0.69,State Police
SZ003564,2018-04-07,2018,4,Rajasthan,Barmer,27.4414,73.6761,Charas/Hashish,9.08,NCB
SZ003565,2021-11-22,2021,11,Gujarat,Porbandar,22.4116,71.3928,Cannabis (Ganja),616.22,State Police
SZ003566,2021-12-27,2021,12,Gujarat,Bhavnagar,22.9716,71.296,Cannabis (Ganja),139.91,State Police
SZ003567,2024-10-21,2024,10,Rajasthan,Barmer,26.8124,74.4106,Cannabis (Ganja),478.55,NCB
SZ003568,2022-02-14,2022,2,Gujarat,Bhavnagar,22.8649,71.1268,Poppy Husk,37.59,NCB
SZ003569,2023-10-20,2023,10,Gujarat,Porbandar,22.4441,71.431,Cannabis (Ganja),149.75,Coast Guard
SZ003570,2018-12-06,2018,12,Maharashtra,Mumbai,19.3006,76.1674,Pharmaceutical Opioids,47.55,State Police
SZ003571,2023-01-05,2023,1,Delhi,North West Delhi,28.3344,77.3727,Cannabis (Ganja),21.93,NCB
SZ003572,2020-11-27,2020,11,Maharashtra,Nashik,19.702,76.0607,Charas/Hashish,5.27,BSF
SZ003573,2021-06-01,2021,6,Telangana,Khammam,17.8914,79.0497,Methamphetamine,19.43,NCB
SZ003574,2019-11-10,2019,11,Andhra Pradesh,Vijayawada,15.4218,80.1165,Heroin,0.48,Customs
SZ003575,2024-05-12,2024,5,Mizoram,Champhai,23.6343,93.2964,Opium,16.73,NCB
SZ003576,2019-10-22,2019,10,Mizoram,Lunglei,22.5784,92.9562,Cocaine,2.69,Customs
SZ003577,2019-11-20,2019,11,Bihar,Patna,25.2818,85.8411,Poppy Husk,156.98,NCB
SZ003578,2018-11-14,2018,11,Maharashtra,Thane,19.688,76.1785,Poppy Husk,308.53,State Police
SZ003579,2021-08-04,2021,8,Manipur,Chandel,24.524,94.0039,MDMA,1.15,BSF
SZ003580,2024-06-17,2024,6,Manipur,Churachandpur,24.1969,93.3506,Heroin,3.71,NCB
SZ003581,2021-08-23,2021,8,Tamil Nadu,Madurai,11.8219,79.0831,Cannabis (Ganja),50.03,NCB
SZ003582,2023-06-04,2023,6,Jammu and Kashmir,Jammu,34.1481,76.6182,Cannabis (Ganja),56.25,NCB
SZ003583,2022-06-17,2022,6,Gujarat,Bhavnagar,23.0583,70.6727,Cannabis (Ganja),192.3,State Police
SZ003584,2019-01-24,2019,1,Uttar Pradesh,Varanasi,26.6057,80.2968,Poppy Husk,261.56,State Police
SZ003585,2019-06-03,2019,6,Punjab,Tarn Taran,31.5944,75.8689,Pharmaceutical Opioids,2.89,NCB
SZ003586,2022-03-15,2022,3,Jammu and Kashmir,Baramulla,33.0207,76.4873,Methamphetamine,1.57,Customs
SZ003587,2020-06-15,2020,6,Jammu and Kashmir,Srinagar,34.4377,76.074,Pharmaceutical Opioids,4.81,NCB
SZ003588,2021-09-10,2021,9,Gujarat,Kutch,21.6484,71.3905,Pharmaceutical Opioids,17.57,State Police
SZ003589,2024-10-23,2024,10,Andhra Pradesh,Guntur,15.7542,79.6609,Cannabis (Ganja),97.8,NCB
SZ003590,2024-03-26,2024,3,Gujarat,Surat,22.7271,70.3944,Heroin,12.28,BSF
SZ003591,2023-08-24,2023,8,Haryana,Faridabad,29.158,75.7774,Opium,17.25,State Police
SZ003592,2023-06-04,2023,6,Madhya Pradesh,Indore,23.1824,78.2475,Charas/Hashish,0.16,BSF
SZ003593,2023-05-04,2023,5,West Bengal,Malda,23.1225,88.4822,Heroin,0.25,NCB
SZ003594,2018-10-10,2018,10,Kerala,Kochi,11.5591,76.4821,Cocaine,3.78,State Police
SZ003595,2024-04-13,2024,4,Punjab,Gurdaspur,30.5319,75.7426,Cannabis (Ganja),48.39,State Police
SZ003596,2021-06-23,2021,6,Haryana,Faridabad,28.6971,75.596,Heroin,1.07,DRI
SZ003597,2021-05-05,2021,5,Karnataka,Belagavi,15.0784,75.0475,Opium,1.96,BSF
SZ003598,2023-02-25,2023,2,Uttar Pradesh,Varanasi,26.5879,81.2236,Cannabis (Ganja),37.22,State Police
SZ003599,2023-01-04,2023,1,Punjab,Amritsar,30.9029,74.6491,Heroin,6.91,NCB
SZ003600,2022-05-13,2022,5,Tamil Nadu,Madurai,10.9406,78.484,Cannabis (Ganja),63.86,State Police
SZ003601,2020-02-12,2020,2,Manipur,Chandel,24.9351,93.2502,Opium,20.64,NCB
SZ003602,2018-06-21,2018,6,Gujarat,Kutch,22.0468,70.8584,Heroin,0.85,BSF
SZ003603,2019-06-11,2019,6,Telangana,Hyderabad,17.3425,78.4254,Charas/Hashish,1.6,NCB
SZ003604,2022-08-24,2022,8,Delhi,South Delhi,28.2619,76.3522,Cannabis (Ganja),93.84,State Police
SZ003605,2024-12-15,2024,12,Gujarat,Surat,22.9183,70.5148,Heroin,1.03,Customs
SZ003606,2022-11-05,2022,11,Maharashtra,Mumbai,18.9838,75.2894,MDMA,0.8,State Police
SZ003607,2020-10-16,2020,10,Mizoram,Aizawl,23.8069,93.1427,Heroin,12.97,DRI
SZ003608,2023-08-01,2023,8,Uttar Pradesh,Agra,27.4515,81.6747,Cannabis (Ganja),250.87,State Police
SZ003609,2023-10-24,2023,10,Bihar,Bhagalpur,25.5599,85.4478,Charas/Hashish,2.98,Coast Guard
SZ003610,2022-01-22,2022,1,Haryana,Karnal,29.0216,76.8254,Opium,8.51,Coast Guard
SZ003611,2021-04-24,2021,4,Kerala,Kochi,10.2002,76.6725,Pharmaceutical Opioids,17.24,NCB
SZ003612,2018-11-26,2018,11,Bihar,Bhagalpur,25.2616,85.6173,Charas/Hashish,1.87,Customs
SZ003613,2018-07-08,2018,7,Andhra Pradesh,Guntur,15.1656,80.1491,Poppy Husk,114.05,NCB
SZ003614,2018-12-03,2018,12,Haryana,Gurugram,29.3022,76.4536,Heroin,13.06,State Police
SZ003615,2019-06-24,2019,6,Jammu and Kashmir,Poonch,33.5962,76.9172,Charas/Hashish,3.58,NCB
SZ003616,2021-02-21,2021,2,Mizoram,Lunglei,22.8717,92.9089,Cannabis (Ganja),55.07,NCB
SZ003617,2021-04-22,2021,4,Andhra Pradesh,Visakhapatnam,16.1599,80.1509,Cannabis (Ganja),48.07,State Police
SZ003618,2019-07-12,2019,7,Delhi,North West Delhi,28.2446,77.3644,Ketamine,1.55,State Police
SZ003619,2024-01-18,2024,1,Jammu and Kashmir,Jammu,33.4717,75.803,Methamphetamine,2.99,Customs
SZ003620,2019-02-08,2019,2,Rajasthan,Kota,26.9011,74.6158,Ketamine,1.38,BSF
SZ003621,2018-07-05,2018,7,Karnataka,Belagavi,15.0995,75.7331,Cannabis (Ganja),114.52,State Police
SZ003622,2018-10-27,2018,10,Tamil Nadu,Chennai,10.9649,79.4019,MDMA,0.48,BSF
SZ003623,2024-01-01,2024,1,Uttar Pradesh,Agra,27.3599,81.042,Methamphetamine,2.32,State Police
SZ003624,2020-06-12,2020,6,Kerala,Kozhikode,11.6039,76.3706,Cocaine,2.15,NCB
SZ003625,2018-07-20,2018,7,Maharashtra,Thane,19.258,75.7027,Cannabis (Ganja),47.81,NCB
SZ003626,2020-12-25,2020,12,West Bengal,Malda,23.5519,88.4664,Charas/Hashish,10.51,BSF
SZ003627,2023-04-27,2023,4,Gujarat,Surat,21.6428,70.6593,Opium,20.85,State Police
SZ003628,2023-02-19,2023,2,West Bengal,Malda,22.8156,87.654,Cannabis (Ganja),9.52,Customs
SZ003629,2021-11-20,2021,11,Odisha,Bhubaneswar,20.2468,85.0995,Charas/Hashish,5.72,State Police
SZ003630,2023-12-18,2023,12,Punjab,Ferozepur,30.4825,75.3683,Heroin,8.51,State Police
SZ003631,2020-09-27,2020,9,Mizoram,Lunglei,22.602,92.8937,Charas/Hashish,2.37,NCB
SZ003632,2022-05-22,2022,5,Manipur,Imphal East,25.2897,94.0025,Ketamine,6.23,Customs
SZ003633,2023-10-09,2023,10,Kerala,Kozhikode,10.6905,75.5823,Charas/Hashish,23.27,NCB
SZ003634,2018-07-05,2018,7,Assam,Dibrugarh,25.6649,93.0598,Cannabis (Ganja),171.52,Customs
SZ003635,2019-08-22,2019,8,Kerala,Thiruvananthapuram,10.0967,76.3159,Pharmaceutical Opioids,13.33,BSF
SZ003636,2024-01-27,2024,1,Madhya Pradesh,Neemuch,22.2283,78.1023,Methamphetamine,0.33,NCB
SZ003637,2023-06-06,2023,6,Punjab,Ludhiana,30.5932,74.5742,MDMA,1.65,State Police
SZ003638,2023-11-01,2023,11,Bihar,Patna,24.7337,85.5555,Methamphetamine,28.86,State Police
SZ003639,2019-11-08,2019,11,Gujarat,Porbandar,22.5981,70.4316,Methamphetamine,2.37,NCB
SZ003640,2024-09-25,2024,9,Maharashtra,Thane,20.5206,75.9756,Cannabis (Ganja),166.35,NCB
SZ003641,2020-06-06,2020,6,Uttar Pradesh,Lucknow,26.6125,81.3286,Methamphetamine,2.06,State Police
SZ003642,2018-03-11,2018,3,Kerala,Kozhikode,11.1669,76.3614,Cannabis (Ganja),71.05,State Police
SZ003643,2022-09-15,2022,9,Mizoram,Lunglei,23.7145,92.6712,Ketamine,0.14,Customs
SZ003644,2020-01-08,2020,1,Telangana,Khammam,17.9931,79.4742,Heroin,8.44,NCB
SZ003645,2023-01-05,2023,1,Gujarat,Surat,22.9153,71.0442,Pharmaceutical Opioids,10.36,State Police
SZ003646,2021-12-16,2021,12,Punjab,Amritsar,30.357,74.9679,Heroin,4.32,State Police
SZ003647,2024-03-01,2024,3,Mizoram,Lunglei,22.4498,92.9206,Opium,2.02,Coast Guard
SZ003648,2020-08-01,2020,8,Mizoram,Aizawl,23.2793,92.1648,Pharmaceutical Opioids,2.89,NCB
SZ003649,2021-02-03,2021,2,Gujarat,Kutch,22.1497,71.0752,MDMA,0.25,NCB
SZ003650,2018-07-01,2018,7,Rajasthan,Barmer,26.8513,74.1199,Cannabis (Ganja),5.77,State Police
SZ003651,2020-06-13,2020,6,Gujarat,Porbandar,22.7792,70.8156,Heroin,1.87,NCB
SZ003652,2021-02-17,2021,2,Bihar,Bhagalpur,24.7147,85.7274,Heroin,3.9,State Police
SZ003653,2024-12-13,2024,12,Assam,Guwahati,26.6513,93.6122,Opium,15.61,Customs
SZ003654,2018-03-15,2018,3,Andhra Pradesh,Visakhapatnam,16.0434,79.5951,Opium,24.46,State Police
SZ003655,2023-04-26,2023,4,Haryana,Gurugram,29.1196,76.5697,Charas/Hashish,4.37,NCB
SZ003656,2023-08-10,2023,8,Jammu and Kashmir,Baramulla,33.211,75.9457,Heroin,0.77,NCB
SZ003657,2023-08-20,2023,8,Haryana,Faridabad,28.6792,76.4012,Opium,35.53,BSF
SZ003658,2021-02-24,2021,2,Haryana,Faridabad,28.6615,76.0128,Charas/Hashish,2.65,NCB
SZ003659,2024-02-11,2024,2,Punjab,Gurdaspur,31.8463,75.3385,Ketamine,7.72,State Police
SZ003660,2019-07-17,2019,7,Manipur,Chandel,24.1352,93.2327,Charas/Hashish,4.26,State Police
SZ003661,2022-12-17,2022,12,Gujarat,Ahmedabad,21.7941,71.0212,Cocaine,0.87,NCB
SZ003662,2023-01-08,2023,1,West Bengal,North 24 Parganas,22.782,87.8401,Cocaine,2.09,State Police
SZ003663,2020-06-18,2020,6,Delhi,South Delhi,29.4127,76.6488,Methamphetamine,3.39,State Police
SZ003664,2022-02-26,2022,2,Assam,Cachar,26.3531,93.0942,Cannabis (Ganja),56.21,Customs
SZ003665,2023-01-04,2023,1,Karnataka,Belagavi,15.9713,76.0912,Opium,10.19,NCB
SZ003666,2023-02-25,2023,2,Maharashtra,Nashik,19.5614,75.5423,Charas/Hashish,21.27,Customs
SZ003667,2023-02-06,2023,2,Punjab,Amritsar,30.7098,74.9408,Heroin,0.35,NCB
SZ003668,2022-08-19,2022,8,Haryana,Karnal,29.6979,76.3049,Heroin,0.95,Coast Guard
SZ003669,2021-07-24,2021,7,Delhi,South Delhi,28.647,76.5128,MDMA,0.92,State Police
SZ003670,2021-05-27,2021,5,Karnataka,Bengaluru Urban,15.6739,76.3936,Cannabis (Ganja),369.87,Customs
SZ003671,2023-05-04,2023,5,Mizoram,Lunglei,23.1006,92.4894,Opium,12.49,NCB
SZ003672,2022-10-18,2022,10,Odisha,Ganjam,20.5373,84.4051,Opium,8.2,NCB
SZ003673,2024-10-27,2024,10,West Bengal,Kolkata,22.6721,88.2213,MDMA,3.95,DRI
SZ003674,2022-04-08,2022,4,Uttar Pradesh,Lucknow,26.1014,81.3081,Cannabis (Ganja),31.49,NCB
SZ003675,2024-11-12,2024,11,Odisha,Ganjam,20.4401,84.8976,Heroin,0.6,State Police
SZ003676,2019-12-07,2019,12,West Bengal,North 24 Parganas,23.2179,87.9509,Ketamine,1.3,Customs
SZ003677,2019-11-02,2019,11,Rajasthan,Bikaner,27.4255,74.6057,Cannabis (Ganja),168.75,State Police
SZ003678,2022-01-20,2022,1,West Bengal,Malda,23.2851,87.3322,Charas/Hashish,4.29,Customs
SZ003679,2020-09-03,2020,9,Rajasthan,Barmer,26.4875,74.8102,Heroin,4.06,NCB
SZ003680,2018-02-22,2018,2,Manipur,Chandel,24.1322,93.6726,Cannabis (Ganja),60.06,NCB
SZ003681,2024-01-12,2024,1,Mizoram,Lunglei,22.7652,93.4938,Cocaine,0.51,Customs
SZ003682,2023-08-05,2023,8,West Bengal,North 24 Parganas,23.5799,88.2377,Pharmaceutical Opioids,2.14,NCB
SZ003683,2018-12-17,2018,12,Assam,Cachar,25.9087,93.3379,Cocaine,0.84,BSF
SZ003684,2024-07-03,2024,7,Mizoram,Champhai,23.0569,93.1427,Cannabis (Ganja),7.12,NCB
SZ003685,2022-09-21,2022,9,Manipur,Imphal East,25.3828,94.4855,Opium,17.94,NCB
SZ003686,2020-11-03,2020,11,Mizoram,Champhai,23.2908,93.4478,Opium,1.42,State Police
SZ003687,2023-10-13,2023,10,Haryana,Karnal,29.6102,75.3374,Pharmaceutical Opioids,0.67,NCB
SZ003688,2023-03-25,2023,3,Delhi,New Delhi,28.3636,77.8606,Cocaine,2.84,State Police
SZ003689,2020-10-10,2020,10,Jammu and Kashmir,Baramulla,34.0558,77.1519,Methamphetamine,14.14,DRI
SZ003690,2021-12-17,2021,12,Delhi,South Delhi,28.3188,77.431,Cannabis (Ganja),274.81,State Police
SZ003691,2022-07-12,2022,7,Madhya Pradesh,Gwalior,23.0976,79.2137,MDMA,1.29,State Police
SZ003692,2020-11-16,2020,11,Maharashtra,Mumbai,19.3257,75.6241,Cannabis (Ganja),19.1,State Police
SZ003693,2022-08-01,2022,8,Mizoram,Lunglei,23.6914,93.0318,Pharmaceutical Opioids,4.75,State Police
SZ003694,2019-07-27,2019,7,Tamil Nadu,Coimbatore,11.0042,79.0001,Opium,4.34,NCB
SZ003695,2020-12-17,2020,12,Maharashtra,Pune,19.843,75.9464,Heroin,1.73,DRI
SZ003696,2019-03-07,2019,3,Punjab,Amritsar,31.0058,75.8459,Cannabis (Ganja),22.66,NCB
SZ003697,2021-11-09,2021,11,Jammu and Kashmir,Srinagar,33.8788,75.9666,Methamphetamine,3.14,State Police
SZ003698,2022-10-11,2022,10,Madhya Pradesh,Neemuch,22.278,78.3886,Cocaine,7.47,NCB
SZ003699,2019-07-22,2019,7,Haryana,Sirsa,29.6432,76.4247,Charas/Hashish,1.37,NCB
SZ003700,2019-11-01,2019,11,Haryana,Faridabad,29.1722,75.7883,Cannabis (Ganja),63.09,NCB
SZ003701,2021-04-06,2021,4,Telangana,Khammam,17.5143,79.6303,MDMA,0.28,NCB
SZ003702,2022-02-23,2022,2,Bihar,Gaya,24.7796,84.6038,Heroin,4.7,Customs
SZ003703,2022-05-12,2022,5,Gujarat,Porbandar,22.135,71.2821,Cannabis (Ganja),24.39,Customs
SZ003704,2021-09-08,2021,9,Delhi,New Delhi,28.8282,76.5764,Cannabis (Ganja),7.13,Customs
SZ003705,2020-01-04,2020,1,Punjab,Amritsar,31.9074,75.1026,Methamphetamine,2.06,NCB
SZ003706,2023-06-02,2023,6,Bihar,Gaya,24.8466,85.4642,Heroin,0.97,NCB
SZ003707,2023-07-26,2023,7,Haryana,Gurugram,28.2968,76.154,Opium,58.14,NCB
SZ003708,2023-04-19,2023,4,Manipur,Imphal East,25.192,94.0924,Methamphetamine,6.42,NCB
SZ003709,2018-01-19,2018,1,Bihar,Gaya,24.3271,85.9184,Heroin,0.87,NCB
SZ003710,2019-06-10,2019,6,Delhi,East Delhi,29.1299,77.716,Cannabis (Ganja),29.03,Customs
SZ003711,2021-03-18,2021,3,Delhi,North West Delhi,29.0408,76.7793,Cocaine,0.19,State Police
SZ003712,2019-01-04,2019,1,Telangana,Warangal,18.168,79.7884,Cannabis (Ganja),66.31,BSF
SZ003713,2020-09-13,2020,9,Tamil Nadu,Chennai,11.8505,78.6704,Charas/Hashish,2.71,NCB
SZ003714,2019-01-06,2019,1,Tamil Nadu,Tirunelveli,10.7981,77.9253,Cannabis (Ganja),213.62,State Police
SZ003715,2021-07-04,2021,7,Gujarat,Porbandar,22.2356,71.7056,Cannabis (Ganja),103.98,NCB
SZ003716,2018-06-17,2018,6,Rajasthan,Jaisalmer,27.3242,73.4915,Cannabis (Ganja),348.57,State Police
SZ003717,2021-04-07,2021,4,Haryana,Karnal,28.2659,75.6529,Cannabis (Ganja),243.6,State Police
SZ003718,2018-03-17,2018,3,Jammu and Kashmir,Baramulla,33.6386,76.4751,Heroin,6.7,DRI
SZ003719,2024-03-27,2024,3,Andhra Pradesh,Anantapur,16.4696,79.5782,Methamphetamine,5.02,Customs
SZ003720,2021-10-25,2021,10,West Bengal,North 24 Parganas,23.1986,87.3644,Cannabis (Ganja),34.87,Coast Guard
SZ003721,2022-06-02,2022,6,Delhi,South Delhi,28.4409,77.5001,Methamphetamine,1.05,BSF
SZ003722,2022-10-11,2022,10,West Bengal,Nadia,22.2783,87.095,Charas/Hashish,5.07,State Police
SZ003723,2024-03-05,2024,3,Mizoram,Aizawl,23.7044,93.4832,Methamphetamine,9.15,Customs
SZ003724,2022-01-24,2022,1,Manipur,Imphal East,24.1153,94.0135,Cannabis (Ganja),213.05,NCB
SZ003725,2019-05-10,2019,5,Odisha,Cuttack,20.168,84.5686,Methamphetamine,6.28,Customs
SZ003726,2020-09-18,2020,9,Assam,Cachar,26.1771,92.1732,Ketamine,2.86,BSF
SZ003727,2024-07-17,2024,7,Karnataka,Bengaluru Urban,15.8494,76.0062,Methamphetamine,8.0,NCB
SZ003728,2019-11-24,2019,11,Punjab,Ferozepur,30.3906,75.3263,Cannabis (Ganja),62.96,State Police
SZ003729,2018-05-06,2018,5,Mizoram,Lunglei,23.3894,93.6047,Pharmaceutical Opioids,6.12,State Police
SZ003730,2021-11-05,2021,11,West Bengal,Kolkata,22.9002,87.3866,Cannabis (Ganja),182.63,Coast Guard
SZ003731,2023-08-21,2023,8,Punjab,Ferozepur,31.5581,75.9587,Heroin,6.54,Coast Guard
SZ003732,2019-04-17,2019,4,Rajasthan,Barmer,26.4481,73.5704,Methamphetamine,0.06,NCB
SZ003733,2018-12-01,2018,12,Andhra Pradesh,Vijayawada,15.2189,79.4013,Cannabis (Ganja),40.79,NCB
SZ003734,2022-08-18,2022,8,Tamil Nadu,Madurai,10.7201,77.8781,Charas/Hashish,4.78,NCB
SZ003735,2024-12-09,2024,12,Gujarat,Surat,22.4209,71.4249,Opium,23.31,NCB
SZ003736,2023-03-07,2023,3,Telangana,Khammam,18.7679,78.8342,Charas/Hashish,8.75,State Police
SZ003737,2019-05-12,2019,5,Maharashtra,Pune,20.1978,75.7462,Cannabis (Ganja),133.19,NCB
SZ003738,2023-11-13,2023,11,Manipur,Imphal East,23.8722,94.5975,Opium,3.33,NCB
SZ003739,2021-02-14,2021,2,Delhi,North West Delhi,28.3585,76.8035,Methamphetamine,27.33,DRI
SZ003740,2023-04-17,2023,4,Manipur,Churachandpur,24.3791,94.1369,Heroin,3.47,NCB
SZ003741,2020-07-16,2020,7,Assam,Cachar,25.4502,93.2324,Heroin,6.95,State Police
SZ003742,2023-11-21,2023,11,Assam,Dibrugarh,25.9181,93.3036,Poppy Husk,147.45,NCB
SZ003743,2021-06-26,2021,6,Rajasthan,Jodhpur,27.747,73.6963,Charas/Hashish,15.8,State Police
SZ003744,2019-05-27,2019,5,Punjab,Gurdaspur,31.0324,75.0083,Heroin,1.59,State Police
SZ003745,2021-09-01,2021,9,Telangana,Warangal,18.4571,79.2023,Ketamine,0.56,Customs
SZ003746,2023-12-22,2023,12,Punjab,Ludhiana,30.6082,75.7214,Methamphetamine,1.95,State Police
SZ003747,2019-06-18,2019,6,Telangana,Warangal,18.5037,78.7169,Methamphetamine,1.75,NCB
SZ003748,2020-09-18,2020,9,Rajasthan,Kota,26.6196,74.5151,Cannabis (Ganja),75.33,State Police
SZ003749,2024-07-27,2024,7,Gujarat,Bhavnagar,21.7014,71.1405,Cannabis (Ganja),111.62,NCB
SZ003750,2022-03-05,2022,3,Haryana,Gurugram,28.4755,76.5693,Poppy Husk,221.63,State Police
SZ003751,2020-03-06,2020,3,Uttar Pradesh,Ghaziabad,26.8019,81.6987,MDMA,0.29,DRI
SZ003752,2023-02-26,2023,2,Karnataka,Bengaluru Urban,14.6165,75.2434,MDMA,0.51,State Police
SZ003753,2018-04-11,2018,4,Maharashtra,Pune,19.9266,75.3528,Cannabis (Ganja),49.58,State Police
SZ003754,2022-12-24,2022,12,Gujarat,Surat,22.8227,71.9339,Heroin,1.91,Coast Guard
SZ003755,2018-01-13,2018,1,Assam,Cachar,25.6806,93.0021,Charas/Hashish,16.62,DRI
SZ003756,2018-04-08,2018,4,Punjab,Amritsar,31.0227,75.4738,Cannabis (Ganja),53.63,NCB
SZ003757,2021-03-27,2021,3,Andhra Pradesh,Vijayawada,15.444,79.9028,MDMA,1.99,State Police
SZ003758,2024-03-04,2024,3,Madhya Pradesh,Bhopal,23.3695,77.9151,Charas/Hashish,2.74,State Police
SZ003759,2023-05-23,2023,5,Bihar,Gaya,24.9258,84.719,Pharmaceutical Opioids,18.53,State Police
SZ003760,2019-05-26,2019,5,Odisha,Bhubaneswar,20.6288,84.9935,Methamphetamine,2.61,NCB
SZ003761,2018-02-07,2018,2,Maharashtra,Thane,19.8053,76.0364,Heroin,1.27,Customs
SZ003762,2019-08-16,2019,8,Assam,Karimganj,25.6312,93.621,Cocaine,0.61,NCB
SZ003763,2024-03-24,2024,3,Maharashtra,Nagpur,20.1578,75.1928,Poppy Husk,282.95,NCB
SZ003764,2024-02-24,2024,2,Madhya Pradesh,Gwalior,22.9425,78.6836,Pharmaceutical Opioids,1.5,State Police
SZ003765,2018-04-23,2018,4,Rajasthan,Kota,27.2019,74.3151,Cannabis (Ganja),50.41,Customs
SZ003766,2021-03-14,2021,3,Manipur,Imphal East,25.0604,93.5318,Heroin,2.76,BSF
SZ003767,2024-07-01,2024,7,Maharashtra,Thane,19.1242,76.0289,Opium,4.14,State Police
SZ003768,2018-03-27,2018,3,Punjab,Ludhiana,30.7913,75.1738,Heroin,3.25,State Police
SZ003769,2020-06-27,2020,6,West Bengal,North 24 Parganas,23.0624,87.6667,Methamphetamine,8.68,NCB
SZ003770,2019-10-21,2019,10,Maharashtra,Nagpur,19.2637,76.4528,Poppy Husk,5.07,NCB
SZ003771,2020-08-26,2020,8,Uttar Pradesh,Ghaziabad,27.117,80.4973,Pharmaceutical Opioids,0.93,NCB
SZ003772,2024-09-22,2024,9,Jammu and Kashmir,Jammu,33.0108,76.7345,Heroin,6.67,Customs
SZ003773,2023-06-11,2023,6,Manipur,Churachandpur,24.868,93.4792,Heroin,1.53,NCB
SZ003774,2019-08-13,2019,8,Gujarat,Bhavnagar,22.3293,70.5199,Poppy Husk,121.39,Customs
SZ003775,2021-10-26,2021,10,Manipur,Imphal West,25.1071,93.7084,Cannabis (Ganja),199.21,DRI
SZ003776,2018-01-21,2018,1,Rajasthan,Kota,26.4752,73.6294,Opium,1.14,NCB
SZ003777,2021-01-09,2021,1,Manipur,Imphal East,23.992,93.1663,Methamphetamine,10.51,NCB
SZ003778,2021-06-01,2021,6,Delhi,North West Delhi,27.9141,77.5052,Methamphetamine,1.22,Customs
SZ003779,2019-08-14,2019,8,Punjab,Gurdaspur,30.7672,75.5185,Methamphetamine,2.62,State Police
SZ003780,2021-09-22,2021,9,Jammu and Kashmir,Baramulla,33.2868,76.2222,Methamphetamine,7.9,State Police
SZ003781,2018-01-17,2018,1,Punjab,Ferozepur,31.8915,75.6616,Methamphetamine,0.95,State Police
SZ003782,2023-09-24,2023,9,Manipur,Chandel,25.0976,93.8725,MDMA,2.56,State Police
SZ003783,2019-01-07,2019,1,Maharashtra,Pune,19.0757,74.9918,Heroin,7.03,State Police
SZ003784,2018-12-02,2018,12,Gujarat,Ahmedabad,22.3492,70.6273,Charas/Hashish,0.39,NCB
SZ003785,2023-02-12,2023,2,Punjab,Tarn Taran,30.6902,75.9342,Cocaine,8.46,Customs
SZ003786,2024-02-04,2024,2,Tamil Nadu,Coimbatore,11.3924,78.2408,Opium,13.24,NCB
SZ003787,2019-06-02,2019,6,Telangana,Hyderabad,17.6029,79.7434,Opium,2.92,NCB
SZ003788,2022-08-06,2022,8,Gujarat,Kutch,22.5735,71.079,Heroin,1.83,Customs
SZ003789,2022-08-17,2022,8,Madhya Pradesh,Bhopal,22.376,78.2145,Heroin,13.23,BSF
SZ003790,2020-06-05,2020,6,Punjab,Tarn Taran,30.9754,75.8795,Opium,7.84,State Police
SZ003791,2019-11-06,2019,11,Jammu and Kashmir,Poonch,33.2936,76.3983,Heroin,7.41,DRI
SZ003792,2022-04-26,2022,4,Kerala,Kollam,11.3763,75.4895,Cannabis (Ganja),30.7,Coast Guard
SZ003793,2020-04-21,2020,4,Punjab,Tarn Taran,30.3551,75.7795,Cannabis (Ganja),24.05,State Police
SZ003794,2018-07-08,2018,7,Rajasthan,Barmer,26.3817,74.9879,Cannabis (Ganja),26.04,NCB
SZ003795,2020-09-26,2020,9,Manipur,Churachandpur,25.2068,93.6987,Cannabis (Ganja),115.03,BSF
SZ003796,2023-07-01,2023,7,Mizoram,Aizawl,22.8814,92.9778,Pharmaceutical Opioids,5.98,DRI
SZ003797,2024-03-14,2024,3,Delhi,East Delhi,28.5727,77.8211,Cocaine,4.14,NCB
SZ003798,2022-07-27,2022,7,Kerala,Kollam,11.2979,77.047,Opium,6.56,BSF
SZ003799,2023-05-12,2023,5,Maharashtra,Pune,19.0868,75.196,Heroin,1.18,NCB
SZ003800,2022-09-02,2022,9,Haryana,Faridabad,29.4665,76.7043,Opium,16.67,NCB
SZ003801,2023-01-02,2023,1,Telangana,Warangal,17.6428,78.2859,Methamphetamine,1.27,NCB
SZ003802,2018-12-16,2018,12,Punjab,Tarn Taran,31.4855,74.5642,Heroin,3.62,State Police
SZ003803,2021-07-03,2021,7,Kerala,Kozhikode,11.3329,76.8101,Charas/Hashish,1.18,State Police
SZ003804,2023-02-15,2023,2,Uttar Pradesh,Ghaziabad,26.2026,81.0009,Methamphetamine,0.64,Coast Guard
SZ003805,2023-12-04,2023,12,Delhi,East Delhi,28.4285,76.4895,MDMA,0.76,State Police
SZ003806,2023-02-22,2023,2,Punjab,Ludhiana,31.4252,75.7281,Cannabis (Ganja),104.98,DRI
SZ003807,2024-03-08,2024,3,Gujarat,Kutch,22.2032,71.3376,Methamphetamine,1.62,Customs
SZ003808,2023-01-23,2023,1,Rajasthan,Jaisalmer,27.6156,74.6488,MDMA,4.96,State Police
SZ003809,2022-12-16,2022,12,Karnataka,Mangaluru,16.1031,75.2465,Cannabis (Ganja),401.49,DRI
SZ003810,2021-04-25,2021,4,Maharashtra,Pune,20.4701,76.2579,Poppy Husk,100.42,BSF
SZ003811,2018-05-03,2018,5,Bihar,Bhagalpur,24.3885,84.9531,Heroin,0.69,State Police
SZ003812,2020-09-07,2020,9,Rajasthan,Jaisalmer,27.6488,74.5656,Heroin,6.83,Customs
SZ003813,2018-09-19,2018,9,Telangana,Warangal,18.6422,78.4741,Cocaine,0.44,DRI
SZ003814,2024-02-15,2024,2,Mizoram,Aizawl,22.7139,92.5628,Heroin,3.78,BSF
SZ003815,2020-03-01,2020,3,Uttar Pradesh,Varanasi,27.4454,80.5328,Cannabis (Ganja),16.19,BSF
SZ003816,2022-12-18,2022,12,Punjab,Ludhiana,30.9702,75.1508,Heroin,1.49,BSF
SZ003817,2022-03-05,2022,3,Haryana,Faridabad,29.2754,76.4523,Heroin,0.38,State Police
SZ003818,2023-03-05,2023,3,Haryana,Karnal,28.7933,75.2914,Cannabis (Ganja),141.48,NCB
SZ003819,2022-07-03,2022,7,Uttar Pradesh,Kanpur,26.6195,81.0055,Poppy Husk,568.09,NCB
SZ003820,2021-04-07,2021,4,Telangana,Khammam,18.9048,78.3395,Methamphetamine,1.09,NCB
SZ003821,2020-06-08,2020,6,Haryana,Sirsa,28.675,75.7844,Cocaine,0.2,NCB
SZ003822,2020-01-20,2020,1,Uttar Pradesh,Ghaziabad,26.37,80.823,Opium,27.06,NCB
SZ003823,2024-03-27,2024,3,Haryana,Sirsa,29.5464,76.2329,MDMA,1.82,NCB
SZ003824,2018-06-11,2018,6,Odisha,Koraput,20.567,85.7275,Ketamine,0.24,NCB
SZ003825,2019-10-02,2019,10,Jammu and Kashmir,Baramulla,34.538,76.453,Poppy Husk,28.11,State Police
SZ003826,2021-01-11,2021,1,Odisha,Bhubaneswar,20.205,85.6194,Cocaine,0.2,State Police
SZ003827,2022-07-23,2022,7,Andhra Pradesh,Vijayawada,16.5822,80.2311,Pharmaceutical Opioids,9.66,Customs
SZ003828,2018-10-09,2018,10,Manipur,Imphal East,24.0186,93.9384,Cocaine,0.54,NCB
SZ003829,2018-07-25,2018,7,Maharashtra,Nagpur,20.4431,75.2925,Cannabis (Ganja),126.82,Customs
SZ003830,2022-06-04,2022,6,Gujarat,Kutch,22.5492,70.4135,MDMA,1.66,Coast Guard
SZ003831,2023-07-24,2023,7,Rajasthan,Jodhpur,27.4297,73.898,MDMA,2.95,State Police
SZ003832,2022-03-19,2022,3,Mizoram,Champhai,22.6012,92.7714,Opium,25.32,BSF
SZ003833,2023-02-19,2023,2,Gujarat,Porbandar,22.2358,71.8324,Charas/Hashish,16.08,BSF
SZ003834,2024-09-08,2024,9,Mizoram,Aizawl,23.2765,92.5418,Cannabis (Ganja),266.95,State Police
SZ003835,2020-03-12,2020,3,Gujarat,Kutch,22.2244,70.4404,MDMA,0.48,State Police
SZ003836,2023-03-10,2023,3,West Bengal,Nadia,22.3216,88.5047,Pharmaceutical Opioids,9.24,NCB
SZ003837,2021-08-20,2021,8,Jammu and Kashmir,Srinagar,34.3191,76.4438,Opium,21.95,Coast Guard
SZ003838,2021-10-07,2021,10,Manipur,Imphal West,24.5498,94.1698,MDMA,1.16,BSF
SZ003839,2020-05-23,2020,5,Gujarat,Bhavnagar,21.8653,71.6875,Cannabis (Ganja),163.24,DRI
SZ003840,2021-02-04,2021,2,Gujarat,Kutch,22.4019,71.6359,Methamphetamine,7.54,Customs
SZ003841,2024-11-01,2024,11,Mizoram,Aizawl,23.7871,93.0306,Heroin,2.28,Customs
SZ003842,2021-07-22,2021,7,Delhi,North West Delhi,27.9275,76.8977,Ketamine,0.65,State Police
SZ003843,2023-01-03,2023,1,Karnataka,Belagavi,15.7852,75.6093,Methamphetamine,2.87,NCB
SZ003844,2021-10-09,2021,10,West Bengal,Malda,22.505,88.2442,Pharmaceutical Opioids,18.69,NCB
SZ003845,2018-03-20,2018,3,Manipur,Chandel,23.98,93.5094,Opium,16.0,NCB
SZ003846,2020-03-15,2020,3,Assam,Cachar,26.5859,93.2081,Charas/Hashish,1.32,Customs
SZ003847,2022-04-23,2022,4,Manipur,Chandel,24.5678,94.6022,Cannabis (Ganja),184.14,NCB
SZ003848,2021-08-20,2021,8,Manipur,Chandel,25.0327,93.8616,Methamphetamine,4.97,NCB
SZ003849,2018-04-23,2018,4,Bihar,Muzaffarpur,25.3616,85.489,Charas/Hashish,4.23,NCB
SZ003850,2024-09-21,2024,9,Maharashtra,Mumbai,20.4093,76.2877,Ketamine,0.15,State Police
SZ003851,2022-04-13,2022,4,Odisha,Cuttack,20.8162,85.46,Charas/Hashish,0.21,Customs
SZ003852,2024-09-04,2024,9,Manipur,Chandel,25.1457,94.3305,Heroin,1.19,Customs
SZ003853,2020-06-17,2020,6,Jammu and Kashmir,Poonch,33.2043,76.4142,Cannabis (Ganja),37.42,State Police
SZ003854,2024-11-02,2024,11,Punjab,Ludhiana,31.7249,75.4172,Pharmaceutical Opioids,0.76,NCB
SZ003855,2023-05-15,2023,5,Gujarat,Surat,22.4424,71.0633,Cannabis (Ganja),120.86,NCB
SZ003856,2019-02-17,2019,2,Assam,Guwahati,26.345,93.0541,Cannabis (Ganja),473.88,Coast Guard
SZ003857,2022-10-25,2022,10,Telangana,Khammam,18.3978,79.1212,Heroin,3.86,BSF
SZ003858,2023-02-25,2023,2,Tamil Nadu,Tirunelveli,10.6238,78.6811,Methamphetamine,1.99,NCB
SZ003859,2020-11-16,2020,11,Andhra Pradesh,Guntur,15.8485,79.9645,Methamphetamine,1.83,Customs
SZ003860,2024-03-07,2024,3,Jammu and Kashmir,Poonch,33.1917,77.315,Cannabis (Ganja),165.6,Customs
SZ003861,2019-11-25,2019,11,Madhya Pradesh,Indore,23.3508,78.0544,Cocaine,1.4,State Police
SZ003862,2021-05-27,2021,5,Maharashtra,Nagpur,19.6046,76.2926,Heroin,0.06,NCB
SZ003863,2022-06-12,2022,6,Punjab,Ludhiana,31.1862,74.5887,MDMA,4.43,State Police
SZ003864,2021-05-21,2021,5,Gujarat,Kutch,21.6735,70.4626,Heroin,0.05,NCB
SZ003865,2018-10-26,2018,10,Uttar Pradesh,Ghaziabad,27.3728,80.9236,Pharmaceutical Opioids,9.99,NCB
SZ003866,2023-09-24,2023,9,Gujarat,Porbandar,22.1802,70.4194,Charas/Hashish,6.43,NCB
SZ003867,2020-01-17,2020,1,Telangana,Khammam,17.3624,79.6193,Cannabis (Ganja),141.12,NCB
SZ003868,2021-10-24,2021,10,Gujarat,Ahmedabad,22.1027,70.5409,Cannabis (Ganja),103.77,Coast Guard
SZ003869,2021-09-03,2021,9,Jammu and Kashmir,Jammu,33.6111,76.8309,Opium,2.24,Coast Guard
SZ003870,2023-06-21,2023,6,Delhi,North West Delhi,27.9668,77.0,Pharmaceutical Opioids,10.77,Customs
SZ003871,2022-01-24,2022,1,Madhya Pradesh,Neemuch,22.8018,78.4913,Cannabis (Ganja),159.46,State Police
SZ003872,2023-09-04,2023,9,Punjab,Tarn Taran,31.6092,75.1084,MDMA,0.05,Customs
SZ003873,2020-07-06,2020,7,Gujarat,Porbandar,22.9635,71.26,Methamphetamine,0.59,NCB
SZ003874,2019-01-23,2019,1,Haryana,Karnal,29.5972,75.3703,Cannabis (Ganja),113.86,Customs
SZ003875,2019-09-24,2019,9,Rajasthan,Bikaner,27.7972,74.9722,Heroin,0.34,Customs
SZ003876,2024-07-15,2024,7,Madhya Pradesh,Bhopal,22.3965,79.1918,Cannabis (Ganja),220.34,State Police
SZ003877,2018-11-06,2018,11,Maharashtra,Pune,20.0894,74.9694,Poppy Husk,615.4,State Police
SZ003878,2018-02-08,2018,2,Jammu and Kashmir,Poonch,34.1077,75.8843,Cannabis (Ganja),163.77,NCB
SZ003879,2020-03-18,2020,3,Madhya Pradesh,Indore,22.6531,78.7117,Methamphetamine,0.13,NCB
SZ003880,2024-02-18,2024,2,Haryana,Karnal,29.1458,75.6727,Cannabis (Ganja),62.47,State Police
SZ003881,2020-09-02,2020,9,Rajasthan,Barmer,26.9403,74.1531,Heroin,1.8,DRI
SZ003882,2018-12-15,2018,12,Delhi,North West Delhi,28.2365,77.6691,Cannabis (Ganja),342.86,Customs
SZ003883,2021-05-01,2021,5,Gujarat,Ahmedabad,22.6068,71.1999,Cannabis (Ganja),17.8,State Police
SZ003884,2021-08-12,2021,8,Bihar,Muzaffarpur,24.7676,85.1599,Cannabis (Ganja),20.77,Customs
SZ003885,2018-09-04,2018,9,Gujarat,Ahmedabad,21.7495,70.5692,Cannabis (Ganja),73.67,State Police
SZ003886,2021-01-09,2021,1,Uttar Pradesh,Lucknow,26.4829,81.0176,Cannabis (Ganja),46.65,State Police
SZ003887,2018-10-25,2018,10,Jammu and Kashmir,Jammu,33.7443,76.86,Pharmaceutical Opioids,3.8,State Police
SZ003888,2019-07-03,2019,7,Punjab,Ferozepur,31.3464,75.1905,Heroin,1.57,NCB
SZ003889,2019-12-22,2019,12,Punjab,Ludhiana,30.666,74.6561,Opium,5.67,DRI
SZ003890,2021-07-24,2021,7,West Bengal,North 24 Parganas,22.9456,87.8241,Opium,13.5,State Police
SZ003891,2019-02-14,2019,2,Kerala,Kollam,10.1302,76.4426,Heroin,2.76,Customs
SZ003892,2021-07-19,2021,7,Uttar Pradesh,Kanpur,27.0595,81.4374,Cannabis (Ganja),129.97,BSF
SZ003893,2023-02-14,2023,2,Haryana,Karnal,29.6362,76.529,Cannabis (Ganja),340.89,NCB
SZ003894,2024-03-27,2024,3,Gujarat,Ahmedabad,22.4365,70.5119,Cannabis (Ganja),15.65,State Police
SZ003895,2023-04-12,2023,4,Haryana,Faridabad,29.1417,76.5085,Cannabis (Ganja),75.45,State Police
SZ003896,2018-04-26,2018,4,Jammu and Kashmir,Baramulla,33.1017,76.254,Opium,5.39,State Police
SZ003897,2018-10-11,2018,10,Haryana,Sirsa,29.5023,75.6358,Charas/Hashish,22.14,NCB
SZ003898,2021-07-03,2021,7,Rajasthan,Barmer,26.8631,75.0138,Cannabis (Ganja),227.33,Customs
SZ003899,2021-01-10,2021,1,Maharashtra,Pune,20.1787,75.7424,Charas/Hashish,6.27,NCB
SZ003900,2021-09-07,2021,9,Delhi,North West Delhi,28.2261,77.5466,MDMA,0.41,State Police
SZ003901,2023-07-25,2023,7,Gujarat,Ahmedabad,22.5596,70.4171,Cannabis (Ganja),108.14,NCB
SZ003902,2019-06-26,2019,6,Odisha,Cuttack,21.7473,84.8545,Heroin,5.67,State Police
SZ003903,2024-08-21,2024,8,Rajasthan,Bikaner,27.5426,73.9436,Cannabis (Ganja),163.26,Coast Guard
SZ003904,2024-06-24,2024,6,Rajasthan,Bikaner,27.7335,73.5338,Charas/Hashish,7.61,State Police
SZ003905,2018-05-18,2018,5,Manipur,Imphal West,25.2013,93.9253,Poppy Husk,193.39,Customs
SZ003906,2022-08-24,2022,8,Mizoram,Aizawl,23.8218,92.8109,Cannabis (Ganja),150.37,DRI
SZ003907,2018-01-15,2018,1,Jammu and Kashmir,Srinagar,33.778,76.6428,Methamphetamine,3.55,State Police
SZ003908,2019-11-22,2019,11,Punjab,Ludhiana,31.3647,76.0704,Heroin,4.85,DRI
SZ003909,2018-07-12,2018,7,Haryana,Karnal,28.3194,75.8084,Charas/Hashish,0.71,State Police
SZ003910,2024-05-11,2024,5,Assam,Cachar,25.9727,93.5818,Heroin,4.46,State Police
SZ003911,2021-09-25,2021,9,Delhi,North West Delhi,27.9743,77.5078,Heroin,3.91,NCB
SZ003912,2022-05-16,2022,5,Rajasthan,Jodhpur,27.2368,74.9022,Cannabis (Ganja),194.34,NCB
SZ003913,2021-05-17,2021,5,Mizoram,Lunglei,23.7198,92.3082,Cannabis (Ganja),146.88,NCB
SZ003914,2022-12-07,2022,12,Rajasthan,Jaisalmer,27.3652,74.8382,Methamphetamine,0.1,NCB
SZ003915,2021-12-15,2021,12,Bihar,Muzaffarpur,25.7931,85.3798,Opium,6.3,Customs
SZ003916,2020-10-14,2020,10,West Bengal,North 24 Parganas,22.7361,88.5903,Ketamine,0.43,NCB
SZ003917,2023-03-11,2023,3,Bihar,Muzaffarpur,24.7773,85.5619,Heroin,0.31,State Police
SZ003918,2022-09-26,2022,9,Maharashtra,Nashik,20.4098,75.7758,Heroin,14.14,DRI
SZ003919,2023-09-11,2023,9,Assam,Guwahati,25.5922,92.8688,Opium,12.04,Customs
SZ003920,2021-09-04,2021,9,Punjab,Amritsar,30.3972,75.2199,Heroin,5.14,NCB
SZ003921,2019-11-10,2019,11,Jammu and Kashmir,Poonch,34.1557,76.6982,Cannabis (Ganja),5.56,State Police
SZ003922,2023-06-12,2023,6,Bihar,Patna,25.2984,84.7524,Opium,9.48,NCB
SZ003923,2021-03-17,2021,3,Maharashtra,Thane,19.4333,76.427,Cannabis (Ganja),341.46,NCB
SZ003924,2019-05-07,2019,5,Delhi,North West Delhi,28.221,76.4362,Heroin,9.8,NCB
SZ003925,2019-06-14,2019,6,Andhra Pradesh,Visakhapatnam,15.8484,79.7844,Methamphetamine,4.87,NCB
SZ003926,2023-05-21,2023,5,Manipur,Imphal East,24.6384,94.2929,Cannabis (Ganja),11.19,Customs
SZ003927,2020-02-27,2020,2,Kerala,Kozhikode,11.1177,76.3814,Charas/Hashish,4.94,State Police
SZ003928,2020-08-07,2020,8,West Bengal,North 24 Parganas,22.3456,87.5657,Cannabis (Ganja),203.38,NCB
SZ003929,2024-12-02,2024,12,Assam,Dibrugarh,26.6678,92.7395,Opium,0.95,NCB
SZ003930,2021-06-26,2021,6,Manipur,Imphal East,24.0921,94.2969,Heroin,1.1,State Police
SZ003931,2021-07-06,2021,7,Jammu and Kashmir,Jammu,33.9425,77.0441,Pharmaceutical Opioids,7.95,NCB
SZ003932,2021-10-22,2021,10,Bihar,Patna,25.5315,85.6631,Methamphetamine,6.11,NCB
SZ003933,2023-07-26,2023,7,Tamil Nadu,Tirunelveli,10.6441,79.0458,Heroin,0.07,BSF
SZ003934,2023-11-16,2023,11,Andhra Pradesh,Anantapur,15.2389,79.6142,Charas/Hashish,19.6,NCB
SZ003935,2020-08-03,2020,8,Rajasthan,Bikaner,26.5404,74.8551,Heroin,3.34,State Police
SZ003936,2021-05-02,2021,5,Karnataka,Mysuru,15.1521,75.7851,Methamphetamine,0.22,Customs
SZ003937,2022-03-09,2022,3,Jammu and Kashmir,Jammu,33.8327,76.2388,Methamphetamine,18.18,Customs
SZ003938,2024-01-16,2024,1,Mizoram,Champhai,23.5423,92.6945,Pharmaceutical Opioids,0.96,Customs
SZ003939,2023-08-17,2023,8,Haryana,Sirsa,28.949,75.4678,Heroin,2.47,Customs
SZ003940,2018-10-02,2018,10,Andhra Pradesh,Visakhapatnam,16.5397,79.6352,Cannabis (Ganja),340.28,NCB
SZ003941,2022-02-24,2022,2,Madhya Pradesh,Neemuch,22.1702,78.4564,Pharmaceutical Opioids,7.3,NCB
SZ003942,2021-03-15,2021,3,Maharashtra,Nagpur,19.6558,76.2711,MDMA,0.44,State Police
SZ003943,2023-10-07,2023,10,Mizoram,Champhai,22.4472,92.8238,Poppy Husk,12.1,NCB
SZ003944,2019-10-19,2019,10,Gujarat,Surat,21.8606,71.3875,Cannabis (Ganja),202.36,NCB
SZ003945,2019-09-05,2019,9,Punjab,Ferozepur,31.2971,75.9559,Methamphetamine,12.34,NCB
SZ003946,2018-03-14,2018,3,Haryana,Faridabad,29.6006,76.2391,Pharmaceutical Opioids,4.33,BSF
SZ003947,2019-07-19,2019,7,Punjab,Tarn Taran,31.5281,75.7032,Methamphetamine,14.93,Customs
SZ003948,2020-06-21,2020,6,Manipur,Imphal East,24.5565,93.4015,Cocaine,0.41,Customs
SZ003949,2023-08-23,2023,8,Gujarat,Kutch,22.523,70.4035,Cannabis (Ganja),148.61,State Police
SZ003950,2018-03-12,2018,3,Uttar Pradesh,Agra,26.629,80.443,Heroin,2.15,State Police
SZ003951,2024-12-04,2024,12,Bihar,Bhagalpur,24.8941,85.9856,Cannabis (Ganja),98.3,NCB
SZ003952,2019-08-23,2019,8,Assam,Dibrugarh,26.8849,92.4151,Cannabis (Ganja),182.37,Customs
SZ003953,2020-05-18,2020,5,Delhi,East Delhi,29.1456,76.9322,Cannabis (Ganja),42.96,NCB
SZ003954,2020-07-26,2020,7,Punjab,Ludhiana,31.8477,75.0867,Cannabis (Ganja),244.04,State Police
SZ003955,2018-08-09,2018,8,Bihar,Gaya,25.5041,85.7191,Pharmaceutical Opioids,8.7,State Police
SZ003956,2024-02-04,2024,2,Gujarat,Ahmedabad,22.5381,71.6782,MDMA,2.2,Customs
SZ003957,2019-08-05,2019,8,Rajasthan,Kota,27.7907,74.3374,Charas/Hashish,15.97,Customs
SZ003958,2019-04-20,2019,4,Gujarat,Kutch,21.6272,70.96,Methamphetamine,1.85,NCB
SZ003959,2021-04-17,2021,4,Karnataka,Mysuru,15.6837,75.3677,Heroin,1.05,State Police
SZ003960,2018-07-08,2018,7,Telangana,Nizamabad,18.8748,78.2754,Methamphetamine,13.73,BSF
SZ003961,2021-03-17,2021,3,Manipur,Imphal West,24.321,93.9935,Heroin,2.86,NCB
SZ003962,2020-01-20,2020,1,Punjab,Gurdaspur,31.9057,75.6377,Poppy Husk,5.46,BSF
SZ003963,2023-06-20,2023,6,Mizoram,Lunglei,23.2087,93.058,Pharmaceutical Opioids,46.27,State Police
SZ003964,2022-11-18,2022,11,Andhra Pradesh,Guntur,15.647,79.3339,Heroin,5.65,NCB
SZ003965,2018-06-10,2018,6,Punjab,Ludhiana,31.9424,75.4063,Heroin,1.79,NCB
SZ003966,2022-06-15,2022,6,Assam,Guwahati,25.6282,92.4913,Cannabis (Ganja),125.9,DRI
SZ003967,2019-02-15,2019,2,Uttar Pradesh,Ghaziabad,26.5754,80.5148,Heroin,3.19,State Police
SZ003968,2021-02-01,2021,2,Rajasthan,Kota,26.3401,73.7252,Poppy Husk,382.77,Customs
SZ003969,2019-05-13,2019,5,Tamil Nadu,Coimbatore,10.8836,79.0616,Cannabis (Ganja),4.14,State Police
SZ003970,2018-04-17,2018,4,Punjab,Gurdaspur,31.2648,75.3356,Charas/Hashish,12.45,State Police
SZ003971,2020-11-26,2020,11,Haryana,Gurugram,28.7697,76.4976,Heroin,0.1,BSF
SZ003972,2023-07-01,2023,7,Andhra Pradesh,Guntur,16.6251,79.1667,Pharmaceutical Opioids,1.56,NCB
SZ003973,2018-02-13,2018,2,Assam,Dibrugarh,26.2536,93.0777,Methamphetamine,4.96,NCB
SZ003974,2022-03-24,2022,3,Manipur,Churachandpur,24.6627,94.2413,Cannabis (Ganja),105.02,Customs
SZ003975,2024-01-27,2024,1,Mizoram,Champhai,22.6384,92.9179,Opium,25.36,State Police
SZ003976,2019-09-21,2019,9,Uttar Pradesh,Ghaziabad,26.1252,80.957,Charas/Hashish,8.41,NCB
SZ003977,2021-07-08,2021,7,Tamil Nadu,Tirunelveli,11.51,78.7001,Cannabis (Ganja),123.35,Customs
SZ003978,2023-01-05,2023,1,Telangana,Khammam,17.3868,79.0347,Cannabis (Ganja),85.68,BSF
SZ003979,2023-02-26,2023,2,Karnataka,Mysuru,15.398,74.9239,Pharmaceutical Opioids,13.61,NCB
SZ003980,2023-05-15,2023,5,Uttar Pradesh,Kanpur,26.5666,81.1061,Ketamine,0.15,Customs
SZ003981,2018-05-01,2018,5,Mizoram,Aizawl,23.482,93.1547,Pharmaceutical Opioids,17.21,Customs
SZ003982,2018-01-10,2018,1,Karnataka,Mangaluru,15.6559,75.4045,Ketamine,2.18,Customs
SZ003983,2021-03-24,2021,3,Gujarat,Ahmedabad,22.5946,70.6783,Cannabis (Ganja),114.78,NCB
SZ003984,2024-07-24,2024,7,Andhra Pradesh,Guntur,16.3903,79.3197,Heroin,6.03,State Police
SZ003985,2018-08-20,2018,8,Manipur,Chandel,24.0433,93.8086,Cannabis (Ganja),124.94,State Police
SZ003986,2020-10-05,2020,10,Punjab,Ferozepur,31.3539,75.183,Poppy Husk,10.82,NCB
SZ003987,2022-08-03,2022,8,Bihar,Gaya,24.995,85.9843,Cannabis (Ganja),11.83,State Police
SZ003988,2018-10-11,2018,10,Delhi,New Delhi,29.4485,77.1897,Heroin,6.54,NCB
SZ003989,2018-07-04,2018,7,Maharashtra,Mumbai,20.096,75.2304,Opium,5.08,NCB
SZ003990,2019-04-01,2019,4,West Bengal,Nadia,22.3727,88.4942,Pharmaceutical Opioids,1.84,NCB
SZ003991,2021-05-22,2021,5,Karnataka,Mysuru,14.7498,76.4165,Heroin,7.03,NCB
SZ003992,2018-12-11,2018,12,Gujarat,Ahmedabad,22.7856,71.2354,Opium,8.3,State Police
SZ003993,2024-08-16,2024,8,Delhi,East Delhi,28.2639,77.2067,Cannabis (Ganja),72.49,NCB
SZ003994,2019-06-05,2019,6,Madhya Pradesh,Indore,23.3822,79.3162,Heroin,0.21,State Police
SZ003995,2022-09-10,2022,9,Gujarat,Bhavnagar,21.5591,70.79,Charas/Hashish,16.89,BSF
SZ003996,2020-12-07,2020,12,Punjab,Ludhiana,30.5514,75.323,Heroin,15.32,Coast Guard
SZ003997,2020-02-11,2020,2,Punjab,Ludhiana,30.623,75.5622,Heroin,0.45,BSF
SZ003998,2019-03-01,2019,3,Gujarat,Kutch,22.2425,70.6825,Heroin,3.18,NCB
SZ003999,2020-09-26,2020,9,Rajasthan,Kota,27.2222,73.4315,Opium,27.35,Customs
SZ004000,2021-11-15,2021,11,Delhi,North West Delhi,28.077,77.0824,Opium,4.38,NCB
SZ004001,2022-03-13,2022,3,Gujarat,Kutch,22.6515,71.8125,MDMA,0.64,NCB
SZ004002,2020-11-08,2020,11,Tamil Nadu,Madurai,11.7933,79.1779,Poppy Husk,116.6,BSF
SZ004003,2021-08-08,2021,8,Assam,Guwahati,26.1787,93.7342,Ketamine,2.94,State Police
SZ004004,2020-07-01,2020,7,Madhya Pradesh,Indore,23.4287,77.8666,Opium,16.46,NCB
SZ004005,2021-06-03,2021,6,Bihar,Muzaffarpur,25.1267,84.8585,Pharmaceutical Opioids,4.18,DRI
SZ004006,2021-04-17,2021,4,Jammu and Kashmir,Srinagar,34.0703,76.8506,Cannabis (Ganja),119.5,State Police
SZ004007,2024-06-23,2024,6,Madhya Pradesh,Indore,22.4262,78.8254,Poppy Husk,46.43,NCB
SZ004008,2023-06-09,2023,6,Gujarat,Porbandar,22.0765,71.0081,MDMA,0.71,State Police
SZ004009,2020-05-03,2020,5,Uttar Pradesh,Ghaziabad,26.6473,80.4883,Opium,5.83,BSF
SZ004010,2024-10-06,2024,10,Gujarat,Kutch,22.3123,70.8681,Poppy Husk,202.57,BSF
SZ004011,2018-09-14,2018,9,Maharashtra,Mumbai,19.9793,76.1389,Methamphetamine,2.26,State Police
SZ004012,2020-04-20,2020,4,Gujarat,Surat,21.6973,71.8785,Cannabis (Ganja),120.15,State Police
SZ004013,2023-10-24,2023,10,Manipur,Imphal East,24.4049,93.6177,Cannabis (Ganja),55.21,State Police
SZ004014,2018-07-08,2018,7,Rajasthan,Jaisalmer,26.465,73.5281,Heroin,3.41,Coast Guard
SZ004015,2024-11-07,2024,11,Assam,Cachar,26.5174,93.0193,MDMA,0.46,Customs
SZ004016,2024-03-12,2024,3,Rajasthan,Jodhpur,26.8632,74.4578,Methamphetamine,2.22,State Police
SZ004017,2024-08-20,2024,8,Uttar Pradesh,Ghaziabad,26.9934,81.5989,Heroin,0.57,Customs
SZ004018,2022-11-24,2022,11,Uttar Pradesh,Kanpur,27.0521,80.1915,Cannabis (Ganja),2.17,BSF
SZ004019,2024-05-15,2024,5,Gujarat,Ahmedabad,23.0377,71.9448,Heroin,0.27,State Police
SZ004020,2023-06-03,2023,6,Kerala,Kochi,10.3151,76.3034,Cannabis (Ganja),231.97,NCB
SZ004021,2019-03-17,2019,3,Assam,Cachar,26.065,92.8081,Poppy Husk,69.01,NCB
SZ004022,2020-08-17,2020,8,Karnataka,Bengaluru Urban,15.8312,75.2587,Opium,45.27,Customs
SZ004023,2024-12-06,2024,12,Karnataka,Mangaluru,15.9035,76.3749,Charas/Hashish,7.35,NCB
SZ004024,2019-04-07,2019,4,Assam,Karimganj,26.5456,92.2663,Cannabis (Ganja),55.6,State Police
SZ004025,2018-10-21,2018,10,Assam,Dibrugarh,26.1194,92.8788,Methamphetamine,12.26,DRI
SZ004026,2019-05-26,2019,5,Delhi,South Delhi,29.2716,76.7037,MDMA,1.06,Coast Guard
SZ004027,2024-06-12,2024,6,West Bengal,Malda,23.4532,87.9258,Heroin,1.21,NCB
SZ004028,2024-10-12,2024,10,Gujarat,Bhavnagar,21.621,70.5201,Charas/Hashish,21.44,NCB
SZ004029,2019-11-18,2019,11,Punjab,Gurdaspur,30.4284,74.8856,Charas/Hashish,2.44,Customs
SZ004030,2022-11-01,2022,11,Mizoram,Aizawl,23.695,93.682,Ketamine,1.35,Customs
SZ004031,2022-09-22,2022,9,Punjab,Ludhiana,31.8297,75.8125,Cannabis (Ganja),18.81,Customs
SZ004032,2022-10-24,2022,10,Kerala,Kochi,10.9968,76.7662,Cannabis (Ganja),16.06,Coast Guard
SZ004033,2019-10-16,2019,10,Telangana,Nizamabad,18.1308,78.328,Charas/Hashish,9.29,State Police
SZ004034,2019-10-18,2019,10,Madhya Pradesh,Bhopal,23.2916,78.1916,Cannabis (Ganja),135.78,Customs
SZ004035,2024-04-25,2024,4,Odisha,Cuttack,20.855,84.8278,Charas/Hashish,1.0,NCB
SZ004036,2024-10-04,2024,10,West Bengal,Nadia,23.2573,88.4123,Methamphetamine,2.52,State Police
SZ004037,2020-04-15,2020,4,Assam,Guwahati,25.6426,92.3318,Heroin,1.12,State Police
SZ004038,2019-09-19,2019,9,Rajasthan,Jodhpur,27.6924,74.8183,Cocaine,3.33,Customs
SZ004039,2024-03-09,2024,3,Maharashtra,Nashik,18.9586,75.1477,Charas/Hashish,3.74,State Police
SZ004040,2021-10-22,2021,10,Gujarat,Bhavnagar,21.8371,71.081,MDMA,1.44,State Police
SZ004041,2020-12-12,2020,12,Assam,Karimganj,26.0196,92.651,Cannabis (Ganja),229.45,NCB
SZ004042,2022-07-05,2022,7,Manipur,Imphal East,24.0318,93.1476,Ketamine,5.26,NCB
SZ004043,2024-08-27,2024,8,Punjab,Ferozepur,31.1591,75.2234,Cannabis (Ganja),553.08,State Police
SZ004044,2019-10-26,2019,10,Rajasthan,Jaisalmer,27.7352,74.056,Cocaine,2.41,NCB
SZ004045,2023-08-13,2023,8,Haryana,Karnal,28.5088,76.6876,Cannabis (Ganja),445.08,Customs
SZ004046,2024-12-25,2024,12,Uttar Pradesh,Lucknow,26.9894,80.6398,Ketamine,4.86,NCB
SZ004047,2018-12-03,2018,12,Jammu and Kashmir,Jammu,33.0554,75.8039,Pharmaceutical Opioids,8.01,State Police
SZ004048,2020-08-10,2020,8,Haryana,Faridabad,29.7698,76.6319,MDMA,5.13,State Police
SZ004049,2022-08-12,2022,8,Haryana,Faridabad,29.698,75.3068,Charas/Hashish,0.34,NCB
SZ004050,2023-02-21,2023,2,Telangana,Hyderabad,18.5875,79.6529,Methamphetamine,0.05,State Police
SZ004051,2022-03-24,2022,3,Maharashtra,Nashik,19.836,75.9248,Heroin,1.96,NCB
SZ004052,2020-02-17,2020,2,Delhi,South Delhi,28.3507,77.5655,Cannabis (Ganja),193.6,NCB
SZ004053,2019-09-13,2019,9,West Bengal,Malda,23.6451,88.014,Heroin,5.2,Customs
SZ004054,2021-04-21,2021,4,Maharashtra,Pune,19.3091,75.2889,Heroin,1.16,DRI
SZ004055,2019-02-08,2019,2,Rajasthan,Jodhpur,26.3605,73.6386,Cannabis (Ganja),31.71,Customs
SZ004056,2023-08-05,2023,8,Mizoram,Aizawl,22.4971,92.8419,Cannabis (Ganja),81.11,NCB
SZ004057,2022-07-04,2022,7,Punjab,Gurdaspur,31.0927,75.8969,Charas/Hashish,3.15,Customs
SZ004058,2019-01-20,2019,1,Maharashtra,Pune,20.2825,75.314,Cannabis (Ganja),262.73,Coast Guard
SZ004059,2024-01-10,2024,1,Gujarat,Bhavnagar,21.5813,71.5735,Charas/Hashish,3.93,DRI
SZ004060,2021-02-10,2021,2,Madhya Pradesh,Neemuch,23.6699,78.3718,Pharmaceutical Opioids,15.1,NCB
SZ004061,2019-07-01,2019,7,Gujarat,Surat,22.4433,71.036,Pharmaceutical Opioids,3.0,State Police
SZ004062,2024-03-11,2024,3,Mizoram,Champhai,23.1445,92.3236,Charas/Hashish,0.56,State Police
SZ004063,2021-10-24,2021,10,Manipur,Imphal West,25.3919,93.8264,Heroin,4.82,NCB
SZ004064,2019-01-13,2019,1,Assam,Karimganj,26.7992,92.3566,Heroin,0.38,State Police
SZ004065,2022-04-21,2022,4,Maharashtra,Nashik,19.0632,75.6177,Ketamine,2.42,State Police
SZ004066,2023-08-24,2023,8,Tamil Nadu,Madurai,11.8769,77.9169,Heroin,6.36,NCB
SZ004067,2018-06-21,2018,6,Kerala,Thiruvananthapuram,11.3768,76.9841,Opium,28.07,State Police
SZ004068,2018-12-14,2018,12,Karnataka,Mysuru,15.569,75.1487,Pharmaceutical Opioids,2.58,NCB
SZ004069,2020-04-06,2020,4,Andhra Pradesh,Anantapur,15.4912,78.9834,Heroin,3.27,NCB
SZ004070,2021-10-12,2021,10,Gujarat,Bhavnagar,22.2511,71.4124,Charas/Hashish,36.39,State Police
SZ004071,2024-04-06,2024,4,Mizoram,Lunglei,23.6842,92.9954,Opium,10.87,State Police
SZ004072,2023-09-09,2023,9,Manipur,Imphal West,24.0814,93.6176,Pharmaceutical Opioids,4.94,BSF
SZ004073,2019-04-08,2019,4,Maharashtra,Nashik,20.006,74.9542,Charas/Hashish,14.79,State Police
SZ004074,2022-10-11,2022,10,Delhi,New Delhi,29.0206,77.1251,Poppy Husk,90.6,State Police
SZ004075,2024-10-21,2024,10,Manipur,Imphal West,24.4998,93.1236,Opium,6.92,Customs
SZ004076,2024-01-24,2024,1,Haryana,Gurugram,29.2815,76.1555,Cannabis (Ganja),744.7,NCB
SZ004077,2023-04-19,2023,4,Assam,Karimganj,26.1444,93.0438,Methamphetamine,3.76,Customs
SZ004078,2021-04-24,2021,4,Rajasthan,Bikaner,27.6287,74.6932,Heroin,6.97,BSF
SZ004079,2021-07-02,2021,7,Karnataka,Belagavi,14.9606,75.4014,Heroin,4.43,Coast Guard
SZ004080,2020-03-19,2020,3,Rajasthan,Jaisalmer,26.3567,74.6387,Heroin,1.86,State Police
SZ004081,2023-03-01,2023,3,West Bengal,Kolkata,22.3437,87.3704,Opium,1.65,NCB
SZ004082,2018-08-24,2018,8,Rajasthan,Barmer,26.6805,73.5088,Opium,11.99,DRI
SZ004083,2022-10-15,2022,10,Punjab,Amritsar,31.7553,75.4119,Methamphetamine,6.05,NCB
SZ004084,2018-08-11,2018,8,Assam,Cachar,26.7841,93.7017,Opium,3.71,NCB
SZ004085,2018-06-18,2018,6,Gujarat,Porbandar,21.856,71.0678,Pharmaceutical Opioids,0.49,NCB
SZ004086,2023-12-11,2023,12,Karnataka,Bengaluru Urban,15.6057,75.7482,Cannabis (Ganja),292.62,State Police
SZ004087,2021-03-02,2021,3,Mizoram,Champhai,23.542,93.3459,Cannabis (Ganja),310.64,State Police
SZ004088,2023-01-23,2023,1,Gujarat,Ahmedabad,22.9661,71.4592,Heroin,6.74,NCB
SZ004089,2020-05-19,2020,5,Odisha,Cuttack,20.8713,84.9219,Methamphetamine,9.76,State Police
SZ004090,2021-09-03,2021,9,Manipur,Imphal East,25.1015,93.9456,Cannabis (Ganja),16.35,Customs
SZ004091,2020-02-02,2020,2,Manipur,Churachandpur,24.0466,93.7502,Cannabis (Ganja),252.54,NCB
SZ004092,2022-01-02,2022,1,Uttar Pradesh,Kanpur,26.702,80.7122,Heroin,8.61,Customs
SZ004093,2023-11-13,2023,11,Punjab,Gurdaspur,31.6064,74.5864,Charas/Hashish,1.08,Customs
SZ004094,2023-11-27,2023,11,Maharashtra,Pune,19.8261,75.7917,Cannabis (Ganja),188.88,NCB
SZ004095,2024-09-01,2024,9,Assam,Karimganj,25.5567,93.1549,Opium,9.8,State Police
SZ004096,2021-10-05,2021,10,Madhya Pradesh,Gwalior,22.6693,78.1484,Cannabis (Ganja),89.19,NCB
SZ004097,2024-05-17,2024,5,Uttar Pradesh,Agra,26.8183,81.6318,Heroin,11.25,State Police
SZ004098,2019-09-27,2019,9,Gujarat,Bhavnagar,22.3623,71.2654,Pharmaceutical Opioids,3.54,Customs
SZ004099,2020-02-19,2020,2,Manipur,Chandel,25.3766,93.4972,Cannabis (Ganja),677.62,BSF
SZ004100,2022-04-04,2022,4,Tamil Nadu,Madurai,10.387,78.3734,Cannabis (Ganja),21.86,State Police
SZ004101,2021-11-25,2021,11,West Bengal,Kolkata,22.4229,87.5485,Cannabis (Ganja),28.46,Customs
SZ004102,2024-09-26,2024,9,Uttar Pradesh,Kanpur,26.1864,80.2648,Heroin,2.46,NCB
SZ004103,2023-08-23,2023,8,Rajasthan,Jodhpur,27.4561,74.8124,Opium,31.26,Customs
SZ004104,2021-06-14,2021,6,Delhi,North West Delhi,29.3606,77.8751,Heroin,10.18,NCB
SZ004105,2023-02-12,2023,2,Rajasthan,Kota,26.582,74.0025,Methamphetamine,5.91,Customs
SZ004106,2021-04-12,2021,4,Maharashtra,Nashik,19.1159,75.6854,Opium,26.47,DRI
SZ004107,2024-09-09,2024,9,Delhi,East Delhi,28.0168,76.8608,Heroin,0.85,NCB
SZ004108,2023-11-09,2023,11,Uttar Pradesh,Kanpur,27.1673,80.6583,Charas/Hashish,0.95,NCB
SZ004109,2022-10-17,2022,10,Haryana,Karnal,29.06,76.6104,Cannabis (Ganja),57.58,DRI
SZ004110,2020-01-20,2020,1,West Bengal,Malda,22.8868,87.2744,Methamphetamine,2.92,State Police
SZ004111,2022-04-07,2022,4,Kerala,Kollam,10.9929,76.7907,Heroin,6.0,Customs
SZ004112,2019-01-17,2019,1,Madhya Pradesh,Indore,23.0981,77.9467,Cannabis (Ganja),388.28,State Police
SZ004113,2022-04-27,2022,4,Kerala,Kochi,11.4702,75.6723,Heroin,2.42,NCB
SZ004114,2022-07-22,2022,7,West Bengal,Nadia,22.913,87.1852,Cocaine,3.94,State Police
SZ004115,2018-12-10,2018,12,Rajasthan,Jodhpur,26.8681,74.904,Methamphetamine,2.1,Customs
SZ004116,2019-02-16,2019,2,Gujarat,Kutch,21.7138,71.6746,Charas/Hashish,1.1,NCB
SZ004117,2022-03-23,2022,3,Karnataka,Mangaluru,14.7193,76.2803,Cannabis (Ganja),92.19,Customs
SZ004118,2022-06-25,2022,6,Maharashtra,Nagpur,20.2283,74.9119,Cannabis (Ganja),180.61,Customs
SZ004119,2021-09-24,2021,9,Gujarat,Ahmedabad,21.9618,71.5154,Ketamine,3.17,State Police
SZ004120,2022-06-27,2022,6,Punjab,Amritsar,31.3436,74.6646,Cannabis (Ganja),91.71,Customs
SZ004121,2022-10-14,2022,10,Manipur,Imphal West,24.631,94.6014,Heroin,1.61,Coast Guard
SZ004122,2021-09-03,2021,9,Karnataka,Bengaluru Urban,14.6663,75.3181,Methamphetamine,0.81,BSF
SZ004123,2024-01-02,2024,1,Kerala,Kozhikode,10.5622,75.9511,Opium,5.04,State Police
SZ004124,2020-02-09,2020,2,Assam,Dibrugarh,25.602,93.3012,Charas/Hashish,3.78,DRI
SZ004125,2023-06-23,2023,6,Kerala,Thiruvananthapuram,10.2604,75.6414,Methamphetamine,0.05,NCB
SZ004126,2020-05-20,2020,5,Tamil Nadu,Tirunelveli,10.4255,78.3485,Cocaine,4.96,NCB
SZ004127,2018-04-11,2018,4,Jammu and Kashmir,Poonch,34.5719,76.2418,Opium,6.62,NCB
SZ004128,2020-05-09,2020,5,Karnataka,Bengaluru Urban,15.1606,76.4309,Pharmaceutical Opioids,18.04,NCB
SZ004129,2018-03-22,2018,3,Punjab,Ludhiana,31.4705,76.0218,MDMA,1.7,State Police
SZ004130,2019-01-14,2019,1,Maharashtra,Nagpur,20.4411,75.1079,Cannabis (Ganja),7.84,Customs
SZ004131,2022-07-10,2022,7,Punjab,Tarn Taran,31.3147,75.0392,Heroin,13.45,State Police
SZ004132,2020-09-24,2020,9,Punjab,Ferozepur,31.4329,75.8246,Heroin,3.25,NCB
SZ004133,2019-08-25,2019,8,Assam,Cachar,25.4972,93.0648,MDMA,2.86,State Police
SZ004134,2020-12-09,2020,12,Punjab,Amritsar,30.5212,75.5565,Opium,15.4,Customs
SZ004135,2018-01-22,2018,1,Mizoram,Aizawl,23.46,93.4069,Heroin,2.4,BSF
SZ004136,2024-10-03,2024,10,Uttar Pradesh,Agra,27.5493,81.5407,MDMA,1.05,Customs
SZ004137,2021-03-18,2021,3,Assam,Karimganj,25.8133,92.5321,Methamphetamine,0.98,Customs
SZ004138,2021-12-06,2021,12,Uttar Pradesh,Lucknow,26.3607,81.2537,Cannabis (Ganja),93.63,State Police
SZ004139,2020-03-26,2020,3,Telangana,Khammam,17.5077,78.8741,Pharmaceutical Opioids,4.81,State Police
SZ004140,2019-06-15,2019,6,Maharashtra,Thane,19.0688,76.4898,Heroin,5.89,State Police
SZ004141,2019-10-22,2019,10,Telangana,Nizamabad,17.5799,79.3633,Heroin,14.4,BSF
SZ004142,2022-02-25,2022,2,Uttar Pradesh,Kanpur,26.518,81.007,Methamphetamine,1.12,NCB
SZ004143,2021-12-11,2021,12,Mizoram,Champhai,22.7277,92.4498,Heroin,16.44,State Police
SZ004144,2020-09-16,2020,9,Manipur,Imphal West,24.5239,94.2636,Opium,1.96,State Police
SZ004145,2021-03-18,2021,3,Telangana,Khammam,18.1319,79.7663,Opium,1.84,State Police
SZ004146,2018-02-12,2018,2,Rajasthan,Kota,27.7436,74.9248,Heroin,6.51,State Police
SZ004147,2019-04-06,2019,4,Manipur,Churachandpur,25.2191,94.3876,Heroin,0.86,BSF
SZ004148,2024-06-11,2024,6,Delhi,North West Delhi,28.7861,76.9913,Heroin,7.09,Customs
SZ004149,2018-12-17,2018,12,Delhi,North West Delhi,29.3059,77.4069,Pharmaceutical Opioids,22.59,NCB
SZ004150,2022-07-01,2022,7,Odisha,Koraput,20.6188,85.8785,Cannabis (Ganja),14.46,BSF
SZ004151,2020-05-08,2020,5,Andhra Pradesh,Visakhapatnam,15.941,79.7027,Cannabis (Ganja),40.43,NCB
SZ004152,2020-11-11,2020,11,Jammu and Kashmir,Srinagar,33.9389,76.7833,Cannabis (Ganja),77.46,State Police
SZ004153,2023-12-06,2023,12,Punjab,Ferozepur,31.5047,75.3411,Heroin,10.98,NCB
SZ004154,2023-04-11,2023,4,Maharashtra,Thane,20.191,75.5218,Methamphetamine,24.85,BSF
SZ004155,2021-11-03,2021,11,Maharashtra,Mumbai,19.9338,75.1287,Cannabis (Ganja),167.59,NCB
SZ004156,2019-09-06,2019,9,Andhra Pradesh,Visakhapatnam,15.2193,79.6197,Methamphetamine,2.11,State Police
SZ004157,2021-01-02,2021,1,Assam,Cachar,25.873,93.1695,Charas/Hashish,0.33,NCB
SZ004158,2024-06-10,2024,6,Haryana,Sirsa,28.5275,75.9111,Methamphetamine,16.02,DRI
SZ004159,2022-07-25,2022,7,Rajasthan,Kota,26.405,73.7236,Charas/Hashish,13.01,NCB
SZ004160,2022-04-14,2022,4,Kerala,Kochi,10.3635,76.7693,MDMA,5.24,State Police
SZ004161,2021-04-19,2021,4,Rajasthan,Barmer,26.2732,73.5224,Charas/Hashish,4.09,BSF
SZ004162,2021-07-06,2021,7,Madhya Pradesh,Neemuch,22.1791,78.2402,Heroin,11.11,Customs
SZ004163,2023-02-16,2023,2,Haryana,Sirsa,29.6437,76.4216,Methamphetamine,2.0,DRI
SZ004164,2024-01-15,2024,1,Mizoram,Aizawl,23.6627,92.7995,Charas/Hashish,0.34,State Police
SZ004165,2022-10-03,2022,10,Odisha,Cuttack,20.8608,85.5423,Charas/Hashish,31.82,Coast Guard
SZ004166,2019-08-11,2019,8,Mizoram,Champhai,22.7873,93.6458,MDMA,4.56,NCB
SZ004167,2021-12-17,2021,12,Jammu and Kashmir,Poonch,34.2763,75.9536,Opium,11.08,NCB
SZ004168,2022-02-20,2022,2,Gujarat,Bhavnagar,22.8601,71.4812,MDMA,2.73,BSF
SZ004169,2018-09-22,2018,9,Maharashtra,Nashik,20.4951,75.656,Cannabis (Ganja),20.74,BSF
SZ004170,2023-03-09,2023,3,Manipur,Imphal East,24.9758,94.6306,Poppy Husk,5.5,Customs
SZ004171,2021-04-10,2021,4,Madhya Pradesh,Neemuch,23.416,79.3848,Cannabis (Ganja),1.38,Customs
SZ004172,2021-08-06,2021,8,Karnataka,Bengaluru Urban,15.2552,76.3511,Methamphetamine,6.02,State Police
SZ004173,2023-01-05,2023,1,Maharashtra,Mumbai,20.2103,76.3338,Cocaine,3.23,NCB
SZ004174,2019-05-04,2019,5,Karnataka,Bengaluru Urban,16.0995,76.1964,Cannabis (Ganja),68.02,BSF
SZ004175,2022-09-26,2022,9,Rajasthan,Bikaner,27.6825,74.9237,MDMA,3.68,NCB
SZ004176,2024-11-19,2024,11,Jammu and Kashmir,Srinagar,33.1242,75.7868,Heroin,4.57,BSF
SZ004177,2019-12-19,2019,12,Telangana,Khammam,17.9953,79.7259,Charas/Hashish,1.08,Customs
SZ004178,2018-05-12,2018,5,Bihar,Muzaffarpur,25.7318,84.7772,Opium,31.86,NCB
SZ004179,2021-07-13,2021,7,Jammu and Kashmir,Srinagar,33.2776,76.7743,Methamphetamine,17.2,State Police
SZ004180,2022-10-01,2022,10,West Bengal,Nadia,22.9904,87.2192,Cannabis (Ganja),100.29,BSF
SZ004181,2022-06-04,2022,6,Delhi,South Delhi,28.2317,76.5641,Cannabis (Ganja),12.04,NCB
SZ004182,2021-07-05,2021,7,Assam,Karimganj,26.8554,93.0459,Methamphetamine,0.52,State Police
SZ004183,2021-07-20,2021,7,Maharashtra,Pune,20.2164,75.7813,Heroin,3.2,State Police
SZ004184,2020-06-01,2020,6,Jammu and Kashmir,Poonch,34.2558,76.0034,Pharmaceutical Opioids,1.04,NCB
SZ004185,2018-11-24,2018,11,Delhi,East Delhi,28.0481,77.7531,Cannabis (Ganja),40.16,Customs
SZ004186,2019-12-02,2019,12,Maharashtra,Pune,20.4173,75.2628,Cannabis (Ganja),111.24,State Police
SZ004187,2023-04-13,2023,4,Andhra Pradesh,Anantapur,15.6922,79.0934,Heroin,26.35,Customs
SZ004188,2018-07-10,2018,7,Kerala,Kozhikode,10.9043,76.2766,Pharmaceutical Opioids,14.03,State Police
SZ004189,2020-01-04,2020,1,Odisha,Koraput,21.1188,85.2384,Methamphetamine,14.23,State Police
SZ004190,2024-04-23,2024,4,Madhya Pradesh,Gwalior,22.4933,78.6822,Ketamine,0.88,State Police
SZ004191,2020-11-25,2020,11,Manipur,Churachandpur,24.5077,93.2969,Cannabis (Ganja),15.58,NCB
SZ004192,2022-10-17,2022,10,Manipur,Imphal East,24.0548,94.1667,Heroin,9.66,BSF
SZ004193,2020-07-10,2020,7,Jammu and Kashmir,Jammu,33.62,77.2415,Opium,15.5,BSF
SZ004194,2024-04-13,2024,4,Tamil Nadu,Tirunelveli,11.3754,78.6461,Heroin,1.92,NCB
SZ004195,2023-03-15,2023,3,West Bengal,Malda,22.5076,87.8607,Heroin,4.11,BSF
SZ004196,2018-09-26,2018,9,Punjab,Tarn Taran,31.0844,74.5507,Heroin,2.73,NCB
SZ004197,2020-07-20,2020,7,Madhya Pradesh,Neemuch,23.76,79.0989,Cannabis (Ganja),231.83,State Police
SZ004198,2024-10-17,2024,10,Mizoram,Lunglei,22.6534,93.6752,Cannabis (Ganja),60.0,Customs
SZ004199,2024-05-08,2024,5,Uttar Pradesh,Varanasi,27.5057,80.7469,Methamphetamine,9.29,Customs
SZ004200,2024-06-01,2024,6,Delhi,South Delhi,29.3042,76.6461,Opium,11.84,NCB
SZ004201,2020-05-19,2020,5,Bihar,Patna,25.4075,85.9467,Pharmaceutical Opioids,12.7,Coast Guard
SZ004202,2019-07-19,2019,7,Manipur,Imphal East,25.299,93.6464,Cocaine,0.13,State Police
SZ004203,2019-11-24,2019,11,Mizoram,Lunglei,23.0636,92.7777,Charas/Hashish,17.38,BSF
SZ004204,2019-11-05,2019,11,Odisha,Cuttack,20.1643,85.0177,Cocaine,8.12,BSF
SZ004205,2019-07-19,2019,7,Kerala,Kochi,10.4921,76.6508,Poppy Husk,80.03,NCB
SZ004206,2019-04-25,2019,4,Delhi,South Delhi,28.5525,77.6737,Methamphetamine,8.16,NCB
SZ004207,2024-11-02,2024,11,Punjab,Amritsar,30.5794,75.5351,Heroin,8.57,Customs
SZ004208,2021-12-23,2021,12,West Bengal,Kolkata,22.8603,88.6531,Pharmaceutical Opioids,5.72,State Police
SZ004209,2020-03-16,2020,3,Rajasthan,Jodhpur,26.8694,74.8251,Methamphetamine,0.24,NCB
SZ004210,2024-08-02,2024,8,Assam,Guwahati,26.4915,92.808,Cannabis (Ganja),39.31,BSF
SZ004211,2024-08-17,2024,8,Andhra Pradesh,Vijayawada,16.1872,79.9609,Methamphetamine,8.47,NCB
SZ004212,2022-08-21,2022,8,Madhya Pradesh,Bhopal,23.701,78.0347,Ketamine,5.87,NCB
SZ004213,2022-03-24,2022,3,Delhi,New Delhi,29.1308,76.9724,Methamphetamine,6.42,DRI
SZ004214,2023-07-06,2023,7,Karnataka,Mysuru,14.8965,74.9363,Methamphetamine,1.34,Customs
SZ004215,2022-06-12,2022,6,Punjab,Ferozepur,31.7923,75.9139,Cannabis (Ganja),323.62,Customs
SZ004216,2018-11-14,2018,11,Maharashtra,Pune,19.2853,76.1574,Pharmaceutical Opioids,3.02,State Police
SZ004217,2022-11-20,2022,11,Uttar Pradesh,Varanasi,26.1689,80.7383,Cannabis (Ganja),220.74,NCB
SZ004218,2019-08-14,2019,8,Punjab,Tarn Taran,31.0725,74.7766,Cannabis (Ganja),30.19,NCB
SZ004219,2023-06-06,2023,6,Haryana,Karnal,28.9189,76.6122,Charas/Hashish,1.32,BSF
SZ004220,2020-08-20,2020,8,Mizoram,Aizawl,23.1206,92.9291,Cocaine,1.76,NCB
SZ004221,2022-01-07,2022,1,Mizoram,Aizawl,23.3548,92.916,Cannabis (Ganja),69.43,NCB
SZ004222,2018-06-11,2018,6,Delhi,South Delhi,28.4466,76.7498,Charas/Hashish,9.46,State Police
SZ004223,2022-12-13,2022,12,Punjab,Amritsar,31.2639,75.203,Heroin,11.27,Customs
SZ004224,2024-02-05,2024,2,Maharashtra,Nashik,19.7368,76.3127,MDMA,6.87,NCB
SZ004225,2020-05-02,2020,5,West Bengal,Malda,22.6352,87.6743,Opium,3.97,NCB
SZ004226,2018-09-12,2018,9,West Bengal,North 24 Parganas,23.0187,87.4559,Poppy Husk,456.12,State Police
SZ004227,2024-01-01,2024,1,Manipur,Imphal West,25.2686,94.3886,Cannabis (Ganja),29.79,NCB
SZ004228,2024-03-20,2024,3,Tamil Nadu,Coimbatore,11.6717,78.173,Heroin,7.3,State Police
SZ004229,2018-08-20,2018,8,Odisha,Bhubaneswar,20.6839,84.9641,Opium,3.18,NCB
SZ004230,2024-03-12,2024,3,Mizoram,Aizawl,23.1843,92.8696,Cannabis (Ganja),23.26,BSF
SZ004231,2020-05-17,2020,5,West Bengal,Nadia,22.6461,87.8847,Cannabis (Ganja),111.15,State Police
SZ004232,2019-10-25,2019,10,Bihar,Muzaffarpur,25.2787,85.8365,Charas/Hashish,17.13,Customs
SZ004233,2024-05-04,2024,5,Punjab,Ludhiana,30.8821,75.9124,MDMA,2.33,State Police
SZ004234,2023-04-23,2023,4,Punjab,Gurdaspur,31.3345,75.7212,Charas/Hashish,3.85,Customs
SZ004235,2022-05-06,2022,5,Delhi,South Delhi,28.6785,77.6751,MDMA,0.26,State Police
SZ004236,2019-10-13,2019,10,Kerala,Kochi,11.0789,75.8584,Methamphetamine,1.9,NCB
SZ004237,2019-07-03,2019,7,Madhya Pradesh,Indore,23.642,78.7314,Heroin,1.65,NCB
SZ004238,2024-04-24,2024,4,Jammu and Kashmir,Jammu,33.2958,77.1843,Methamphetamine,8.73,State Police
SZ004239,2019-01-01,2019,1,Punjab,Amritsar,31.7026,75.7488,Pharmaceutical Opioids,0.6,NCB
SZ004240,2018-11-08,2018,11,Tamil Nadu,Tirunelveli,10.4986,78.4173,Charas/Hashish,29.3,State Police
SZ004241,2021-11-26,2021,11,Kerala,Thiruvananthapuram,10.9773,75.9721,Opium,7.67,Customs
SZ004242,2020-04-26,2020,4,Maharashtra,Thane,20.1747,76.4813,Pharmaceutical Opioids,22.31,NCB
SZ004243,2023-04-16,2023,4,West Bengal,Malda,22.9196,88.3621,Methamphetamine,1.07,NCB
SZ004244,2019-11-14,2019,11,Haryana,Karnal,29.234,76.1149,Methamphetamine,2.91,State Police
SZ004245,2020-06-26,2020,6,Odisha,Ganjam,20.6016,84.3841,Pharmaceutical Opioids,3.6,Customs
SZ004246,2019-04-25,2019,4,Mizoram,Aizawl,23.2576,92.7372,Pharmaceutical Opioids,20.16,NCB
SZ004247,2019-08-03,2019,8,Uttar Pradesh,Lucknow,26.1962,81.5372,Opium,31.77,State Police
SZ004248,2024-05-05,2024,5,Assam,Cachar,26.9904,92.7689,Pharmaceutical Opioids,24.11,NCB
SZ004249,2019-10-20,2019,10,Punjab,Amritsar,30.7199,75.7452,Poppy Husk,41.58,NCB
SZ004250,2019-02-13,2019,2,Mizoram,Aizawl,22.9442,92.6501,Heroin,1.69,DRI
SZ004251,2024-07-02,2024,7,Madhya Pradesh,Gwalior,23.0815,78.3528,Opium,28.17,Coast Guard
SZ004252,2019-08-20,2019,8,Rajasthan,Barmer,26.8265,74.0567,Heroin,0.14,State Police
SZ004253,2023-07-09,2023,7,Kerala,Kozhikode,10.7344,75.826,Cannabis (Ganja),180.92,DRI
SZ004254,2021-04-07,2021,4,Uttar Pradesh,Lucknow,27.0259,81.3619,Cocaine,0.66,Customs
SZ004255,2024-01-11,2024,1,Punjab,Amritsar,31.3965,75.8768,Heroin,1.91,BSF
SZ004256,2019-12-21,2019,12,Andhra Pradesh,Anantapur,15.9006,79.2062,Ketamine,1.03,NCB
SZ004257,2023-02-27,2023,2,Bihar,Muzaffarpur,24.3053,85.5906,Cannabis (Ganja),140.26,NCB
SZ004258,2024-03-12,2024,3,Kerala,Kochi,10.4893,75.7078,Heroin,4.14,BSF
SZ004259,2019-08-06,2019,8,Gujarat,Bhavnagar,22.348,70.7536,Cocaine,1.7,NCB
SZ004260,2024-05-22,2024,5,Karnataka,Mangaluru,15.4542,76.0166,Methamphetamine,5.48,NCB
SZ004261,2020-03-03,2020,3,Manipur,Imphal East,25.4149,94.5874,Cannabis (Ganja),117.87,Coast Guard
SZ004262,2020-11-20,2020,11,Bihar,Muzaffarpur,25.2198,85.1976,Cocaine,2.16,Coast Guard
SZ004263,2022-02-03,2022,2,Kerala,Kollam,11.0133,76.862,Cocaine,1.01,State Police
SZ004264,2020-12-15,2020,12,Punjab,Gurdaspur,31.0575,75.279,MDMA,2.45,DRI
SZ004265,2022-03-04,2022,3,Rajasthan,Jaisalmer,27.0552,73.651,Cannabis (Ganja),6.69,NCB
SZ004266,2019-04-12,2019,4,Delhi,North West Delhi,28.6998,77.0952,Methamphetamine,0.17,NCB
SZ004267,2024-02-26,2024,2,Tamil Nadu,Tirunelveli,10.9707,78.2764,Cannabis (Ganja),199.74,State Police
SZ004268,2023-03-18,2023,3,West Bengal,Malda,22.5053,88.5201,Pharmaceutical Opioids,10.51,NCB
SZ004269,2020-04-15,2020,4,Haryana,Faridabad,28.4596,75.9929,Heroin,1.89,BSF
SZ004270,2022-12-27,2022,12,West Bengal,North 24 Parganas,22.39,87.3553,Heroin,1.79,NCB
SZ004271,2022-04-06,2022,4,West Bengal,Kolkata,22.4013,88.2642,Cannabis (Ganja),84.1,State Police
SZ004272,2021-05-19,2021,5,Madhya Pradesh,Gwalior,22.8684,78.8777,Cannabis (Ganja),170.67,State Police
SZ004273,2024-01-16,2024,1,Karnataka,Mangaluru,15.435,75.0127,Cannabis (Ganja),26.1,NCB
SZ004274,2022-06-06,2022,6,Mizoram,Lunglei,22.6058,92.3997,Pharmaceutical Opioids,0.75,BSF
SZ004275,2023-01-18,2023,1,Jammu and Kashmir,Jammu,34.3074,76.4639,Heroin,0.25,State Police
SZ004276,2024-08-27,2024,8,Punjab,Amritsar,31.4361,76.086,Cannabis (Ganja),112.73,State Police
SZ004277,2022-05-24,2022,5,Gujarat,Surat,22.8428,71.1553,Heroin,8.97,State Police
SZ004278,2021-09-03,2021,9,Mizoram,Champhai,23.9563,92.2178,Cannabis (Ganja),316.14,NCB
SZ004279,2021-11-18,2021,11,Mizoram,Champhai,23.2373,93.2438,Charas/Hashish,6.34,State Police
SZ004280,2018-09-18,2018,9,West Bengal,North 24 Parganas,23.4743,87.9382,Poppy Husk,10.31,Customs
SZ004281,2019-12-04,2019,12,Maharashtra,Nagpur,19.9402,75.9492,Heroin,7.48,NCB
SZ004282,2019-01-21,2019,1,Odisha,Bhubaneswar,20.7376,84.8884,Cannabis (Ganja),80.23,Customs
SZ004283,2021-07-08,2021,7,Telangana,Hyderabad,18.5465,79.1907,Cocaine,1.2,State Police
SZ004284,2018-09-19,2018,9,Haryana,Sirsa,28.4083,76.3289,Cannabis (Ganja),7.24,NCB
SZ004285,2020-04-01,2020,4,Bihar,Muzaffarpur,25.0133,85.3546,Cannabis (Ganja),1.41,State Police
SZ004286,2022-03-23,2022,3,Manipur,Churachandpur,23.9603,93.8784,Cannabis (Ganja),479.2,State Police
SZ004287,2019-02-07,2019,2,Manipur,Churachandpur,24.5916,93.4639,Cannabis (Ganja),147.59,State Police
SZ004288,2018-05-07,2018,5,Uttar Pradesh,Kanpur,27.3295,80.5428,Opium,49.91,State Police
SZ004289,2023-11-15,2023,11,Manipur,Imphal East,25.3873,93.5664,Poppy Husk,75.84,State Police
SZ004290,2018-01-20,2018,1,Mizoram,Aizawl,22.8244,93.6772,Heroin,1.16,DRI
SZ004291,2019-07-26,2019,7,Manipur,Churachandpur,24.9758,93.5555,Poppy Husk,53.88,Customs
SZ004292,2024-06-17,2024,6,Haryana,Sirsa,29.1262,75.3513,Heroin,6.2,NCB
SZ004293,2024-11-17,2024,11,Assam,Dibrugarh,25.6394,92.2915,Opium,9.62,NCB
SZ004294,2024-11-23,2024,11,Karnataka,Belagavi,15.7409,75.4487,Pharmaceutical Opioids,13.22,Customs
SZ004295,2018-06-22,2018,6,Kerala,Kozhikode,10.6981,76.9858,Pharmaceutical Opioids,11.28,State Police
SZ004296,2023-07-10,2023,7,Delhi,South Delhi,28.5882,76.8157,Charas/Hashish,30.77,NCB
SZ004297,2024-07-13,2024,7,Bihar,Muzaffarpur,24.9676,85.6936,Cannabis (Ganja),55.98,State Police
SZ004298,2023-06-08,2023,6,West Bengal,Malda,23.2478,87.4091,Pharmaceutical Opioids,18.51,NCB
SZ004299,2024-05-03,2024,5,Tamil Nadu,Tirunelveli,11.7743,79.3714,Cocaine,0.65,NCB
SZ004300,2024-11-03,2024,11,Mizoram,Champhai,23.136,93.6625,Cannabis (Ganja),143.33,State Police
SZ004301,2021-06-14,2021,6,Mizoram,Lunglei,22.8873,93.7302,Methamphetamine,5.21,Customs
SZ004302,2021-08-07,2021,8,Rajasthan,Bikaner,27.7559,73.4427,Cannabis (Ganja),121.46,NCB
SZ004303,2022-11-23,2022,11,Maharashtra,Mumbai,19.3913,75.1073,Opium,14.46,State Police
SZ004304,2023-08-25,2023,8,Telangana,Nizamabad,18.407,79.5996,Pharmaceutical Opioids,4.63,NCB
SZ004305,2023-04-23,2023,4,Odisha,Ganjam,21.0393,84.492,Cannabis (Ganja),71.05,NCB
SZ004306,2024-06-19,2024,6,Jammu and Kashmir,Srinagar,34.0085,76.4389,Heroin,4.97,NCB
SZ004307,2022-02-09,2022,2,Rajasthan,Jaisalmer,27.1917,74.3713,Charas/Hashish,8.81,State Police
SZ004308,2018-12-16,2018,12,Rajasthan,Barmer,26.9081,73.6017,Cannabis (Ganja),120.54,NCB
SZ004309,2022-07-18,2022,7,Odisha,Koraput,21.1309,85.045,MDMA,0.58,State Police
SZ004310,2018-02-03,2018,2,Karnataka,Bengaluru Urban,15.2361,75.0461,Heroin,2.54,Coast Guard
SZ004311,2023-04-17,2023,4,Gujarat,Kutch,22.7997,71.4689,MDMA,1.26,State Police
SZ004312,2023-06-21,2023,6,Odisha,Cuttack,21.2542,85.785,Ketamine,8.06,NCB
SZ004313,2018-11-22,2018,11,Telangana,Hyderabad,17.5121,79.0642,Charas/Hashish,11.57,State Police
SZ004314,2024-10-15,2024,10,Uttar Pradesh,Varanasi,26.2725,80.6101,Cannabis (Ganja),89.91,NCB
SZ004315,2022-11-20,2022,11,Haryana,Gurugram,29.1241,75.6995,Charas/Hashish,1.33,NCB
SZ004316,2022-09-04,2022,9,Jammu and Kashmir,Jammu,34.1528,76.0627,Poppy Husk,11.29,BSF
SZ004317,2023-12-16,2023,12,Punjab,Amritsar,30.4139,74.7228,Heroin,19.7,Customs
SZ004318,2021-01-16,2021,1,Punjab,Ferozepur,30.3956,76.087,Heroin,1.76,NCB
SZ004319,2023-09-20,2023,9,Andhra Pradesh,Anantapur,16.2209,80.1485,Heroin,13.04,NCB
SZ004320,2018-11-15,2018,11,Kerala,Thiruvananthapuram,11.5924,76.4908,Opium,10.8,NCB
SZ004321,2023-10-02,2023,10,Punjab,Amritsar,31.0204,75.088,Cannabis (Ganja),105.91,State Police
SZ004322,2019-03-11,2019,3,Mizoram,Aizawl,23.9203,92.2277,Heroin,0.05,NCB
SZ004323,2024-12-16,2024,12,Jammu and Kashmir,Poonch,34.2147,75.9606,Cocaine,5.03,State Police
SZ004324,2022-01-10,2022,1,Maharashtra,Mumbai,20.3353,76.3835,Charas/Hashish,13.69,Customs
SZ004325,2019-11-25,2019,11,Rajasthan,Bikaner,26.459,73.899,Cannabis (Ganja),80.68,NCB
SZ004326,2023-04-15,2023,4,West Bengal,Kolkata,22.8607,87.7668,Charas/Hashish,20.15,State Police
SZ004327,2018-10-01,2018,10,Andhra Pradesh,Anantapur,15.9681,79.7013,Charas/Hashish,44.53,NCB
SZ004328,2021-06-25,2021,6,Manipur,Chandel,25.2481,94.477,Pharmaceutical Opioids,3.29,BSF
SZ004329,2024-03-20,2024,3,Delhi,East Delhi,28.0356,76.6266,Charas/Hashish,7.21,NCB
SZ004330,2021-01-15,2021,1,Mizoram,Champhai,23.101,92.4496,Heroin,0.06,BSF
SZ004331,2022-05-10,2022,5,Manipur,Imphal East,24.0801,93.7288,Heroin,19.21,State Police
SZ004332,2023-08-22,2023,8,Assam,Karimganj,26.5135,92.9061,Charas/Hashish,2.05,State Police
SZ004333,2023-05-17,2023,5,Manipur,Churachandpur,24.6221,93.4527,Ketamine,3.9,NCB
SZ004334,2020-12-04,2020,12,Gujarat,Surat,21.5084,71.089,Cocaine,0.26,Customs
SZ004335,2024-11-12,2024,11,Delhi,North West Delhi,28.5224,77.4092,Cocaine,6.78,NCB
SZ004336,2024-09-15,2024,9,Gujarat,Bhavnagar,22.1981,71.7434,Heroin,2.7,BSF
SZ004337,2018-01-24,2018,1,Rajasthan,Jodhpur,27.1694,73.5734,Charas/Hashish,10.46,NCB
SZ004338,2023-10-17,2023,10,Delhi,North West Delhi,29.4018,76.6522,Pharmaceutical Opioids,1.15,NCB
SZ004339,2019-04-26,2019,4,Punjab,Amritsar,31.5419,75.8666,Opium,13.76,Customs
SZ004340,2018-03-27,2018,3,Telangana,Hyderabad,18.2338,78.2336,Cannabis (Ganja),15.62,NCB
SZ004341,2024-10-19,2024,10,Manipur,Chandel,24.4376,93.5867,Cannabis (Ganja),137.0,State Police
SZ004342,2019-03-02,2019,3,Andhra Pradesh,Visakhapatnam,15.51,79.8386,Heroin,8.6,BSF
SZ004343,2018-03-10,2018,3,Maharashtra,Nagpur,20.323,76.5023,Charas/Hashish,32.43,BSF
SZ004344,2022-08-26,2022,8,Maharashtra,Thane,20.4007,75.8918,Cocaine,4.96,Customs
SZ004345,2019-05-05,2019,5,Assam,Cachar,25.7358,93.4884,Poppy Husk,781.88,NCB
SZ004346,2024-02-26,2024,2,Assam,Karimganj,26.0239,93.2978,Opium,19.84,NCB
SZ004347,2018-11-09,2018,11,Punjab,Ferozepur,30.6057,74.7012,Cannabis (Ganja),6.5,NCB
SZ004348,2022-04-12,2022,4,West Bengal,Malda,23.2823,88.0182,MDMA,3.22,Customs
SZ004349,2020-04-01,2020,4,Gujarat,Bhavnagar,21.5243,71.0031,Cannabis (Ganja),44.52,NCB
SZ004350,2021-01-17,2021,1,Madhya Pradesh,Gwalior,23.424,79.1752,Opium,3.24,State Police
SZ004351,2023-09-06,2023,9,Maharashtra,Nashik,20.3693,75.386,Heroin,4.36,Customs
SZ004352,2019-05-18,2019,5,Maharashtra,Thane,20.0062,76.433,Heroin,1.15,NCB
SZ004353,2018-01-03,2018,1,Punjab,Tarn Taran,31.0162,76.1356,Charas/Hashish,4.42,State Police
SZ004354,2022-03-26,2022,3,Haryana,Gurugram,28.7942,76.3479,Charas/Hashish,21.64,State Police
SZ004355,2019-07-21,2019,7,Manipur,Imphal West,24.9869,94.2735,Charas/Hashish,0.49,NCB
SZ004356,2022-03-23,2022,3,Delhi,East Delhi,29.0785,76.6507,Cannabis (Ganja),39.15,BSF
SZ004357,2020-11-11,2020,11,Karnataka,Belagavi,14.9458,75.5509,Opium,2.77,State Police
SZ004358,2020-03-07,2020,3,Delhi,New Delhi,29.011,77.4886,Methamphetamine,8.87,Customs
SZ004359,2019-12-20,2019,12,Jammu and Kashmir,Baramulla,33.0935,77.3193,Methamphetamine,14.98,BSF
SZ004360,2019-11-14,2019,11,Jammu and Kashmir,Jammu,33.3438,76.0034,Charas/Hashish,9.04,BSF
SZ004361,2020-08-01,2020,8,Mizoram,Lunglei,22.8729,92.5126,Pharmaceutical Opioids,3.16,State Police
SZ004362,2024-06-02,2024,6,Madhya Pradesh,Neemuch,22.7604,78.9284,Cannabis (Ganja),17.45,State Police
SZ004363,2021-03-17,2021,3,Jammu and Kashmir,Jammu,34.355,76.6106,MDMA,6.57,NCB
SZ004364,2024-12-08,2024,12,Tamil Nadu,Madurai,11.3963,78.732,Heroin,0.06,NCB
SZ004365,2021-08-26,2021,8,Gujarat,Porbandar,21.4859,70.8074,Opium,3.32,NCB
SZ004366,2018-11-05,2018,11,Rajasthan,Barmer,26.5106,74.4708,Methamphetamine,1.32,NCB
SZ004367,2019-04-23,2019,4,Jammu and Kashmir,Baramulla,33.5225,76.8372,Heroin,0.4,NCB
SZ004368,2024-12-08,2024,12,Maharashtra,Nagpur,19.0033,76.1963,Heroin,2.32,NCB
SZ004369,2024-10-25,2024,10,Rajasthan,Jodhpur,27.7705,74.1844,Cannabis (Ganja),40.62,BSF
SZ004370,2024-11-06,2024,11,Odisha,Koraput,21.4061,85.806,Pharmaceutical Opioids,17.5,Customs
SZ004371,2023-08-20,2023,8,Assam,Karimganj,26.8085,92.1559,Opium,5.55,Customs
SZ004372,2023-11-06,2023,11,Assam,Karimganj,26.455,93.362,Charas/Hashish,0.95,State Police
SZ004373,2022-05-06,2022,5,Assam,Karimganj,26.214,93.3183,Methamphetamine,0.6,State Police
SZ004374,2024-01-24,2024,1,Assam,Dibrugarh,26.3957,93.5033,Heroin,3.98,NCB
SZ004375,2021-08-03,2021,8,Rajasthan,Jodhpur,26.3085,73.5141,Pharmaceutical Opioids,1.81,NCB
SZ004376,2020-01-03,2020,1,Rajasthan,Barmer,27.1767,75.0028,Opium,4.01,DRI
SZ004377,2022-05-17,2022,5,Manipur,Imphal East,24.1792,93.7737,Methamphetamine,6.31,BSF
SZ004378,2023-12-20,2023,12,Assam,Cachar,26.3541,92.3209,Charas/Hashish,1.84,State Police
SZ004379,2023-11-10,2023,11,Rajasthan,Jodhpur,27.3855,73.9565,Methamphetamine,8.74,State Police
SZ004380,2020-02-16,2020,2,Assam,Guwahati,26.9365,92.6628,Cannabis (Ganja),71.04,NCB
SZ004381,2019-11-23,2019,11,Gujarat,Kutch,22.7029,71.1148,MDMA,0.88,NCB
SZ004382,2021-08-02,2021,8,Jammu and Kashmir,Poonch,33.9954,76.3565,Cocaine,0.83,Customs
SZ004383,2019-06-12,2019,6,Maharashtra,Mumbai,18.9932,76.1278,MDMA,0.06,NCB
SZ004384,2022-02-14,2022,2,Delhi,North West Delhi,28.182,77.6216,Heroin,6.24,Customs
SZ004385,2022-10-02,2022,10,Gujarat,Porbandar,22.4521,71.449,Methamphetamine,4.24,Customs
SZ004386,2023-08-08,2023,8,Manipur,Chandel,23.9201,93.4302,Poppy Husk,48.25,BSF
SZ004387,2024-06-14,2024,6,Karnataka,Mysuru,15.2279,75.7326,Cannabis (Ganja),13.54,NCB
SZ004388,2020-04-07,2020,4,Rajasthan,Barmer,26.48,73.4412,Opium,5.94,State Police
SZ004389,2022-06-17,2022,6,Karnataka,Bengaluru Urban,15.8805,75.7876,Methamphetamine,1.02,State Police
SZ004390,2021-01-24,2021,1,Andhra Pradesh,Anantapur,15.2138,80.0686,Heroin,1.37,NCB
SZ004391,2019-11-16,2019,11,Manipur,Chandel,23.9479,93.584,Opium,3.09,NCB
SZ004392,2023-09-09,2023,9,Maharashtra,Mumbai,20.4709,76.1487,Charas/Hashish,2.68,State Police
SZ004393,2018-04-07,2018,4,Tamil Nadu,Madurai,10.9725,79.0031,Opium,10.91,BSF
SZ004394,2022-09-17,2022,9,Jammu and Kashmir,Jammu,34.1611,75.958,Charas/Hashish,2.6,BSF
SZ004395,2020-03-23,2020,3,Maharashtra,Mumbai,19.4991,75.9602,Cannabis (Ganja),369.69,State Police
SZ004396,2020-11-10,2020,11,Telangana,Khammam,18.6498,78.5576,Heroin,7.19,DRI
SZ004397,2023-10-12,2023,10,Punjab,Ferozepur,30.4291,75.171,Charas/Hashish,16.19,Customs
SZ004398,2023-06-09,2023,6,Rajasthan,Bikaner,26.3451,74.4194,Cannabis (Ganja),72.13,BSF
SZ004399,2018-04-11,2018,4,Rajasthan,Barmer,26.8088,73.658,Methamphetamine,5.81,NCB
SZ004400,2021-08-25,2021,8,Delhi,North West Delhi,28.6695,77.6881,Cannabis (Ganja),91.06,BSF
SZ004401,2020-05-20,2020,5,Bihar,Muzaffarpur,25.8391,85.4795,Cannabis (Ganja),105.81,State Police
SZ004402,2022-04-06,2022,4,Gujarat,Porbandar,22.8207,71.0016,Heroin,0.22,BSF
SZ004403,2023-09-20,2023,9,Mizoram,Aizawl,22.6001,92.8529,Heroin,1.37,NCB
SZ004404,2020-08-27,2020,8,Odisha,Ganjam,21.2519,84.3634,MDMA,1.79,NCB
SZ004405,2018-11-23,2018,11,Manipur,Chandel,25.347,94.6055,MDMA,0.1,NCB
SZ004406,2019-06-12,2019,6,West Bengal,North 24 Parganas,23.6898,88.6511,Pharmaceutical Opioids,0.98,Customs
SZ004407,2021-04-09,2021,4,Delhi,South Delhi,28.9617,76.3332,Heroin,0.86,NCB
SZ004408,2019-02-09,2019,2,Odisha,Bhubaneswar,20.5115,84.5019,Heroin,0.28,State Police
SZ004409,2023-04-15,2023,4,Rajasthan,Bikaner,27.4796,74.3915,Cannabis (Ganja),125.26,State Police
SZ004410,2021-03-15,2021,3,Punjab,Ludhiana,30.5295,76.1068,Poppy Husk,99.33,Customs
SZ004411,2020-11-04,2020,11,Andhra Pradesh,Anantapur,16.2447,80.2357,Ketamine,1.35,BSF
SZ004412,2022-11-03,2022,11,Gujarat,Porbandar,22.4587,71.7522,Ketamine,4.62,State Police
SZ004413,2022-06-03,2022,6,Mizoram,Aizawl,22.9169,92.832,MDMA,0.11,NCB
SZ004414,2021-08-01,2021,8,Kerala,Kozhikode,11.213,75.7575,Cocaine,0.76,NCB
SZ004415,2023-06-22,2023,6,Punjab,Ludhiana,31.1215,75.8145,Heroin,1.24,NCB
SZ004416,2022-10-17,2022,10,Tamil Nadu,Madurai,10.6302,79.2108,Cannabis (Ganja),5.97,State Police
SZ004417,2018-07-27,2018,7,Assam,Dibrugarh,26.8736,92.2562,Opium,5.64,Customs
SZ004418,2024-01-23,2024,1,Maharashtra,Pune,20.4846,75.8826,Cannabis (Ganja),145.6,NCB
SZ004419,2020-05-21,2020,5,Karnataka,Mysuru,15.1446,75.3575,Poppy Husk,15.8,BSF
SZ004420,2024-09-02,2024,9,Bihar,Bhagalpur,24.567,84.6903,Heroin,2.05,NCB
SZ004421,2023-09-18,2023,9,Tamil Nadu,Madurai,10.8308,78.8365,Methamphetamine,3.3,Customs
SZ004422,2023-04-16,2023,4,Rajasthan,Jaisalmer,27.356,74.3536,Cocaine,2.12,NCB
SZ004423,2024-11-13,2024,11,Mizoram,Lunglei,23.5871,92.5291,MDMA,0.93,State Police
SZ004424,2022-05-17,2022,5,Assam,Dibrugarh,26.7245,93.4686,Poppy Husk,103.86,Customs
SZ004425,2024-04-20,2024,4,Andhra Pradesh,Guntur,15.9856,79.4501,Methamphetamine,1.39,Customs
SZ004426,2018-08-04,2018,8,Bihar,Gaya,25.4693,85.8101,Pharmaceutical Opioids,6.87,Customs
SZ004427,2024-09-19,2024,9,Punjab,Gurdaspur,31.9459,74.8733,Methamphetamine,2.41,NCB
SZ004428,2024-02-16,2024,2,Gujarat,Porbandar,22.8597,70.4903,Cannabis (Ganja),30.34,State Police
SZ004429,2022-10-24,2022,10,West Bengal,North 24 Parganas,22.3195,87.7083,Heroin,7.46,State Police
SZ004430,2024-04-25,2024,4,Assam,Dibrugarh,26.5403,93.6714,Cannabis (Ganja),242.92,NCB
SZ004431,2020-05-25,2020,5,West Bengal,North 24 Parganas,23.4345,87.1989,Cannabis (Ganja),13.75,NCB
SZ004432,2022-03-18,2022,3,Assam,Karimganj,25.62,92.3607,Poppy Husk,196.62,State Police
SZ004433,2021-11-15,2021,11,Uttar Pradesh,Ghaziabad,27.1922,80.9938,Ketamine,3.04,NCB
SZ004434,2018-05-15,2018,5,Assam,Cachar,25.5096,92.1901,Ketamine,1.73,BSF
SZ004435,2023-07-15,2023,7,Gujarat,Kutch,22.6578,70.4924,Methamphetamine,0.5,NCB
SZ004436,2024-02-15,2024,2,Maharashtra,Pune,20.241,75.7921,MDMA,0.32,State Police
SZ004437,2024-04-12,2024,4,Odisha,Cuttack,20.441,85.39,Heroin,10.1,Coast Guard
SZ004438,2018-04-21,2018,4,Gujarat,Bhavnagar,22.679,70.7961,Charas/Hashish,5.26,NCB
SZ004439,2022-09-03,2022,9,Haryana,Sirsa,28.545,75.7993,Poppy Husk,89.98,Customs
SZ004440,2020-09-15,2020,9,Gujarat,Porbandar,22.5074,70.9997,Cocaine,0.17,NCB
SZ004441,2023-12-05,2023,12,Punjab,Tarn Taran,31.2165,75.6602,Cannabis (Ganja),2.62,NCB
SZ004442,2020-02-07,2020,2,Jammu and Kashmir,Srinagar,34.3397,76.5481,Heroin,1.02,Customs
SZ004443,2021-04-14,2021,4,Gujarat,Kutch,23.0534,71.4565,Heroin,0.23,NCB
SZ004444,2020-06-22,2020,6,Karnataka,Mysuru,16.0629,75.1752,Pharmaceutical Opioids,0.35,NCB
SZ004445,2019-09-26,2019,9,West Bengal,Malda,22.6992,87.3341,Cannabis (Ganja),91.47,DRI
SZ004446,2024-07-03,2024,7,Karnataka,Bengaluru Urban,15.5031,75.9263,Heroin,4.56,NCB
SZ004447,2020-06-27,2020,6,Bihar,Muzaffarpur,25.8976,85.3941,Heroin,0.8,NCB
SZ004448,2019-09-25,2019,9,Maharashtra,Nagpur,20.4729,75.5066,MDMA,1.86,BSF
SZ004449,2024-11-24,2024,11,Manipur,Chandel,24.3222,93.4667,Heroin,0.22,State Police
SZ004450,2018-04-25,2018,4,Mizoram,Champhai,22.3735,93.7184,Heroin,1.56,State Police
SZ004451,2020-02-09,2020,2,Gujarat,Ahmedabad,22.0433,70.5777,Opium,11.22,State Police
SZ004452,2023-04-06,2023,4,Manipur,Chandel,25.0472,93.906,Heroin,10.42,Customs
SZ004453,2020-11-11,2020,11,Madhya Pradesh,Gwalior,23.056,77.8916,Methamphetamine,5.67,State Police
SZ004454,2024-06-12,2024,6,Karnataka,Belagavi,16.0531,75.8534,Poppy Husk,156.02,Customs
SZ004455,2018-12-10,2018,12,Assam,Guwahati,26.3114,92.9777,Ketamine,0.76,Coast Guard
SZ004456,2019-08-19,2019,8,Jammu and Kashmir,Jammu,33.3006,76.2163,Opium,9.76,State Police
SZ004457,2019-09-05,2019,9,Punjab,Tarn Taran,31.7757,76.1196,Ketamine,3.86,Customs
SZ004458,2021-01-22,2021,1,West Bengal,Nadia,22.9901,87.4263,Methamphetamine,4.81,Customs
SZ004459,2018-01-15,2018,1,Jammu and Kashmir,Jammu,33.7493,76.6142,Heroin,4.81,NCB
SZ004460,2022-06-11,2022,6,Rajasthan,Bikaner,27.5197,74.0695,MDMA,1.13,State Police
SZ004461,2021-09-11,2021,9,Rajasthan,Kota,26.8776,74.5031,Cocaine,0.63,BSF
SZ004462,2022-04-05,2022,4,Delhi,East Delhi,29.1298,76.935,Pharmaceutical Opioids,2.55,BSF
SZ004463,2022-02-17,2022,2,Tamil Nadu,Chennai,11.1213,78.3431,MDMA,0.94,BSF
SZ004464,2021-02-20,2021,2,Bihar,Gaya,25.8105,85.688,Cannabis (Ganja),61.35,NCB
SZ004465,2019-05-15,2019,5,Manipur,Churachandpur,25.2179,93.3216,Heroin,1.67,State Police
SZ004466,2020-05-12,2020,5,West Bengal,Nadia,23.1011,88.1053,Opium,2.33,NCB
SZ004467,2021-08-12,2021,8,Maharashtra,Pune,20.3894,76.3438,Heroin,0.13,State Police
SZ004468,2024-02-07,2024,2,Kerala,Kollam,10.622,76.9836,Cocaine,2.61,DRI
SZ004469,2024-01-14,2024,1,Manipur,Chandel,24.9594,93.3338,Heroin,4.97,NCB
SZ004470,2024-05-11,2024,5,Bihar,Muzaffarpur,25.1122,84.9907,Heroin,0.92,State Police
SZ004471,2024-10-18,2024,10,Punjab,Amritsar,30.9343,75.1628,Cannabis (Ganja),196.14,Customs
SZ004472,2023-05-07,2023,5,Madhya Pradesh,Neemuch,23.1755,78.4475,Cocaine,0.42,Customs
SZ004473,2024-04-15,2024,4,Haryana,Gurugram,28.7709,75.6153,Opium,13.25,NCB
SZ004474,2019-07-14,2019,7,Tamil Nadu,Madurai,10.6008,79.0351,Pharmaceutical Opioids,13.47,NCB
SZ004475,2019-01-17,2019,1,Karnataka,Mysuru,14.8639,75.4878,Cannabis (Ganja),18.91,Coast Guard
SZ004476,2018-03-24,2018,3,Rajasthan,Bikaner,26.2644,74.8593,Cannabis (Ganja),10.35,State Police
SZ004477,2021-08-14,2021,8,West Bengal,North 24 Parganas,23.5402,87.0754,Pharmaceutical Opioids,5.75,State Police
SZ004478,2019-12-05,2019,12,Assam,Dibrugarh,26.7175,92.1842,Heroin,1.06,State Police
SZ004479,2019-08-26,2019,8,Punjab,Tarn Taran,30.9552,75.5529,Charas/Hashish,0.5,BSF
SZ004480,2021-08-16,2021,8,West Bengal,Kolkata,23.1023,87.8475,Charas/Hashish,10.08,Customs
SZ004481,2022-02-13,2022,2,Uttar Pradesh,Agra,27.0852,81.7477,Methamphetamine,5.86,NCB
SZ004482,2020-11-22,2020,11,Mizoram,Lunglei,22.6167,92.2471,Cannabis (Ganja),220.6,NCB
SZ004483,2019-11-27,2019,11,Maharashtra,Mumbai,19.892,75.0441,Ketamine,1.69,BSF
SZ004484,2018-05-18,2018,5,Mizoram,Aizawl,23.0131,92.953,Cannabis (Ganja),103.87,State Police
SZ004485,2018-10-01,2018,10,Rajasthan,Bikaner,27.1185,74.4558,Heroin,1.23,Customs
SZ004486,2024-10-26,2024,10,Mizoram,Lunglei,22.4115,93.2853,Poppy Husk,77.18,NCB
SZ004487,2023-01-05,2023,1,Kerala,Thiruvananthapuram,10.3087,76.2825,Ketamine,1.56,State Police
SZ004488,2021-07-15,2021,7,Jammu and Kashmir,Srinagar,33.0605,77.3287,Cannabis (Ganja),362.13,State Police
SZ004489,2019-10-13,2019,10,Bihar,Bhagalpur,24.3255,85.8331,Cannabis (Ganja),42.87,State Police
SZ004490,2021-07-04,2021,7,Assam,Cachar,26.8273,93.2619,Cannabis (Ganja),23.44,NCB
SZ004491,2018-07-03,2018,7,Andhra Pradesh,Anantapur,16.4379,79.9131,Heroin,2.84,NCB
SZ004492,2021-03-08,2021,3,Delhi,New Delhi,27.932,77.2406,Opium,0.35,NCB
SZ004493,2022-10-06,2022,10,Andhra Pradesh,Visakhapatnam,16.1356,80.2287,Cocaine,2.18,State Police
SZ004494,2020-06-16,2020,6,Manipur,Chandel,24.6731,94.359,Cannabis (Ganja),6.65,Coast Guard
SZ004495,2024-01-13,2024,1,West Bengal,North 24 Parganas,22.2334,88.5812,Ketamine,6.89,NCB
SZ004496,2022-01-13,2022,1,Rajasthan,Bikaner,26.2267,74.4485,Methamphetamine,9.82,BSF
SZ004497,2020-02-07,2020,2,Bihar,Muzaffarpur,25.0751,84.9896,Methamphetamine,4.63,Customs
SZ004498,2021-10-04,2021,10,Karnataka,Bengaluru Urban,15.4545,76.1164,Charas/Hashish,3.08,NCB
SZ004499,2020-02-22,2020,2,Delhi,East Delhi,29.2372,76.9124,Charas/Hashish,1.84,NCB
SZ004500,2019-06-19,2019,6,Punjab,Amritsar,31.7231,74.9445,Cocaine,3.36,State Police
SZ004501,2020-03-04,2020,3,Gujarat,Surat,22.0964,71.8103,MDMA,0.94,Customs
SZ004502,2021-12-10,2021,12,Andhra Pradesh,Guntur,15.9795,79.0373,Methamphetamine,1.61,State Police
SZ004503,2021-01-27,2021,1,Assam,Cachar,25.9035,92.1869,MDMA,2.02,BSF
SZ004504,2023-09-10,2023,9,Bihar,Patna,25.0895,85.0806,Heroin,4.0,Customs
SZ004505,2024-01-08,2024,1,Odisha,Bhubaneswar,21.0336,85.2505,Heroin,0.39,NCB
SZ004506,2021-08-12,2021,8,Mizoram,Champhai,23.7747,92.6912,Poppy Husk,89.5,NCB
SZ004507,2018-12-25,2018,12,Rajasthan,Bikaner,26.8213,73.4527,Cannabis (Ganja),87.51,State Police
SZ004508,2024-03-27,2024,3,Jammu and Kashmir,Srinagar,33.0913,77.1673,Cannabis (Ganja),24.18,Customs
SZ004509,2021-06-09,2021,6,West Bengal,Kolkata,22.5265,87.2484,Cannabis (Ganja),93.02,NCB
SZ004510,2024-11-21,2024,11,Telangana,Warangal,17.5068,78.3682,MDMA,0.18,NCB
SZ004511,2024-01-27,2024,1,Kerala,Kollam,11.3679,76.3722,Heroin,14.91,NCB
SZ004512,2022-10-21,2022,10,Uttar Pradesh,Ghaziabad,26.4512,81.7471,Cannabis (Ganja),231.2,NCB
SZ004513,2023-02-24,2023,2,Madhya Pradesh,Indore,23.7699,79.4137,Cannabis (Ganja),29.56,Customs
SZ004514,2019-05-12,2019,5,Uttar Pradesh,Agra,26.0769,81.5965,Methamphetamine,0.59,Customs
SZ004515,2021-12-24,2021,12,Andhra Pradesh,Visakhapatnam,15.1427,79.4691,Pharmaceutical Opioids,10.73,State Police
SZ004516,2019-04-01,2019,4,Rajasthan,Barmer,27.1544,73.9899,Methamphetamine,0.05,Coast Guard
SZ004517,2024-10-03,2024,10,Odisha,Cuttack,20.754,85.3429,Methamphetamine,16.16,State Police
SZ004518,2021-05-06,2021,5,Haryana,Gurugram,29.0096,76.2196,Charas/Hashish,4.01,BSF
SZ004519,2023-12-06,2023,12,Maharashtra,Nashik,20.2321,75.1394,Cannabis (Ganja),70.08,State Police
SZ004520,2022-03-05,2022,3,Maharashtra,Mumbai,19.8103,75.2929,Cannabis (Ganja),8.86,Customs
SZ004521,2024-08-19,2024,8,Karnataka,Bengaluru Urban,15.5759,76.065,Heroin,1.16,DRI
SZ004522,2019-06-23,2019,6,Punjab,Ludhiana,31.124,75.9058,Pharmaceutical Opioids,21.18,State Police
SZ004523,2020-12-07,2020,12,Karnataka,Mangaluru,14.5452,75.714,Pharmaceutical Opioids,3.2,State Police
SZ004524,2023-01-07,2023,1,Gujarat,Porbandar,22.3143,71.7593,Heroin,2.11,State Police
SZ004525,2020-01-12,2020,1,Bihar,Patna,25.5561,85.0517,MDMA,2.85,BSF
SZ004526,2024-07-08,2024,7,Madhya Pradesh,Indore,22.9581,79.1063,Heroin,1.94,NCB
SZ004527,2021-03-16,2021,3,Assam,Guwahati,26.3201,92.149,Pharmaceutical Opioids,6.02,NCB
SZ004528,2018-02-15,2018,2,Mizoram,Aizawl,23.7493,93.3537,Heroin,1.52,NCB
SZ004529,2021-02-08,2021,2,Mizoram,Aizawl,23.6825,92.7895,Heroin,1.68,NCB
SZ004530,2019-05-22,2019,5,Haryana,Gurugram,29.5177,75.7323,Heroin,5.03,DRI
SZ004531,2023-11-09,2023,11,Rajasthan,Jaisalmer,27.137,74.3515,Opium,0.35,State Police
SZ004532,2024-01-15,2024,1,Madhya Pradesh,Bhopal,23.767,79.2327,Methamphetamine,0.27,BSF
SZ004533,2019-04-15,2019,4,Karnataka,Belagavi,15.1119,76.0747,Heroin,0.36,State Police
SZ004534,2023-03-09,2023,3,Gujarat,Surat,21.7126,70.9103,Cannabis (Ganja),82.64,NCB
SZ004535,2021-04-10,2021,4,Punjab,Tarn Taran,30.397,74.6602,Heroin,2.89,State Police
SZ004536,2023-01-21,2023,1,Mizoram,Lunglei,22.5224,92.3193,Pharmaceutical Opioids,2.3,State Police
SZ004537,2021-08-18,2021,8,Assam,Dibrugarh,26.9811,92.8504,Charas/Hashish,3.11,NCB
SZ004538,2020-12-24,2020,12,Delhi,East Delhi,27.9321,77.6291,Poppy Husk,131.43,State Police
SZ004539,2019-04-20,2019,4,Kerala,Kozhikode,10.2088,76.212,Heroin,3.43,Customs
SZ004540,2024-11-04,2024,11,Punjab,Ferozepur,31.7019,74.5566,Cocaine,0.77,State Police
SZ004541,2023-02-04,2023,2,Haryana,Sirsa,29.593,76.7378,Cannabis (Ganja),6.74,NCB
SZ004542,2023-05-16,2023,5,Bihar,Muzaffarpur,25.0939,86.0572,Methamphetamine,0.08,Customs
SZ004543,2019-08-06,2019,8,Maharashtra,Mumbai,19.7489,75.4057,Heroin,1.4,Customs
SZ004544,2021-08-06,2021,8,Jammu and Kashmir,Srinagar,33.8594,76.1314,Poppy Husk,5.49,BSF
SZ004545,2024-12-05,2024,12,Delhi,New Delhi,29.4244,76.6579,MDMA,3.69,Coast Guard
SZ004546,2020-02-11,2020,2,Rajasthan,Bikaner,27.1076,74.4336,Poppy Husk,151.41,Customs
SZ004547,2022-07-14,2022,7,Rajasthan,Bikaner,26.5568,74.514,Poppy Husk,169.62,State Police
SZ004548,2024-06-01,2024,6,Kerala,Kollam,11.601,76.1584,Ketamine,1.74,BSF
SZ004549,2018-07-03,2018,7,Gujarat,Bhavnagar,22.5486,70.5803,Pharmaceutical Opioids,7.65,DRI
SZ004550,2022-05-08,2022,5,Delhi,North West Delhi,28.5251,76.3072,MDMA,1.28,State Police
SZ004551,2023-12-19,2023,12,Maharashtra,Pune,19.6729,76.3649,Cannabis (Ganja),45.36,NCB
SZ004552,2020-06-14,2020,6,Delhi,East Delhi,28.9421,76.7895,Pharmaceutical Opioids,1.68,NCB
SZ004553,2024-10-12,2024,10,Haryana,Gurugram,29.2504,75.3544,Methamphetamine,1.78,NCB
SZ004554,2023-04-22,2023,4,Gujarat,Surat,22.7042,70.5715,Cocaine,1.75,BSF
SZ004555,2019-09-03,2019,9,Uttar Pradesh,Lucknow,26.2055,81.0273,Charas/Hashish,2.41,NCB
SZ004556,2021-07-12,2021,7,Jammu and Kashmir,Jammu,33.0913,76.9048,Opium,1.94,BSF
SZ004557,2019-01-02,2019,1,Manipur,Imphal East,25.3574,94.4908,Heroin,0.07,State Police
SZ004558,2022-02-23,2022,2,Punjab,Tarn Taran,31.7975,75.7687,Cannabis (Ganja),47.11,State Police
SZ004559,2024-08-25,2024,8,Jammu and Kashmir,Jammu,33.6326,76.3396,Cannabis (Ganja),198.12,Customs
SZ004560,2020-11-12,2020,11,West Bengal,Kolkata,22.9148,87.476,Methamphetamine,6.97,NCB
SZ004561,2022-10-20,2022,10,Madhya Pradesh,Gwalior,22.9442,78.5983,Heroin,3.53,NCB
SZ004562,2024-03-16,2024,3,Rajasthan,Jodhpur,27.5325,73.7656,Ketamine,7.36,NCB
SZ004563,2018-07-12,2018,7,West Bengal,North 24 Parganas,23.7664,87.9491,Heroin,0.15,NCB
SZ004564,2024-09-26,2024,9,Rajasthan,Kota,27.2529,73.5979,Cannabis (Ganja),42.28,State Police
SZ004565,2022-03-02,2022,3,Gujarat,Ahmedabad,22.2403,71.8816,Opium,18.27,State Police
SZ004566,2021-09-24,2021,9,Mizoram,Aizawl,22.5487,93.0646,Methamphetamine,0.45,Customs
SZ004567,2022-07-20,2022,7,Rajasthan,Bikaner,27.2168,74.6451,Methamphetamine,0.7,DRI
SZ004568,2020-12-20,2020,12,West Bengal,North 24 Parganas,22.7701,87.3039,MDMA,0.9,Customs
SZ004569,2022-02-12,2022,2,Manipur,Churachandpur,25.3573,94.6446,Heroin,7.36,NCB
SZ004570,2021-07-09,2021,7,Gujarat,Bhavnagar,22.6892,71.4047,Charas/Hashish,2.61,BSF
SZ004571,2018-07-25,2018,7,Tamil Nadu,Madurai,10.7011,78.9129,Methamphetamine,2.77,NCB
SZ004572,2019-11-17,2019,11,Karnataka,Belagavi,15.801,75.3692,Cannabis (Ganja),65.44,NCB
SZ004573,2021-01-26,2021,1,Punjab,Gurdaspur,31.7578,74.8943,Cannabis (Ganja),132.66,BSF
SZ004574,2022-12-20,2022,12,Telangana,Hyderabad,18.8459,79.7324,Charas/Hashish,1.69,NCB
SZ004575,2021-01-10,2021,1,Gujarat,Bhavnagar,22.7969,70.9975,Heroin,2.8,State Police
SZ004576,2018-01-14,2018,1,Manipur,Chandel,24.3562,94.394,Heroin,8.92,State Police
SZ004577,2023-09-17,2023,9,Haryana,Karnal,29.4152,76.3977,Charas/Hashish,3.19,NCB
SZ004578,2018-11-01,2018,11,Punjab,Ferozepur,31.1578,74.677,Methamphetamine,8.1,Customs
SZ004579,2023-03-22,2023,3,Punjab,Ferozepur,31.0004,75.5054,Heroin,1.16,NCB
SZ004580,2020-10-16,2020,10,Assam,Karimganj,25.7134,92.2762,Methamphetamine,8.2,NCB
SZ004581,2018-04-11,2018,4,Rajasthan,Jodhpur,26.7904,74.5508,MDMA,4.04,State Police
SZ004582,2018-02-24,2018,2,Odisha,Ganjam,20.7753,84.6957,Cannabis (Ganja),71.29,DRI
SZ004583,2024-11-13,2024,11,Odisha,Koraput,20.39,84.7307,MDMA,5.98,State Police
SZ004584,2023-05-10,2023,5,West Bengal,Malda,22.7852,88.1491,MDMA,1.12,BSF
SZ004585,2023-05-24,2023,5,Delhi,North West Delhi,28.2225,76.6941,Heroin,4.97,BSF
SZ004586,2021-06-11,2021,6,West Bengal,North 24 Parganas,23.6451,87.1316,Heroin,0.29,NCB
SZ004587,2023-11-14,2023,11,Kerala,Thiruvananthapuram,11.1701,76.7945,Cannabis (Ganja),278.31,State Police
SZ004588,2024-09-10,2024,9,Karnataka,Bengaluru Urban,15.6992,75.2951,Cannabis (Ganja),3.83,NCB
SZ004589,2021-09-07,2021,9,West Bengal,Malda,23.1777,88.0478,Heroin,7.14,Customs
SZ004590,2023-05-22,2023,5,West Bengal,Nadia,23.3195,87.7039,Poppy Husk,1686.19,Customs
SZ004591,2024-05-27,2024,5,Punjab,Ferozepur,30.9354,75.834,Heroin,9.06,NCB
SZ004592,2023-05-17,2023,5,Assam,Karimganj,26.6698,92.7175,Cannabis (Ganja),138.4,NCB
SZ004593,2020-05-23,2020,5,Odisha,Ganjam,21.6745,85.4415,Charas/Hashish,16.38,NCB
SZ004594,2019-02-18,2019,2,Delhi,South Delhi,28.6163,76.4687,Opium,18.93,State Police
SZ004595,2020-03-11,2020,3,Delhi,East Delhi,29.196,77.7171,Heroin,1.2,NCB
SZ004596,2024-08-27,2024,8,Manipur,Imphal East,25.2522,94.2406,MDMA,0.62,NCB
SZ004597,2024-12-12,2024,12,Punjab,Ferozepur,31.4722,75.2539,Cocaine,0.7,NCB
SZ004598,2021-12-26,2021,12,Manipur,Imphal West,24.3055,93.589,Pharmaceutical Opioids,0.81,NCB
SZ004599,2018-06-25,2018,6,Mizoram,Champhai,23.4885,92.685,Methamphetamine,1.02,State Police
SZ004600,2019-01-13,2019,1,Manipur,Chandel,24.8625,94.4596,Poppy Husk,242.51,Coast Guard
SZ004601,2019-02-07,2019,2,Jammu and Kashmir,Baramulla,34.5228,76.8405,Poppy Husk,227.45,NCB
SZ004602,2023-11-15,2023,11,Jammu and Kashmir,Poonch,33.9652,76.4412,Methamphetamine,13.66,State Police
SZ004603,2018-01-05,2018,1,West Bengal,North 24 Parganas,22.9901,87.8605,Opium,10.42,NCB
SZ004604,2023-04-19,2023,4,Karnataka,Bengaluru Urban,15.3207,76.1269,Heroin,11.68,NCB
SZ004605,2024-12-18,2024,12,Kerala,Kochi,10.4447,76.3419,Heroin,5.48,Customs
SZ004606,2024-11-26,2024,11,Kerala,Kollam,11.4644,76.6275,Cannabis (Ganja),103.2,NCB
SZ004607,2018-06-09,2018,6,Gujarat,Kutch,22.4465,70.5681,Heroin,1.99,BSF
SZ004608,2020-04-14,2020,4,Rajasthan,Barmer,27.3609,73.9662,Opium,7.94,NCB
SZ004609,2024-02-25,2024,2,Manipur,Chandel,25.0126,93.7988,Heroin,3.09,DRI
SZ004610,2019-02-22,2019,2,Mizoram,Champhai,22.3708,93.1148,Pharmaceutical Opioids,2.69,Customs
SZ004611,2019-12-02,2019,12,Maharashtra,Mumbai,19.7522,74.9549,Ketamine,0.79,State Police
SZ004612,2023-07-14,2023,7,Mizoram,Lunglei,22.4417,92.9861,Cannabis (Ganja),26.38,BSF
SZ004613,2024-05-22,2024,5,Kerala,Kochi,10.3191,76.8433,Poppy Husk,238.49,State Police
SZ004614,2023-01-05,2023,1,Jammu and Kashmir,Srinagar,33.8785,76.4571,Heroin,2.6,NCB
SZ004615,2018-07-18,2018,7,Gujarat,Kutch,22.4522,70.6463,Heroin,10.56,Customs
SZ004616,2021-07-07,2021,7,Mizoram,Champhai,22.5955,93.1379,Cannabis (Ganja),190.96,NCB
SZ004617,2018-07-15,2018,7,Manipur,Churachandpur,25.3336,94.2268,Charas/Hashish,2.03,BSF
SZ004618,2018-12-24,2018,12,Haryana,Karnal,29.2776,75.8436,Poppy Husk,132.68,NCB
SZ004619,2021-01-23,2021,1,Maharashtra,Mumbai,19.068,76.4552,Heroin,5.19,Coast Guard
SZ004620,2023-10-23,2023,10,Punjab,Ludhiana,31.0995,74.9231,MDMA,5.62,BSF
SZ004621,2022-04-02,2022,4,Madhya Pradesh,Indore,22.3044,78.5874,Charas/Hashish,5.04,NCB
SZ004622,2021-08-10,2021,8,Punjab,Gurdaspur,31.159,74.9722,Cannabis (Ganja),27.61,NCB
SZ004623,2021-08-05,2021,8,Karnataka,Belagavi,15.0911,76.1722,Cannabis (Ganja),16.71,State Police
SZ004624,2024-11-07,2024,11,Karnataka,Mangaluru,15.4172,75.7151,Pharmaceutical Opioids,12.92,State Police
SZ004625,2020-01-02,2020,1,Punjab,Amritsar,31.9154,74.8794,Heroin,0.23,DRI
SZ004626,2019-05-04,2019,5,Mizoram,Aizawl,22.688,93.4648,Cannabis (Ganja),40.07,State Police
SZ004627,2022-07-04,2022,7,Mizoram,Lunglei,23.9185,93.7362,Charas/Hashish,15.18,Customs
SZ004628,2021-04-15,2021,4,Karnataka,Belagavi,15.8412,75.5085,Cannabis (Ganja),67.36,State Police
SZ004629,2022-03-08,2022,3,Karnataka,Mysuru,14.5604,74.9203,Heroin,3.15,State Police
SZ004630,2020-07-17,2020,7,Andhra Pradesh,Anantapur,15.6901,80.0715,Heroin,10.03,NCB
SZ004631,2024-07-24,2024,7,Madhya Pradesh,Gwalior,22.3426,78.9602,Ketamine,4.62,NCB
SZ004632,2020-12-21,2020,12,Karnataka,Mysuru,15.6954,75.9741,Charas/Hashish,12.55,Customs
SZ004633,2023-08-13,2023,8,Odisha,Koraput,21.0137,85.741,Heroin,6.3,DRI
SZ004634,2022-04-21,2022,4,Bihar,Gaya,25.5488,85.7604,Cannabis (Ganja),3.58,NCB
SZ004635,2020-11-19,2020,11,Bihar,Muzaffarpur,24.6715,85.3781,Ketamine,0.31,Coast Guard
SZ004636,2022-03-23,2022,3,Karnataka,Bengaluru Urban,14.7883,75.6139,Methamphetamine,6.93,State Police
SZ004637,2019-05-06,2019,5,Punjab,Gurdaspur,30.6546,75.7989,Opium,4.97,Coast Guard
SZ004638,2019-04-18,2019,4,Odisha,Bhubaneswar,20.3627,84.9936,Methamphetamine,1.04,State Police
SZ004639,2021-03-03,2021,3,Rajasthan,Bikaner,27.4781,73.9829,Charas/Hashish,41.82,Customs
SZ004640,2022-04-18,2022,4,Tamil Nadu,Madurai,10.5406,78.4373,Cocaine,1.32,Coast Guard
SZ004641,2024-02-19,2024,2,Mizoram,Aizawl,22.8272,92.9659,Charas/Hashish,17.93,DRI
SZ004642,2020-04-25,2020,4,Maharashtra,Thane,19.5093,74.9174,Cannabis (Ganja),205.35,DRI
SZ004643,2018-09-13,2018,9,Gujarat,Kutch,23.0066,70.4624,Cannabis (Ganja),350.43,State Police
SZ004644,2024-11-10,2024,11,Tamil Nadu,Madurai,11.4809,78.471,Poppy Husk,72.15,State Police
SZ004645,2020-09-18,2020,9,Tamil Nadu,Madurai,11.236,78.3841,MDMA,1.93,NCB
SZ004646,2021-06-18,2021,6,Punjab,Gurdaspur,30.8596,75.8326,Methamphetamine,0.53,NCB
SZ004647,2024-08-20,2024,8,Telangana,Khammam,17.7389,79.5004,Poppy Husk,281.01,NCB
SZ004648,2020-06-22,2020,6,Assam,Karimganj,25.7951,93.7361,Methamphetamine,8.92,Coast Guard
SZ004649,2020-02-22,2020,2,Uttar Pradesh,Varanasi,26.7388,81.2181,Opium,0.75,State Police
SZ004650,2019-11-15,2019,11,Jammu and Kashmir,Srinagar,33.7363,77.2726,Pharmaceutical Opioids,10.59,State Police
SZ004651,2019-12-08,2019,12,Bihar,Patna,25.5684,85.0631,Cocaine,1.45,State Police
SZ004652,2024-06-07,2024,6,Karnataka,Belagavi,15.4842,74.9376,Heroin,5.86,State Police
SZ004653,2020-12-09,2020,12,Haryana,Sirsa,29.4731,75.7219,Charas/Hashish,2.54,State Police
SZ004654,2019-05-11,2019,5,Gujarat,Ahmedabad,22.5532,70.8461,Poppy Husk,17.82,BSF
SZ004655,2020-12-07,2020,12,West Bengal,Malda,23.1266,88.3455,Heroin,3.77,NCB
SZ004656,2022-08-14,2022,8,Andhra Pradesh,Guntur,16.6244,80.1619,Methamphetamine,0.76,BSF
SZ004657,2024-10-16,2024,10,Delhi,East Delhi,28.5346,77.1132,Charas/Hashish,15.22,Customs
SZ004658,2019-12-11,2019,12,Madhya Pradesh,Bhopal,22.3158,79.0515,Cannabis (Ganja),26.67,BSF
SZ004659,2024-12-18,2024,12,Haryana,Gurugram,29.3446,76.8458,Cannabis (Ganja),17.48,NCB
SZ004660,2021-06-05,2021,6,Mizoram,Aizawl,23.0327,93.6791,MDMA,1.05,NCB
SZ004661,2021-10-19,2021,10,Uttar Pradesh,Varanasi,26.3104,81.5102,Charas/Hashish,2.86,NCB
SZ004662,2018-07-24,2018,7,Telangana,Nizamabad,18.3141,79.4723,Pharmaceutical Opioids,0.5,State Police
SZ004663,2024-02-08,2024,2,Jammu and Kashmir,Jammu,33.5229,76.5087,Cannabis (Ganja),205.14,NCB
SZ004664,2020-03-13,2020,3,Bihar,Muzaffarpur,25.5609,84.558,Pharmaceutical Opioids,8.42,BSF
SZ004665,2024-06-15,2024,6,Gujarat,Bhavnagar,22.2083,71.0135,Heroin,2.11,Coast Guard
SZ004666,2024-09-04,2024,9,Jammu and Kashmir,Srinagar,33.3648,76.5481,Methamphetamine,2.73,NCB
SZ004667,2023-02-24,2023,2,Rajasthan,Bikaner,26.329,73.7435,Heroin,5.14,BSF
SZ004668,2023-12-09,2023,12,Manipur,Churachandpur,24.1221,93.6694,Heroin,15.4,Customs
SZ004669,2024-12-19,2024,12,Assam,Dibrugarh,25.6348,93.0076,Cannabis (Ganja),137.98,State Police
SZ004670,2024-05-07,2024,5,Jammu and Kashmir,Srinagar,33.2198,76.0575,Heroin,7.13,NCB
SZ004671,2020-02-20,2020,2,Delhi,South Delhi,29.2085,77.3351,MDMA,0.99,State Police
SZ004672,2020-08-05,2020,8,Telangana,Hyderabad,17.7529,79.6724,Opium,2.82,BSF
SZ004673,2022-06-03,2022,6,Manipur,Imphal East,24.3739,93.4514,Cannabis (Ganja),32.73,State Police
SZ004674,2020-09-26,2020,9,Assam,Guwahati,25.7351,93.177,Methamphetamine,5.89,Customs
SZ004675,2019-08-19,2019,8,Assam,Karimganj,26.3435,93.5762,Pharmaceutical Opioids,0.66,NCB
SZ004676,2024-12-20,2024,12,Haryana,Sirsa,28.5336,76.4099,Methamphetamine,9.86,NCB
SZ004677,2023-07-05,2023,7,Jammu and Kashmir,Srinagar,33.6124,76.6245,Cannabis (Ganja),57.46,Customs
SZ004678,2020-10-09,2020,10,Gujarat,Kutch,22.0541,71.9249,Pharmaceutical Opioids,0.53,Coast Guard
SZ004679,2023-07-21,2023,7,Odisha,Cuttack,21.3146,85.5405,Pharmaceutical Opioids,14.21,Coast Guard
SZ004680,2019-12-21,2019,12,Tamil Nadu,Tirunelveli,10.4941,78.2445,Cannabis (Ganja),11.59,State Police
SZ004681,2024-08-18,2024,8,Gujarat,Bhavnagar,22.747,70.824,Heroin,2.07,NCB
SZ004682,2019-04-20,2019,4,Rajasthan,Jaisalmer,26.9391,74.4251,Methamphetamine,2.74,DRI
SZ004683,2024-10-09,2024,10,Kerala,Kollam,10.2438,76.1718,Heroin,7.6,Customs
SZ004684,2020-07-14,2020,7,Assam,Cachar,26.06,92.2333,Cannabis (Ganja),28.68,DRI
SZ004685,2024-11-07,2024,11,Manipur,Imphal West,23.9155,93.8895,Cannabis (Ganja),694.55,NCB
SZ004686,2023-04-17,2023,4,Kerala,Thiruvananthapuram,10.9686,76.4862,Cannabis (Ganja),37.24,BSF
SZ004687,2019-03-18,2019,3,Gujarat,Kutch,22.1331,71.9391,Pharmaceutical Opioids,7.77,NCB
SZ004688,2024-04-22,2024,4,Jammu and Kashmir,Baramulla,33.4463,75.9733,Cannabis (Ganja),192.09,NCB
SZ004689,2022-12-07,2022,12,Punjab,Ferozepur,30.6427,75.0022,Opium,14.6,State Police
SZ004690,2019-10-24,2019,10,Madhya Pradesh,Indore,22.4003,78.7398,Opium,13.91,State Police
SZ004691,2021-11-02,2021,11,Gujarat,Porbandar,22.9628,70.7789,Cannabis (Ganja),26.78,State Police
SZ004692,2019-07-12,2019,7,Kerala,Kochi,11.0966,75.5981,Cocaine,4.42,NCB
SZ004693,2024-05-24,2024,5,Delhi,South Delhi,28.0382,77.0737,Cannabis (Ganja),188.73,NCB
SZ004694,2020-04-15,2020,4,Madhya Pradesh,Bhopal,22.7321,78.6768,Opium,19.88,Coast Guard
SZ004695,2022-06-26,2022,6,Manipur,Chandel,24.6328,94.5868,Methamphetamine,0.05,State Police
SZ004696,2023-06-11,2023,6,Manipur,Imphal West,24.0587,93.1508,Charas/Hashish,3.74,Customs
SZ004697,2019-12-07,2019,12,Manipur,Imphal West,24.6655,93.3077,Cocaine,0.4,NCB
SZ004698,2022-01-06,2022,1,Mizoram,Aizawl,22.5869,93.6852,Cannabis (Ganja),47.61,Customs
SZ004699,2019-05-08,2019,5,Rajasthan,Kota,27.6277,74.7669,Pharmaceutical Opioids,1.89,Customs
SZ004700,2019-10-23,2019,10,Mizoram,Aizawl,22.4362,92.4487,MDMA,2.56,NCB
SZ004701,2024-07-01,2024,7,Gujarat,Surat,22.4839,71.0995,Opium,65.99,Coast Guard
SZ004702,2024-01-04,2024,1,Maharashtra,Nashik,19.6312,75.5975,Cocaine,1.11,NCB
SZ004703,2021-05-23,2021,5,Kerala,Kochi,10.2693,75.9209,Opium,38.62,NCB
SZ004704,2023-12-23,2023,12,Jammu and Kashmir,Poonch,33.5832,76.6605,Opium,7.69,NCB
SZ004705,2020-11-11,2020,11,West Bengal,Malda,22.6444,87.9046,Charas/Hashish,0.12,Customs
SZ004706,2019-05-02,2019,5,Uttar Pradesh,Ghaziabad,27.0854,80.5048,Methamphetamine,4.27,Customs
SZ004707,2021-01-23,2021,1,Delhi,North West Delhi,28.6303,77.279,Pharmaceutical Opioids,17.59,State Police
SZ004708,2018-05-19,2018,5,Mizoram,Lunglei,22.859,92.2633,Poppy Husk,12.26,State Police
SZ004709,2021-05-01,2021,5,Manipur,Chandel,25.1293,94.0398,Cannabis (Ganja),335.74,NCB
SZ004710,2020-08-02,2020,8,Haryana,Gurugram,28.5,76.0058,Heroin,9.22,Customs
SZ004711,2020-08-23,2020,8,Assam,Karimganj,25.5978,92.8684,Heroin,4.03,NCB
SZ004712,2019-08-12,2019,8,Mizoram,Champhai,23.6528,92.647,Heroin,1.31,Customs
SZ004713,2020-03-07,2020,3,Manipur,Imphal East,25.4244,94.21,Methamphetamine,2.64,State Police
SZ004714,2019-11-21,2019,11,Telangana,Warangal,17.3971,79.5743,Cannabis (Ganja),108.95,State Police
SZ004715,2018-12-05,2018,12,Assam,Cachar,26.1569,93.4455,Charas/Hashish,9.67,BSF
SZ004716,2023-04-27,2023,4,Uttar Pradesh,Agra,27.2286,80.6778,Methamphetamine,16.35,Coast Guard
SZ004717,2019-01-03,2019,1,Odisha,Koraput,21.473,84.4075,Methamphetamine,5.57,NCB
SZ004718,2022-11-23,2022,11,Maharashtra,Pune,20.1779,75.9352,Ketamine,0.69,BSF
SZ004719,2023-07-21,2023,7,Karnataka,Mysuru,15.8883,75.2978,Methamphetamine,11.05,Coast Guard
SZ004720,2023-12-26,2023,12,Gujarat,Porbandar,22.5153,71.6942,Heroin,1.67,NCB
SZ004721,2022-12-06,2022,12,Jammu and Kashmir,Baramulla,34.1849,75.8919,Cocaine,0.05,NCB
SZ004722,2023-12-17,2023,12,Rajasthan,Jodhpur,26.8127,74.0699,Methamphetamine,1.29,State Police
SZ004723,2020-08-05,2020,8,Rajasthan,Kota,26.3854,73.8269,Charas/Hashish,1.71,NCB
SZ004724,2023-08-03,2023,8,Karnataka,Belagavi,15.777,75.0886,Ketamine,0.13,State Police
SZ004725,2018-04-05,2018,4,Kerala,Kozhikode,11.0765,75.5883,Methamphetamine,4.51,State Police
SZ004726,2018-09-04,2018,9,Madhya Pradesh,Neemuch,22.735,79.0364,Methamphetamine,4.66,NCB
SZ004727,2019-09-18,2019,9,Manipur,Chandel,25.2587,94.6408,Cocaine,1.46,State Police
SZ004728,2024-05-19,2024,5,Karnataka,Mysuru,15.838,75.3493,Methamphetamine,0.91,NCB
SZ004729,2018-03-02,2018,3,Assam,Dibrugarh,26.9508,93.3211,Heroin,3.9,NCB
SZ004730,2018-11-17,2018,11,Assam,Karimganj,25.6862,93.7185,Cannabis (Ganja),72.56,NCB
SZ004731,2022-04-03,2022,4,Manipur,Imphal East,23.9785,94.053,Heroin,1.33,State Police
SZ004732,2023-11-03,2023,11,Madhya Pradesh,Neemuch,23.2056,78.4153,Pharmaceutical Opioids,32.54,Customs
SZ004733,2018-05-22,2018,5,West Bengal,Nadia,23.6401,87.3148,Opium,5.31,NCB
SZ004734,2022-08-03,2022,8,Delhi,North West Delhi,28.1927,76.4793,Methamphetamine,9.63,State Police
SZ004735,2021-02-16,2021,2,Manipur,Churachandpur,23.8795,93.873,Poppy Husk,326.61,NCB
SZ004736,2020-02-25,2020,2,Mizoram,Champhai,23.2942,92.7744,Charas/Hashish,16.91,NCB
SZ004737,2024-10-25,2024,10,Gujarat,Porbandar,22.1885,71.7812,Charas/Hashish,6.29,NCB
SZ004738,2023-11-09,2023,11,Maharashtra,Pune,20.0322,76.4844,Heroin,2.34,BSF
SZ004739,2022-10-27,2022,10,Assam,Karimganj,26.1234,93.717,Heroin,1.3,State Police
SZ004740,2019-07-02,2019,7,Haryana,Sirsa,29.1165,75.4038,Poppy Husk,61.21,BSF
SZ004741,2019-11-08,2019,11,Punjab,Amritsar,30.7596,75.4943,MDMA,1.03,NCB
SZ004742,2018-03-15,2018,3,Maharashtra,Mumbai,20.1516,75.3667,Heroin,7.61,State Police
SZ004743,2021-08-03,2021,8,Assam,Karimganj,25.5504,93.6457,Heroin,1.38,State Police
SZ004744,2021-10-01,2021,10,West Bengal,Malda,23.2699,88.0863,Heroin,1.78,NCB
SZ004745,2022-05-09,2022,5,Manipur,Chandel,24.5425,94.2353,Pharmaceutical Opioids,4.39,Customs
SZ004746,2018-07-03,2018,7,Manipur,Imphal West,24.9058,93.5704,Cannabis (Ganja),128.84,NCB
SZ004747,2023-07-10,2023,7,West Bengal,North 24 Parganas,22.9682,87.9796,Cannabis (Ganja),67.38,State Police
SZ004748,2019-07-06,2019,7,Karnataka,Mangaluru,15.685,75.3413,Cannabis (Ganja),186.05,NCB
SZ004749,2021-09-06,2021,9,Punjab,Gurdaspur,31.0155,75.8636,Methamphetamine,9.12,State Police
SZ004750,2022-12-25,2022,12,Andhra Pradesh,Guntur,16.067,80.5379,Cannabis (Ganja),87.48,NCB
SZ004751,2024-03-25,2024,3,Assam,Dibrugarh,26.4901,93.0269,Cocaine,0.59,NCB
SZ004752,2021-07-07,2021,7,Madhya Pradesh,Neemuch,23.3221,78.6125,Cocaine,0.32,State Police
SZ004753,2023-09-16,2023,9,Rajasthan,Kota,27.0988,73.7929,Charas/Hashish,1.09,NCB
SZ004754,2023-12-09,2023,12,Uttar Pradesh,Ghaziabad,26.6152,80.1509,Methamphetamine,15.46,State Police
SZ004755,2023-02-20,2023,2,Uttar Pradesh,Lucknow,27.062,81.6714,Heroin,0.61,BSF
SZ004756,2021-10-27,2021,10,Haryana,Gurugram,29.3871,76.1799,Cannabis (Ganja),32.32,Customs
SZ004757,2020-10-16,2020,10,West Bengal,Malda,22.477,87.66,Methamphetamine,10.9,Coast Guard
SZ004758,2023-01-20,2023,1,Jammu and Kashmir,Jammu,33.9073,76.7307,MDMA,0.77,BSF
SZ004759,2023-12-01,2023,12,Punjab,Ferozepur,31.3154,75.2626,Charas/Hashish,0.28,Customs
SZ004760,2023-05-10,2023,5,Assam,Guwahati,26.4487,92.5619,Ketamine,2.39,DRI
SZ004761,2018-11-03,2018,11,Madhya Pradesh,Indore,23.2969,78.5165,Cannabis (Ganja),34.1,NCB
SZ004762,2020-01-17,2020,1,Mizoram,Lunglei,23.3066,93.7248,Heroin,1.41,State Police
SZ004763,2024-12-23,2024,12,Manipur,Imphal East,24.8582,94.4444,Opium,14.04,DRI
SZ004764,2020-12-24,2020,12,Gujarat,Ahmedabad,21.626,71.52,Ketamine,2.83,State Police
SZ004765,2020-04-05,2020,4,Delhi,South Delhi,27.9771,76.957,Heroin,2.92,DRI
SZ004766,2018-05-19,2018,5,Tamil Nadu,Madurai,10.8007,79.3547,Heroin,2.94,NCB
SZ004767,2020-09-12,2020,9,Jammu and Kashmir,Poonch,34.2406,76.2382,Cannabis (Ganja),305.82,NCB
SZ004768,2019-05-26,2019,5,Bihar,Bhagalpur,24.9885,85.2586,Cannabis (Ganja),30.82,DRI
SZ004769,2020-08-19,2020,8,Gujarat,Porbandar,22.4312,70.812,Cannabis (Ganja),90.33,DRI
SZ004770,2023-04-01,2023,4,Delhi,New Delhi,28.759,77.6386,Methamphetamine,0.88,Customs
SZ004771,2021-09-08,2021,9,Delhi,New Delhi,28.0338,77.4002,Cocaine,3.5,Coast Guard
SZ004772,2021-12-07,2021,12,Assam,Guwahati,26.4261,92.6435,Heroin,2.53,State Police
SZ004773,2023-03-11,2023,3,Assam,Guwahati,25.9837,93.0181,Opium,19.44,Customs
SZ004774,2023-03-06,2023,3,Andhra Pradesh,Guntur,15.4829,79.1345,Methamphetamine,5.46,Coast Guard
SZ004775,2022-11-12,2022,11,West Bengal,Malda,22.2802,88.1315,Opium,36.18,State Police
SZ004776,2018-01-10,2018,1,Gujarat,Bhavnagar,22.3335,71.8585,Heroin,2.31,State Police
SZ004777,2023-08-09,2023,8,Tamil Nadu,Madurai,11.3708,78.3439,Cannabis (Ganja),18.94,State Police
SZ004778,2022-05-08,2022,5,Jammu and Kashmir,Jammu,34.3402,77.05,Charas/Hashish,0.66,NCB
SZ004779,2020-02-14,2020,2,Jammu and Kashmir,Baramulla,33.3661,75.8002,Cannabis (Ganja),321.88,NCB
SZ004780,2023-02-19,2023,2,Jammu and Kashmir,Srinagar,33.0783,77.2612,Methamphetamine,12.82,State Police
SZ004781,2019-11-08,2019,11,Manipur,Imphal West,24.5322,94.6373,Ketamine,2.57,BSF
SZ004782,2019-12-23,2019,12,Jammu and Kashmir,Jammu,33.0565,76.6692,Cocaine,2.04,NCB
SZ004783,2022-07-05,2022,7,Haryana,Gurugram,29.5593,76.2685,Cannabis (Ganja),33.15,NCB
SZ004784,2020-09-15,2020,9,Manipur,Imphal East,24.192,94.1661,Charas/Hashish,0.36,State Police
SZ004785,2021-08-27,2021,8,Punjab,Tarn Taran,31.5975,74.7528,Heroin,11.67,BSF
SZ004786,2023-11-27,2023,11,Mizoram,Aizawl,22.9051,92.2753,Cannabis (Ganja),122.17,Customs
SZ004787,2023-11-24,2023,11,Punjab,Amritsar,30.4391,75.7182,Opium,18.44,NCB
SZ004788,2020-02-09,2020,2,Punjab,Ludhiana,31.2443,76.0121,Heroin,1.86,Customs
SZ004789,2023-11-10,2023,11,Madhya Pradesh,Neemuch,22.7013,79.2767,Heroin,4.32,State Police
SZ004790,2020-10-25,2020,10,Jammu and Kashmir,Srinagar,34.4218,76.4994,Heroin,8.61,Customs
SZ004791,2022-10-24,2022,10,Delhi,North West Delhi,28.7458,77.2077,Charas/Hashish,18.61,Customs
SZ004792,2023-11-10,2023,11,Rajasthan,Bikaner,27.2018,74.5813,Heroin,5.52,DRI
SZ004793,2022-12-18,2022,12,Manipur,Chandel,25.4061,93.8157,Methamphetamine,1.55,NCB
SZ004794,2018-04-03,2018,4,Odisha,Cuttack,20.2039,85.1595,Heroin,4.89,State Police
SZ004795,2024-11-02,2024,11,Jammu and Kashmir,Poonch,33.1723,75.9631,Charas/Hashish,27.76,BSF
SZ004796,2020-02-06,2020,2,Punjab,Gurdaspur,30.6155,75.2312,Heroin,3.58,NCB
SZ004797,2022-10-05,2022,10,Mizoram,Champhai,23.004,93.5884,Charas/Hashish,0.69,Coast Guard
SZ004798,2023-07-23,2023,7,Punjab,Gurdaspur,31.9229,74.6283,MDMA,4.46,State Police
SZ004799,2022-07-07,2022,7,Haryana,Sirsa,28.8386,76.1874,Cannabis (Ganja),79.45,NCB
SZ004800,2019-05-25,2019,5,Haryana,Sirsa,28.8477,76.6853,Cannabis (Ganja),698.17,State Police
SZ004801,2023-04-22,2023,4,Rajasthan,Jaisalmer,27.5461,74.4158,Cannabis (Ganja),98.53,Customs
SZ004802,2020-11-11,2020,11,Manipur,Churachandpur,24.4465,93.8828,Heroin,4.85,State Police
SZ004803,2022-09-12,2022,9,Delhi,East Delhi,29.4307,77.8826,Heroin,5.67,NCB
SZ004804,2024-11-21,2024,11,Manipur,Chandel,25.2017,94.3583,Heroin,16.82,State Police
SZ004805,2020-09-21,2020,9,West Bengal,North 24 Parganas,23.5642,87.6029,Cannabis (Ganja),43.27,NCB
SZ004806,2023-03-22,2023,3,Madhya Pradesh,Neemuch,22.1923,77.8637,Cannabis (Ganja),229.05,NCB
SZ004807,2019-08-05,2019,8,Mizoram,Champhai,23.6782,93.1228,Poppy Husk,14.19,State Police
SZ004808,2023-12-06,2023,12,Manipur,Chandel,23.9963,93.9946,Opium,4.82,NCB
SZ004809,2019-08-26,2019,8,Kerala,Kozhikode,10.4777,75.7846,Cannabis (Ganja),169.53,BSF
SZ004810,2020-07-09,2020,7,Jammu and Kashmir,Poonch,34.3627,75.7936,Methamphetamine,8.38,NCB
SZ004811,2024-04-22,2024,4,Rajasthan,Kota,26.6815,74.4117,Heroin,0.37,State Police
SZ004812,2023-09-18,2023,9,Rajasthan,Kota,26.7437,73.611,Poppy Husk,161.98,BSF
SZ004813,2021-05-07,2021,5,Punjab,Gurdaspur,30.5553,75.691,Opium,4.77,BSF
SZ004814,2018-09-27,2018,9,Punjab,Gurdaspur,30.8461,75.4304,Cannabis (Ganja),64.17,Customs
SZ004815,2019-05-08,2019,5,Kerala,Thiruvananthapuram,11.0285,76.9011,Cannabis (Ganja),89.34,NCB
SZ004816,2023-03-16,2023,3,Rajasthan,Jodhpur,27.2606,74.1976,Heroin,6.02,Customs
SZ004817,2020-05-20,2020,5,Assam,Karimganj,26.1568,92.1693,Charas/Hashish,10.48,Customs
SZ004818,2024-09-20,2024,9,Punjab,Gurdaspur,30.6254,75.588,Opium,6.98,NCB
SZ004819,2022-03-19,2022,3,West Bengal,Malda,23.3256,87.4415,Heroin,2.03,State Police
SZ004820,2022-08-17,2022,8,Karnataka,Bengaluru Urban,14.7585,76.4665,Cannabis (Ganja),9.6,NCB
SZ004821,2023-03-23,2023,3,Rajasthan,Bikaner,27.4916,74.8528,MDMA,1.54,State Police
SZ004822,2024-12-01,2024,12,Telangana,Warangal,18.6591,79.2974,Opium,17.34,Customs
SZ004823,2018-10-13,2018,10,Maharashtra,Thane,20.2144,75.1897,Cannabis (Ganja),138.95,Customs
SZ004824,2018-03-12,2018,3,Madhya Pradesh,Gwalior,23.4557,78.3291,Heroin,1.56,State Police
SZ004825,2022-01-05,2022,1,Punjab,Ferozepur,31.348,75.6646,Ketamine,0.83,State Police
SZ004826,2019-05-21,2019,5,Andhra Pradesh,Vijayawada,15.3048,79.1432,Opium,14.53,State Police
SZ004827,2018-02-09,2018,2,Uttar Pradesh,Lucknow,27.3424,81.646,Heroin,0.12,State Police
SZ004828,2020-12-23,2020,12,Gujarat,Kutch,21.509,70.8838,Pharmaceutical Opioids,5.55,State Police
SZ004829,2018-09-14,2018,9,Punjab,Ludhiana,31.5796,75.016,Methamphetamine,0.48,NCB
SZ004830,2019-02-02,2019,2,Rajasthan,Jaisalmer,26.2974,73.8287,Methamphetamine,12.42,NCB
SZ004831,2018-10-02,2018,10,Uttar Pradesh,Varanasi,26.5394,80.3129,Charas/Hashish,13.56,NCB
SZ004832,2022-06-16,2022,6,West Bengal,Malda,23.0964,87.1897,Heroin,0.42,BSF
SZ004833,2022-03-18,2022,3,Karnataka,Mangaluru,15.0284,75.9986,Pharmaceutical Opioids,5.28,NCB
SZ004834,2019-10-10,2019,10,Maharashtra,Mumbai,19.6986,76.2803,Heroin,7.23,NCB
SZ004835,2022-08-26,2022,8,Bihar,Bhagalpur,25.7397,84.7102,Charas/Hashish,9.33,NCB
SZ004836,2024-07-14,2024,7,Telangana,Khammam,18.057,78.3767,Methamphetamine,4.57,State Police
SZ004837,2024-01-09,2024,1,Delhi,East Delhi,28.3307,77.2355,Methamphetamine,1.96,Customs
SZ004838,2018-01-22,2018,1,Assam,Karimganj,26.2811,93.7042,Cannabis (Ganja),47.77,NCB
SZ004839,2024-12-17,2024,12,Punjab,Ludhiana,30.3708,75.7476,MDMA,3.35,NCB
SZ004840,2018-02-19,2018,2,Madhya Pradesh,Bhopal,23.3813,78.05,MDMA,0.05,NCB
SZ004841,2023-12-17,2023,12,Jammu and Kashmir,Baramulla,34.3746,77.2084,Heroin,6.13,State Police
SZ004842,2023-03-02,2023,3,Delhi,East Delhi,28.7345,76.6081,Methamphetamine,0.68,Customs
SZ004843,2024-07-12,2024,7,Haryana,Sirsa,28.3207,75.7399,Cannabis (Ganja),89.12,Customs
SZ004844,2024-04-14,2024,4,Gujarat,Surat,21.914,71.5115,Cannabis (Ganja),12.94,NCB
SZ004845,2020-02-11,2020,2,Bihar,Bhagalpur,25.2106,84.9244,Cannabis (Ganja),152.21,State Police
SZ004846,2018-11-17,2018,11,Haryana,Faridabad,28.4145,75.387,Cannabis (Ganja),119.32,State Police
SZ004847,2023-01-18,2023,1,Odisha,Cuttack,21.3721,85.4792,Pharmaceutical Opioids,8.12,State Police
SZ004848,2019-04-23,2019,4,Karnataka,Mysuru,15.3101,75.9195,Opium,27.46,NCB
SZ004849,2023-05-14,2023,5,Manipur,Imphal East,25.2388,94.5724,Pharmaceutical Opioids,31.72,State Police
SZ004850,2021-11-03,2021,11,Jammu and Kashmir,Srinagar,33.2808,76.3557,Heroin,0.32,DRI
SZ004851,2023-11-22,2023,11,Gujarat,Kutch,21.6517,71.1564,Methamphetamine,19.77,NCB
SZ004852,2021-08-13,2021,8,Maharashtra,Thane,20.4087,75.1772,Poppy Husk,97.35,Customs
SZ004853,2022-12-25,2022,12,Maharashtra,Mumbai,20.4338,74.9316,Pharmaceutical Opioids,4.44,NCB
SZ004854,2022-06-22,2022,6,Maharashtra,Mumbai,19.6438,75.7004,Cocaine,0.17,State Police
SZ004855,2022-06-04,2022,6,Manipur,Imphal West,25.1846,94.3686,Cannabis (Ganja),76.89,Coast Guard
SZ004856,2024-03-10,2024,3,Mizoram,Champhai,23.7504,92.8584,Cannabis (Ganja),521.42,Coast Guard
SZ004857,2024-05-25,2024,5,West Bengal,Nadia,22.3446,88.4538,MDMA,4.91,NCB
SZ004858,2023-06-20,2023,6,Madhya Pradesh,Gwalior,22.7118,78.8091,Pharmaceutical Opioids,7.12,Customs
SZ004859,2021-04-05,2021,4,Delhi,South Delhi,28.6602,77.8152,Cocaine,8.86,Customs
SZ004860,2021-07-27,2021,7,Delhi,East Delhi,29.2337,77.7556,Poppy Husk,713.58,NCB
SZ004861,2018-10-23,2018,10,Mizoram,Lunglei,22.9603,93.3243,Cannabis (Ganja),12.22,NCB
SZ004862,2020-11-02,2020,11,Manipur,Chandel,24.2319,93.1848,MDMA,1.24,State Police
SZ004863,2023-07-25,2023,7,Maharashtra,Nashik,20.3576,75.0856,Cannabis (Ganja),72.62,Customs
SZ004864,2018-09-09,2018,9,Haryana,Karnal,28.6548,76.317,Methamphetamine,7.71,Customs
SZ004865,2022-09-19,2022,9,Uttar Pradesh,Agra,27.1209,80.3937,Charas/Hashish,10.44,State Police
SZ004866,2022-04-15,2022,4,Punjab,Tarn Taran,31.0421,75.5944,MDMA,2.51,NCB
SZ004867,2018-01-14,2018,1,Uttar Pradesh,Ghaziabad,26.2547,80.2913,Poppy Husk,49.82,NCB
SZ004868,2021-10-24,2021,10,Jammu and Kashmir,Poonch,34.0581,75.8601,Cannabis (Ganja),209.68,Customs
SZ004869,2018-01-11,2018,1,Karnataka,Mysuru,15.7374,76.1793,Poppy Husk,1102.96,BSF
SZ004870,2024-09-23,2024,9,Punjab,Gurdaspur,30.7343,75.0946,Opium,0.92,BSF
SZ004871,2021-12-22,2021,12,Kerala,Thiruvananthapuram,10.4328,76.7498,Pharmaceutical Opioids,0.33,Customs
SZ004872,2023-01-09,2023,1,Gujarat,Bhavnagar,21.5486,71.4462,Opium,2.98,Customs
SZ004873,2021-06-17,2021,6,Delhi,East Delhi,28.3368,76.8199,Methamphetamine,3.48,NCB
SZ004874,2023-02-23,2023,2,Rajasthan,Bikaner,27.1332,74.5595,Cannabis (Ganja),128.83,BSF
SZ004875,2020-08-08,2020,8,Maharashtra,Nagpur,19.2556,75.5016,Cannabis (Ganja),176.99,State Police
SZ004876,2020-08-09,2020,8,Kerala,Kollam,10.4854,76.3414,Heroin,3.05,State Police
SZ004877,2018-07-12,2018,7,Telangana,Nizamabad,17.9588,78.3187,Heroin,2.07,DRI
SZ004878,2024-09-12,2024,9,Mizoram,Lunglei,22.9503,93.4095,Charas/Hashish,5.33,NCB
SZ004879,2022-04-02,2022,4,Mizoram,Lunglei,23.5469,93.6536,Cannabis (Ganja),218.9,NCB
SZ004880,2020-05-17,2020,5,Manipur,Imphal East,24.843,93.1669,Cannabis (Ganja),25.68,NCB
SZ004881,2022-11-26,2022,11,Jammu and Kashmir,Jammu,34.1334,77.0791,Cannabis (Ganja),56.15,State Police
SZ004882,2019-11-20,2019,11,Manipur,Imphal East,24.991,93.3599,Cannabis (Ganja),91.28,BSF
SZ004883,2018-07-20,2018,7,Madhya Pradesh,Gwalior,22.5948,79.1893,Heroin,2.02,State Police
SZ004884,2024-10-16,2024,10,Manipur,Imphal East,24.5999,94.0375,Cannabis (Ganja),156.84,State Police
SZ004885,2022-10-09,2022,10,Odisha,Bhubaneswar,21.4716,84.3141,Pharmaceutical Opioids,7.68,State Police
SZ004886,2022-12-04,2022,12,Haryana,Karnal,28.8499,75.6687,Methamphetamine,0.08,NCB
SZ004887,2023-08-17,2023,8,Punjab,Ferozepur,31.939,75.8397,Opium,5.47,BSF
SZ004888,2022-10-02,2022,10,Madhya Pradesh,Indore,22.6215,78.291,Ketamine,6.67,State Police
SZ004889,2019-12-11,2019,12,Maharashtra,Pune,20.1345,75.8481,Heroin,2.17,NCB
SZ004890,2020-03-04,2020,3,Jammu and Kashmir,Srinagar,33.851,76.7423,Heroin,5.21,NCB
SZ004891,2019-05-09,2019,5,Bihar,Bhagalpur,24.5932,86.0664,Opium,20.29,State Police
SZ004892,2018-06-10,2018,6,Odisha,Koraput,21.7246,85.6183,Poppy Husk,514.51,State Police
SZ004893,2023-01-25,2023,1,Assam,Guwahati,25.8254,93.4359,Methamphetamine,6.43,DRI
SZ004894,2018-09-25,2018,9,Manipur,Churachandpur,25.3708,94.1828,Methamphetamine,5.9,State Police
SZ004895,2020-06-21,2020,6,Tamil Nadu,Coimbatore,11.8198,78.5048,Methamphetamine,3.12,State Police
SZ004896,2021-08-11,2021,8,Punjab,Ferozepur,30.9938,75.913,Methamphetamine,0.06,Customs
SZ004897,2022-10-07,2022,10,Karnataka,Mysuru,14.832,75.8029,Cannabis (Ganja),3.94,BSF
SZ004898,2020-02-23,2020,2,West Bengal,North 24 Parganas,22.3181,88.3857,Charas/Hashish,5.02,State Police
SZ004899,2022-09-09,2022,9,Assam,Guwahati,25.8739,92.9997,Opium,5.3,NCB
SZ004900,2018-11-11,2018,11,Madhya Pradesh,Indore,22.4178,79.1742,Charas/Hashish,6.4,State Police
SZ004901,2024-02-25,2024,2,Maharashtra,Mumbai,19.7601,75.4218,Cannabis (Ganja),21.93,NCB
SZ004902,2024-01-10,2024,1,Kerala,Thiruvananthapuram,11.5297,76.4038,Cannabis (Ganja),204.3,NCB
SZ004903,2018-05-20,2018,5,West Bengal,Nadia,23.2422,87.9976,Heroin,4.83,NCB
SZ004904,2023-10-23,2023,10,West Bengal,Nadia,23.701,88.1487,Heroin,0.45,State Police
SZ004905,2024-02-24,2024,2,Tamil Nadu,Tirunelveli,11.6113,78.3843,Ketamine,4.12,NCB
SZ004906,2024-06-19,2024,6,Delhi,North West Delhi,28.8569,77.2486,Charas/Hashish,6.5,State Police
SZ004907,2021-03-05,2021,3,Tamil Nadu,Tirunelveli,11.6147,78.0422,Cannabis (Ganja),112.76,NCB
SZ004908,2021-04-23,2021,4,Mizoram,Aizawl,22.812,92.174,Methamphetamine,6.64,NCB
SZ004909,2023-02-16,2023,2,Assam,Dibrugarh,26.6755,92.5762,Methamphetamine,3.39,DRI
SZ004910,2023-01-01,2023,1,Delhi,East Delhi,28.0634,76.9937,Cocaine,0.68,NCB
SZ004911,2018-11-27,2018,11,Gujarat,Surat,23.0246,71.0772,Heroin,3.19,DRI
SZ004912,2022-06-05,2022,6,West Bengal,Malda,22.4008,87.1058,Poppy Husk,675.98,State Police
SZ004913,2024-05-06,2024,5,Rajasthan,Jodhpur,27.1445,74.92,Charas/Hashish,3.26,Customs
SZ004914,2023-06-14,2023,6,Bihar,Bhagalpur,25.3416,85.7463,Heroin,2.54,Customs
SZ004915,2024-04-02,2024,4,Gujarat,Bhavnagar,21.9373,71.4183,Heroin,0.79,State Police
SZ004916,2024-09-08,2024,9,Odisha,Cuttack,21.5186,85.584,Poppy Husk,177.77,NCB
SZ004917,2022-02-14,2022,2,Mizoram,Champhai,23.8273,93.138,Heroin,6.87,State Police
SZ004918,2024-06-02,2024,6,Madhya Pradesh,Bhopal,22.329,79.0027,Heroin,2.41,State Police
SZ004919,2023-02-06,2023,2,Mizoram,Aizawl,23.8199,92.4342,Pharmaceutical Opioids,2.2,NCB
SZ004920,2018-03-07,2018,3,Haryana,Faridabad,29.5084,76.7324,Heroin,13.72,NCB
SZ004921,2024-04-01,2024,4,Delhi,New Delhi,28.4104,77.4395,Cannabis (Ganja),75.16,State Police
SZ004922,2021-06-01,2021,6,West Bengal,Malda,22.4784,88.099,Methamphetamine,2.59,BSF
SZ004923,2023-09-05,2023,9,Assam,Karimganj,25.7709,93.2392,Heroin,2.62,Customs
SZ004924,2024-06-25,2024,6,Punjab,Ferozepur,30.6844,76.0823,Heroin,4.28,State Police
SZ004925,2022-12-16,2022,12,Andhra Pradesh,Anantapur,15.8159,80.3504,Cannabis (Ganja),57.29,NCB
SZ004926,2023-05-05,2023,5,Manipur,Chandel,23.8766,93.6202,Opium,3.09,Coast Guard
SZ004927,2023-05-26,2023,5,Punjab,Gurdaspur,31.8027,75.9414,Charas/Hashish,6.59,NCB
SZ004928,2022-01-10,2022,1,Andhra Pradesh,Vijayawada,16.3469,79.8489,Charas/Hashish,3.02,NCB
SZ004929,2021-06-22,2021,6,West Bengal,Kolkata,23.3722,88.0182,Poppy Husk,174.63,NCB
SZ004930,2021-05-06,2021,5,Haryana,Gurugram,28.7851,76.516,Heroin,9.14,State Police
SZ004931,2024-11-17,2024,11,Maharashtra,Nashik,19.3235,75.4415,Heroin,12.14,BSF
SZ004932,2021-03-08,2021,3,Gujarat,Kutch,21.876,71.6116,Cannabis (Ganja),151.92,Coast Guard
SZ004933,2019-11-22,2019,11,Mizoram,Lunglei,23.936,93.0932,MDMA,0.84,DRI
SZ004934,2018-07-10,2018,7,Rajasthan,Jodhpur,26.6237,74.996,MDMA,0.2,State Police
SZ004935,2023-01-10,2023,1,Uttar Pradesh,Varanasi,26.901,80.7944,Methamphetamine,4.85,BSF
SZ004936,2023-12-12,2023,12,Kerala,Kollam,11.0633,75.6964,Heroin,6.32,Customs
SZ004937,2023-09-14,2023,9,Rajasthan,Bikaner,27.0305,74.9635,Methamphetamine,0.91,BSF
SZ004938,2023-04-14,2023,4,Uttar Pradesh,Lucknow,26.8035,80.3299,MDMA,0.19,BSF
SZ004939,2022-04-20,2022,4,Jammu and Kashmir,Poonch,34.2965,76.2426,Heroin,0.61,State Police
SZ004940,2018-02-15,2018,2,Jammu and Kashmir,Jammu,33.3309,76.1014,Poppy Husk,242.9,Customs
SZ004941,2019-08-06,2019,8,Punjab,Ferozepur,31.6211,74.6809,Cannabis (Ganja),131.79,State Police
SZ004942,2022-03-03,2022,3,Haryana,Gurugram,28.8502,75.5807,Pharmaceutical Opioids,2.55,Customs
SZ004943,2021-04-19,2021,4,Maharashtra,Nashik,19.8395,75.1686,Methamphetamine,8.64,BSF
SZ004944,2020-02-07,2020,2,Delhi,South Delhi,27.9975,76.6082,Poppy Husk,157.29,State Police
SZ004945,2020-08-03,2020,8,Gujarat,Bhavnagar,21.6408,70.985,Methamphetamine,7.2,BSF
SZ004946,2023-02-23,2023,2,Bihar,Gaya,24.3298,84.71,Heroin,0.64,Coast Guard
SZ004947,2019-06-13,2019,6,Punjab,Tarn Taran,30.9552,76.0209,MDMA,3.64,BSF
SZ004948,2022-02-10,2022,2,Odisha,Ganjam,20.6559,84.7575,Methamphetamine,3.81,NCB
SZ004949,2024-07-11,2024,7,Telangana,Khammam,17.5587,78.937,Cannabis (Ganja),224.74,State Police
SZ004950,2020-08-13,2020,8,Assam,Karimganj,26.8762,93.0017,Ketamine,1.1,State Police
SZ004951,2023-02-24,2023,2,Rajasthan,Jodhpur,27.4951,74.8881,Charas/Hashish,3.72,Customs
SZ004952,2021-01-26,2021,1,Gujarat,Bhavnagar,22.5829,71.259,Heroin,1.29,NCB
SZ004953,2024-12-22,2024,12,West Bengal,North 24 Parganas,22.6174,87.2095,Ketamine,6.79,DRI
SZ004954,2019-07-19,2019,7,Punjab,Amritsar,31.5293,75.7643,Methamphetamine,1.05,Coast Guard
SZ004955,2024-01-03,2024,1,Kerala,Kozhikode,10.9953,75.7304,Cannabis (Ganja),16.08,State Police
SZ004956,2022-08-03,2022,8,Gujarat,Surat,22.0924,71.8574,Opium,43.27,State Police
SZ004957,2023-06-14,2023,6,Kerala,Thiruvananthapuram,10.295,76.8239,Cannabis (Ganja),302.41,State Police
SZ004958,2022-12-04,2022,12,Rajasthan,Bikaner,27.2669,73.7928,Pharmaceutical Opioids,13.84,DRI
SZ004959,2020-09-13,2020,9,Bihar,Muzaffarpur,24.7942,84.8913,Cannabis (Ganja),247.75,NCB
SZ004960,2022-02-23,2022,2,Uttar Pradesh,Varanasi,26.1255,80.7304,Pharmaceutical Opioids,2.92,Coast Guard
SZ004961,2020-03-24,2020,3,Jammu and Kashmir,Srinagar,33.3697,75.9606,Opium,16.31,NCB
SZ004962,2023-07-10,2023,7,Odisha,Ganjam,20.1835,84.4597,Opium,1.56,NCB
SZ004963,2019-03-07,2019,3,Telangana,Hyderabad,17.6626,78.4425,Cannabis (Ganja),33.17,NCB
SZ004964,2021-04-05,2021,4,Andhra Pradesh,Anantapur,15.799,79.1437,MDMA,0.05,NCB
SZ004965,2018-02-27,2018,2,Mizoram,Aizawl,22.4874,92.627,MDMA,0.94,State Police
SZ004966,2020-12-14,2020,12,Maharashtra,Nagpur,19.277,76.1664,Pharmaceutical Opioids,8.59,State Police
SZ004967,2022-08-10,2022,8,Madhya Pradesh,Indore,23.1597,78.7353,Methamphetamine,9.35,NCB
SZ004968,2018-06-05,2018,6,Manipur,Imphal West,23.9367,93.3296,Charas/Hashish,2.27,State Police
SZ004969,2023-06-16,2023,6,Haryana,Karnal,28.8608,76.7612,Heroin,0.16,NCB
SZ004970,2023-10-20,2023,10,Delhi,South Delhi,29.4124,76.864,Opium,8.29,NCB
SZ004971,2024-12-18,2024,12,Madhya Pradesh,Neemuch,23.5924,79.0731,Ketamine,0.59,State Police
SZ004972,2023-06-12,2023,6,Gujarat,Surat,22.7247,70.9241,Poppy Husk,368.95,Customs
SZ004973,2018-05-06,2018,5,Kerala,Kollam,10.1183,75.9936,Cannabis (Ganja),18.2,State Police
SZ004974,2022-08-25,2022,8,Punjab,Ludhiana,30.7216,75.2428,Opium,4.96,State Police
SZ004975,2021-11-23,2021,11,Bihar,Muzaffarpur,25.8326,86.103,Methamphetamine,19.92,NCB
SZ004976,2018-06-01,2018,6,Madhya Pradesh,Bhopal,22.7914,77.8799,Methamphetamine,0.96,NCB
SZ004977,2020-07-03,2020,7,Gujarat,Ahmedabad,22.8163,70.4824,Cocaine,0.05,BSF
SZ004978,2024-03-15,2024,3,Telangana,Nizamabad,18.8093,78.2573,Methamphetamine,1.99,State Police
SZ004979,2023-10-02,2023,10,Manipur,Chandel,25.424,93.2666,Heroin,2.36,Customs
SZ004980,2020-05-01,2020,5,Mizoram,Aizawl,23.7213,92.5633,Methamphetamine,1.43,State Police
SZ004981,2018-09-19,2018,9,Maharashtra,Thane,19.8773,75.037,Charas/Hashish,26.54,NCB
SZ004982,2018-02-06,2018,2,Gujarat,Porbandar,21.6273,71.0544,Heroin,4.11,Customs
SZ004983,2018-07-12,2018,7,Karnataka,Bengaluru Urban,15.9735,75.8682,Cannabis (Ganja),363.08,BSF
SZ004984,2020-06-05,2020,6,Gujarat,Surat,22.9447,71.1128,Heroin,0.15,BSF
SZ004985,2024-09-13,2024,9,Bihar,Gaya,25.2593,85.4999,Ketamine,1.65,BSF
SZ004986,2019-07-03,2019,7,Haryana,Sirsa,28.4153,76.3488,Cannabis (Ganja),316.46,State Police
SZ004987,2021-10-03,2021,10,Jammu and Kashmir,Baramulla,33.8494,77.2707,MDMA,0.2,State Police
SZ004988,2021-03-17,2021,3,Haryana,Sirsa,29.709,76.6213,Pharmaceutical Opioids,9.55,NCB
SZ004989,2024-09-06,2024,9,Maharashtra,Nashik,20.0082,75.6097,Cannabis (Ganja),278.32,State Police
SZ004990,2022-02-06,2022,2,Telangana,Khammam,18.4111,79.663,Charas/Hashish,5.59,Customs
SZ004991,2021-09-19,2021,9,Jammu and Kashmir,Srinagar,33.1287,76.9029,Charas/Hashish,4.64,NCB
SZ004992,2021-11-27,2021,11,Gujarat,Surat,22.1312,70.7445,Cannabis (Ganja),434.84,NCB
SZ004993,2021-06-10,2021,6,Punjab,Tarn Taran,30.3875,75.9351,Heroin,1.24,State Police
SZ004994,2023-09-08,2023,9,Assam,Karimganj,26.8454,93.5681,Heroin,1.68,NCB
SZ004995,2019-05-06,2019,5,Maharashtra,Nagpur,18.9953,76.2764,Heroin,3.32,State Police
SZ004996,2020-05-03,2020,5,Gujarat,Bhavnagar,22.2164,71.1737,Heroin,8.01,Customs
SZ004997,2022-09-13,2022,9,Punjab,Ferozepur,31.8405,74.6933,Cannabis (Ganja),64.0,NCB
SZ004998,2023-04-14,2023,4,Odisha,Cuttack,20.352,84.5279,Pharmaceutical Opioids,6.5,NCB
SZ004999,2024-07-17,2024,7,Jammu and Kashmir,Jammu,33.1552,77.2695,Methamphetamine,2.04,State Police
SZ005000,2020-03-17,2020,3,Telangana,Nizamabad,18.1402,79.699,Opium,3.32,State Police
SZ005001,2023-09-10,2023,9,Manipur,Imphal East,24.6174,94.6604,Charas/Hashish,2.64,BSF
SZ005002,2020-08-25,2020,8,West Bengal,Nadia,22.8533,88.1565,Heroin,1.42,NCB
SZ005003,2022-10-18,2022,10,Delhi,New Delhi,28.0866,76.3155,Cannabis (Ganja),121.53,DRI
SZ005004,2021-02-17,2021,2,West Bengal,Kolkata,23.2429,88.1937,Methamphetamine,3.75,NCB
SZ005005,2023-04-22,2023,4,Manipur,Chandel,24.7805,94.239,MDMA,0.41,NCB
SZ005006,2020-04-15,2020,4,Telangana,Khammam,18.1125,78.8733,MDMA,0.82,State Police
SZ005007,2023-08-09,2023,8,Manipur,Imphal West,25.0344,93.4446,Methamphetamine,0.34,State Police
SZ005008,2020-11-17,2020,11,Maharashtra,Mumbai,20.5483,75.1046,Cannabis (Ganja),50.56,State Police
SZ005009,2020-10-21,2020,10,Mizoram,Champhai,23.7297,92.243,MDMA,0.28,NCB
SZ005010,2018-12-14,2018,12,Assam,Cachar,26.8725,93.6573,Heroin,6.98,NCB
SZ005011,2022-11-22,2022,11,Punjab,Ludhiana,31.0222,75.9024,MDMA,1.32,State Police
SZ005012,2024-05-11,2024,5,Tamil Nadu,Madurai,11.8173,78.3486,Pharmaceutical Opioids,15.21,NCB
SZ005013,2023-12-13,2023,12,Tamil Nadu,Madurai,11.7502,77.9194,Poppy Husk,197.63,NCB
SZ005014,2024-10-06,2024,10,Maharashtra,Nashik,19.0751,75.8422,Cannabis (Ganja),10.21,NCB
SZ005015,2022-11-24,2022,11,Jammu and Kashmir,Baramulla,33.285,76.3331,Pharmaceutical Opioids,3.25,State Police
SZ005016,2021-06-23,2021,6,Assam,Cachar,26.0433,93.2972,Cocaine,0.46,NCB
SZ005017,2021-09-08,2021,9,Punjab,Gurdaspur,30.3912,75.8058,Charas/Hashish,2.98,State Police
SZ005018,2024-02-16,2024,2,Punjab,Amritsar,31.0102,75.6007,Poppy Husk,210.04,BSF
SZ005019,2023-08-16,2023,8,Karnataka,Mangaluru,14.9588,75.2917,Methamphetamine,6.87,NCB
SZ005020,2020-09-02,2020,9,Rajasthan,Jaisalmer,26.4243,74.5355,Methamphetamine,1.4,NCB
SZ005021,2023-12-23,2023,12,Mizoram,Aizawl,23.0432,92.6314,Opium,3.73,State Police
SZ005022,2023-12-17,2023,12,Haryana,Faridabad,28.9902,76.6762,Methamphetamine,6.53,State Police
SZ005023,2021-01-19,2021,1,Tamil Nadu,Chennai,11.816,79.0324,Heroin,1.45,NCB
SZ005024,2020-10-07,2020,10,Punjab,Ferozepur,30.9022,74.7537,Heroin,0.63,NCB
SZ005025,2023-12-14,2023,12,Bihar,Bhagalpur,25.5543,85.5619,Heroin,2.84,Coast Guard
SZ005026,2024-07-22,2024,7,Manipur,Imphal East,24.7554,93.4687,Heroin,2.25,State Police
SZ005027,2024-07-08,2024,7,West Bengal,Malda,23.6626,87.4573,Pharmaceutical Opioids,1.1,State Police
SZ005028,2020-12-23,2020,12,Haryana,Sirsa,29.3219,75.6077,Charas/Hashish,2.0,Customs
SZ005029,2022-09-11,2022,9,Gujarat,Ahmedabad,21.6544,71.3902,Heroin,6.98,DRI
SZ005030,2021-09-25,2021,9,Rajasthan,Jaisalmer,27.5128,73.8017,Pharmaceutical Opioids,0.64,Customs
SZ005031,2021-03-11,2021,3,Delhi,New Delhi,29.4406,77.1674,Cannabis (Ganja),105.31,Customs
SZ005032,2024-03-14,2024,3,Gujarat,Kutch,21.969,70.8603,Heroin,5.84,NCB
SZ005033,2023-04-17,2023,4,Manipur,Imphal West,24.5166,93.2906,Heroin,0.43,NCB
SZ005034,2024-12-01,2024,12,Maharashtra,Mumbai,19.7466,75.0769,Heroin,4.65,BSF
SZ005035,2022-06-10,2022,6,Odisha,Bhubaneswar,20.3302,85.0337,Heroin,2.86,NCB
SZ005036,2023-12-17,2023,12,Odisha,Ganjam,21.6583,84.5576,Cannabis (Ganja),234.37,NCB
SZ005037,2018-09-02,2018,9,Mizoram,Lunglei,22.8362,93.0728,Opium,16.57,Coast Guard
SZ005038,2020-12-09,2020,12,Punjab,Amritsar,31.6729,75.4178,Methamphetamine,13.67,NCB
SZ005039,2022-05-18,2022,5,Manipur,Chandel,24.1443,94.029,Charas/Hashish,6.06,Customs
SZ005040,2024-08-27,2024,8,Kerala,Kollam,11.2294,76.3094,Charas/Hashish,1.75,NCB
SZ005041,2021-12-21,2021,12,Telangana,Nizamabad,18.5954,78.8751,Heroin,0.1,State Police
SZ005042,2022-02-21,2022,2,Maharashtra,Pune,19.4303,75.0329,Pharmaceutical Opioids,14.87,BSF
SZ005043,2019-05-08,2019,5,Bihar,Muzaffarpur,24.4141,86.0848,Methamphetamine,15.13,State Police
SZ005044,2018-04-01,2018,4,West Bengal,Malda,23.7016,88.2248,Heroin,3.77,DRI
SZ005045,2023-02-06,2023,2,Andhra Pradesh,Guntur,15.5029,80.1123,Pharmaceutical Opioids,6.99,Customs
SZ005046,2018-11-12,2018,11,Mizoram,Champhai,23.5306,92.5456,MDMA,1.07,NCB
SZ005047,2020-02-03,2020,2,Delhi,New Delhi,29.0211,77.1248,Cannabis (Ganja),121.79,State Police
SZ005048,2020-02-15,2020,2,Karnataka,Mangaluru,14.899,76.3272,Heroin,2.57,NCB
SZ005049,2020-10-09,2020,10,Andhra Pradesh,Visakhapatnam,16.5723,79.0093,Heroin,9.64,State Police
SZ005050,2023-09-10,2023,9,Maharashtra,Pune,20.4068,75.7445,Cannabis (Ganja),7.32,NCB
SZ005051,2021-10-18,2021,10,Kerala,Kozhikode,10.9142,75.6496,Cannabis (Ganja),275.54,NCB
SZ005052,2024-10-06,2024,10,Manipur,Chandel,24.3388,93.7052,Charas/Hashish,1.34,DRI
SZ005053,2018-02-07,2018,2,Gujarat,Surat,21.856,70.9002,Charas/Hashish,6.31,NCB
SZ005054,2023-07-09,2023,7,Madhya Pradesh,Gwalior,22.2129,78.8037,Opium,5.73,Customs
SZ005055,2020-03-20,2020,3,Delhi,East Delhi,28.2184,77.4302,Charas/Hashish,15.37,DRI
SZ005056,2021-07-10,2021,7,Gujarat,Porbandar,22.8781,71.0989,Opium,23.08,Customs
SZ005057,2024-10-23,2024,10,Mizoram,Aizawl,23.6172,92.1714,Heroin,2.37,State Police
SZ005058,2023-03-22,2023,3,West Bengal,Malda,23.4545,87.2287,Heroin,1.45,State Police
SZ005059,2020-05-13,2020,5,Odisha,Koraput,20.8459,85.1262,Methamphetamine,3.68,NCB
SZ005060,2019-06-07,2019,6,Manipur,Imphal East,24.5547,93.2245,Cannabis (Ganja),170.18,State Police
SZ005061,2018-04-14,2018,4,Punjab,Ferozepur,30.6616,75.7093,Charas/Hashish,12.58,NCB
SZ005062,2021-06-03,2021,6,Delhi,New Delhi,29.1811,77.2464,Cocaine,0.49,Customs
SZ005063,2023-04-13,2023,4,Rajasthan,Bikaner,27.2955,74.4464,Cocaine,2.62,NCB
SZ005064,2023-11-02,2023,11,Jammu and Kashmir,Jammu,33.9913,77.2591,Heroin,2.48,Customs
SZ005065,2021-01-11,2021,1,Gujarat,Surat,22.9001,71.6005,Pharmaceutical Opioids,23.28,Customs
SZ005066,2022-03-14,2022,3,Assam,Cachar,26.8643,93.0352,MDMA,0.53,State Police
SZ005067,2022-04-08,2022,4,Gujarat,Bhavnagar,21.9466,71.8961,Heroin,2.93,State Police
SZ005068,2024-08-10,2024,8,Uttar Pradesh,Lucknow,27.1538,80.9904,Poppy Husk,444.11,Coast Guard
SZ005069,2019-05-16,2019,5,Delhi,South Delhi,27.902,76.9792,Heroin,1.86,State Police
SZ005070,2024-01-23,2024,1,Uttar Pradesh,Kanpur,27.3357,80.7661,Cocaine,1.55,State Police
SZ005071,2024-03-27,2024,3,Gujarat,Ahmedabad,22.6485,71.9076,Charas/Hashish,0.59,BSF
SZ005072,2022-06-04,2022,6,Tamil Nadu,Tirunelveli,11.232,79.3211,Heroin,2.62,BSF
SZ005073,2020-05-10,2020,5,Maharashtra,Nagpur,20.3681,75.7448,MDMA,1.5,Customs
SZ005074,2022-12-05,2022,12,Haryana,Faridabad,28.4368,76.0769,Cannabis (Ganja),11.67,Customs
SZ005075,2020-04-07,2020,4,Gujarat,Surat,22.4581,71.233,Heroin,0.09,NCB
SZ005076,2021-07-15,2021,7,Kerala,Kollam,10.3261,76.211,Methamphetamine,1.02,NCB
SZ005077,2021-04-27,2021,4,Rajasthan,Barmer,26.9515,74.1759,Opium,25.08,NCB
SZ005078,2019-07-02,2019,7,Punjab,Tarn Taran,30.4004,75.7435,Methamphetamine,2.81,NCB
SZ005079,2020-10-20,2020,10,Jammu and Kashmir,Baramulla,34.4626,75.8073,Poppy Husk,308.14,State Police
SZ005080,2020-09-03,2020,9,Maharashtra,Pune,20.2172,75.0964,Methamphetamine,5.97,DRI
SZ005081,2022-12-14,2022,12,Delhi,East Delhi,28.2019,76.5996,Methamphetamine,5.75,DRI
SZ005082,2022-01-06,2022,1,Telangana,Hyderabad,18.282,78.8604,Cannabis (Ganja),18.93,State Police
SZ005083,2019-12-23,2019,12,Karnataka,Bengaluru Urban,15.163,74.9993,Charas/Hashish,0.57,NCB
SZ005084,2020-09-20,2020,9,Karnataka,Mysuru,15.5654,76.2243,Heroin,1.85,NCB
SZ005085,2019-11-03,2019,11,Mizoram,Lunglei,22.6118,92.3309,Cannabis (Ganja),126.14,DRI
SZ005086,2019-01-16,2019,1,Uttar Pradesh,Lucknow,26.1079,81.0545,Heroin,4.51,State Police
SZ005087,2024-07-03,2024,7,Punjab,Amritsar,30.7344,75.4638,Poppy Husk,878.63,Coast Guard
SZ005088,2023-02-08,2023,2,Tamil Nadu,Coimbatore,11.3617,79.2755,Pharmaceutical Opioids,4.21,State Police
SZ005089,2024-09-16,2024,9,Assam,Dibrugarh,25.5044,92.1743,Opium,5.45,State Police
SZ005090,2018-11-05,2018,11,Mizoram,Champhai,22.5188,92.9235,Cannabis (Ganja),132.67,Customs
SZ005091,2020-09-02,2020,9,Bihar,Gaya,24.7745,85.0506,Heroin,2.29,NCB
SZ005092,2020-09-10,2020,9,Manipur,Imphal East,24.039,93.9671,Heroin,3.82,Customs
SZ005093,2022-02-23,2022,2,Mizoram,Aizawl,23.9509,92.7683,Cannabis (Ganja),31.41,State Police
SZ005094,2022-03-08,2022,3,Rajasthan,Jodhpur,26.6949,74.613,Methamphetamine,0.92,State Police
SZ005095,2024-10-02,2024,10,Punjab,Tarn Taran,31.238,75.7217,Cocaine,2.78,State Police
SZ005096,2019-02-15,2019,2,Delhi,South Delhi,28.105,76.8681,Cocaine,0.79,Customs
SZ005097,2021-11-05,2021,11,Rajasthan,Jaisalmer,27.7672,74.3278,Cannabis (Ganja),46.48,NCB
SZ005098,2020-11-20,2020,11,Haryana,Gurugram,29.7945,75.9026,Heroin,9.35,NCB
SZ005099,2021-02-15,2021,2,Assam,Guwahati,26.5289,92.718,Heroin,4.05,State Police
SZ005100,2021-04-27,2021,4,Bihar,Muzaffarpur,25.1295,84.7274,Heroin,0.71,State Police
SZ005101,2019-04-17,2019,4,Mizoram,Lunglei,22.4576,93.664,Heroin,1.68,NCB
SZ005102,2024-05-21,2024,5,Punjab,Ferozepur,31.7446,75.7256,Cannabis (Ganja),120.52,State Police
SZ005103,2021-12-24,2021,12,Assam,Karimganj,26.9833,92.156,Heroin,0.91,NCB
SZ005104,2023-10-20,2023,10,Karnataka,Belagavi,15.6002,75.9359,Poppy Husk,8.76,NCB
SZ005105,2022-08-13,2022,8,Gujarat,Kutch,21.975,70.7673,Charas/Hashish,15.52,State Police
SZ005106,2023-04-12,2023,4,West Bengal,Malda,22.8711,87.9281,Methamphetamine,23.87,BSF
SZ005107,2022-09-25,2022,9,Maharashtra,Mumbai,19.0066,75.2414,Ketamine,0.74,BSF
SZ005108,2022-03-07,2022,3,Delhi,South Delhi,28.2926,76.9198,Charas/Hashish,4.47,NCB
SZ005109,2022-06-09,2022,6,Rajasthan,Kota,27.712,74.3965,Cannabis (Ganja),233.38,BSF
SZ005110,2023-03-03,2023,3,Mizoram,Aizawl,23.5255,93.5442,Opium,4.86,Customs
SZ005111,2023-08-18,2023,8,Punjab,Ludhiana,30.8539,74.6395,Heroin,13.15,BSF
SZ005112,2020-05-27,2020,5,Haryana,Karnal,29.4556,76.788,Ketamine,3.04,Customs
SZ005113,2021-03-19,2021,3,Delhi,South Delhi,28.4268,76.4524,Heroin,1.28,BSF
SZ005114,2022-05-16,2022,5,Rajasthan,Jaisalmer,26.5968,74.4235,Poppy Husk,72.65,State Police
SZ005115,2020-03-23,2020,3,Karnataka,Belagavi,14.8977,75.8779,Methamphetamine,1.67,NCB
SZ005116,2019-08-23,2019,8,Punjab,Amritsar,31.1363,76.1351,Opium,37.62,NCB
SZ005117,2021-11-18,2021,11,Rajasthan,Bikaner,27.1476,73.4478,Methamphetamine,22.49,BSF
SZ005118,2018-10-06,2018,10,Mizoram,Lunglei,22.4044,92.5884,Cannabis (Ganja),41.85,BSF
SZ005119,2018-04-23,2018,4,Assam,Karimganj,26.9895,92.565,Methamphetamine,0.05,NCB
SZ005120,2024-06-23,2024,6,Maharashtra,Nashik,19.4732,75.4461,Cocaine,0.85,NCB
SZ005121,2021-09-15,2021,9,Bihar,Bhagalpur,24.889,86.081,Heroin,0.66,NCB
SZ005122,2020-12-27,2020,12,Punjab,Tarn Taran,31.7324,75.6129,Cannabis (Ganja),224.16,NCB
SZ005123,2023-04-10,2023,4,Rajasthan,Bikaner,26.4437,74.1769,Heroin,3.71,State Police
SZ005124,2020-10-02,2020,10,Telangana,Khammam,17.9012,79.5296,Charas/Hashish,17.91,State Police
SZ005125,2024-07-24,2024,7,Assam,Karimganj,25.4805,92.576,Cannabis (Ganja),178.12,NCB
SZ005126,2023-04-15,2023,4,Assam,Karimganj,26.9521,92.6129,Charas/Hashish,1.18,NCB
SZ005127,2020-11-23,2020,11,Madhya Pradesh,Neemuch,23.7491,78.3783,Methamphetamine,0.18,State Police
SZ005128,2018-06-04,2018,6,Punjab,Gurdaspur,31.1747,75.0612,Cannabis (Ganja),88.36,State Police
SZ005129,2021-08-22,2021,8,Maharashtra,Nagpur,20.2405,75.8675,Methamphetamine,3.28,NCB
SZ005130,2019-09-25,2019,9,Rajasthan,Barmer,27.4109,74.8831,MDMA,2.8,State Police
SZ005131,2024-05-27,2024,5,West Bengal,Malda,23.5995,87.2125,Methamphetamine,8.07,State Police
SZ005132,2022-12-15,2022,12,Tamil Nadu,Tirunelveli,11.8058,79.0346,Cannabis (Ganja),12.09,State Police
SZ005133,2021-02-22,2021,2,Punjab,Ludhiana,30.8205,74.5578,Heroin,0.26,Customs
SZ005134,2021-11-27,2021,11,Assam,Guwahati,25.703,92.5637,Charas/Hashish,25.39,NCB
SZ005135,2021-11-12,2021,11,Telangana,Nizamabad,17.569,79.1403,Cannabis (Ganja),73.63,NCB
SZ005136,2021-03-16,2021,3,Assam,Dibrugarh,25.9062,92.3703,Heroin,9.79,State Police
SZ005137,2020-06-18,2020,6,Rajasthan,Bikaner,26.6664,74.3108,Charas/Hashish,1.07,Coast Guard
SZ005138,2018-09-22,2018,9,Punjab,Gurdaspur,30.7174,76.0931,Cannabis (Ganja),24.97,State Police
SZ005139,2019-05-09,2019,5,Rajasthan,Bikaner,27.326,74.8577,Poppy Husk,46.46,NCB
SZ005140,2019-04-20,2019,4,Rajasthan,Jaisalmer,26.2524,73.4268,Cannabis (Ganja),109.52,State Police
SZ005141,2024-10-03,2024,10,Rajasthan,Bikaner,26.9941,73.5865,Charas/Hashish,5.75,BSF
SZ005142,2020-05-21,2020,5,Odisha,Ganjam,20.7929,85.6823,Cannabis (Ganja),196.08,DRI
SZ005143,2019-07-19,2019,7,Delhi,East Delhi,29.319,76.7363,Charas/Hashish,14.9,NCB
SZ005144,2020-03-07,2020,3,West Bengal,Nadia,23.0502,87.5308,Opium,9.4,NCB
SZ005145,2021-09-27,2021,9,Gujarat,Ahmedabad,21.5639,71.6663,Poppy Husk,262.71,NCB
SZ005146,2019-06-04,2019,6,Tamil Nadu,Coimbatore,10.8894,79.2858,Pharmaceutical Opioids,7.73,NCB
SZ005147,2023-05-27,2023,5,Punjab,Gurdaspur,31.1971,75.1392,Charas/Hashish,7.62,NCB
SZ005148,2023-11-22,2023,11,Rajasthan,Kota,27.1923,73.4548,Cannabis (Ganja),255.98,State Police
SZ005149,2018-06-18,2018,6,Manipur,Imphal East,24.4773,94.356,Heroin,0.54,Customs
SZ005150,2022-04-13,2022,4,Mizoram,Lunglei,22.9823,93.0271,Heroin,3.88,Customs
SZ005151,2022-07-12,2022,7,Telangana,Nizamabad,18.4636,79.1243,Cannabis (Ganja),352.73,BSF
SZ005152,2024-07-05,2024,7,Assam,Dibrugarh,25.4786,92.3186,MDMA,1.46,State Police
SZ005153,2022-02-13,2022,2,Maharashtra,Nagpur,20.3283,76.0695,Cannabis (Ganja),77.64,State Police
SZ005154,2024-04-11,2024,4,Madhya Pradesh,Indore,23.1922,79.3581,Heroin,1.13,NCB
SZ005155,2021-03-13,2021,3,Mizoram,Champhai,23.1352,93.2014,Methamphetamine,6.78,BSF
SZ005156,2024-03-07,2024,3,Andhra Pradesh,Anantapur,16.4739,79.0245,Heroin,0.32,Coast Guard
SZ005157,2023-09-06,2023,9,Manipur,Chandel,25.3904,93.1509,Heroin,4.61,NCB
SZ005158,2018-05-01,2018,5,Bihar,Gaya,24.7062,86.0563,Ketamine,6.25,Customs
SZ005159,2024-06-14,2024,6,Rajasthan,Bikaner,26.6169,74.4018,Opium,8.45,NCB
SZ005160,2019-12-04,2019,12,Karnataka,Mangaluru,15.1579,75.7439,Heroin,0.45,State Police
SZ005161,2019-05-22,2019,5,Jammu and Kashmir,Poonch,33.2331,77.1594,Charas/Hashish,8.34,BSF
SZ005162,2018-12-01,2018,12,Manipur,Chandel,24.5525,94.0202,Cannabis (Ganja),97.11,NCB
SZ005163,2020-12-19,2020,12,Gujarat,Surat,22.412,71.9669,Opium,2.08,Coast Guard
SZ005164,2018-09-13,2018,9,Maharashtra,Thane,20.419,75.9557,Heroin,2.67,Customs
SZ005165,2019-03-10,2019,3,Mizoram,Aizawl,22.6463,92.7187,Cannabis (Ganja),173.74,NCB
SZ005166,2024-05-20,2024,5,Gujarat,Ahmedabad,22.4034,70.8767,Ketamine,7.0,State Police
SZ005167,2023-10-03,2023,10,Punjab,Gurdaspur,30.4709,75.06,Cannabis (Ganja),7.38,BSF
SZ005168,2024-07-15,2024,7,Punjab,Gurdaspur,30.4642,75.4111,Charas/Hashish,1.61,State Police
SZ005169,2018-04-21,2018,4,Manipur,Imphal East,24.113,94.3795,Methamphetamine,0.77,NCB
SZ005170,2021-04-20,2021,4,Karnataka,Mysuru,15.6743,75.1904,Heroin,8.73,NCB
SZ005171,2022-05-23,2022,5,Kerala,Thiruvananthapuram,10.3682,75.5985,Heroin,4.95,NCB
SZ005172,2020-05-15,2020,5,Madhya Pradesh,Bhopal,22.3199,78.2709,Opium,5.97,NCB
SZ005173,2023-09-04,2023,9,Jammu and Kashmir,Poonch,33.7513,77.0194,Heroin,15.95,DRI
SZ005174,2022-01-09,2022,1,Delhi,East Delhi,28.462,77.7207,Pharmaceutical Opioids,9.97,NCB
SZ005175,2022-07-11,2022,7,Mizoram,Champhai,23.0862,93.6483,Heroin,0.83,Customs
SZ005176,2019-10-25,2019,10,Assam,Guwahati,26.9135,93.7046,Heroin,4.33,NCB
SZ005177,2021-08-24,2021,8,Rajasthan,Jaisalmer,26.7514,73.9562,Opium,28.49,State Police
SZ005178,2023-09-22,2023,9,Punjab,Ferozepur,31.1608,75.9381,Ketamine,8.99,State Police
SZ005179,2023-01-22,2023,1,Karnataka,Bengaluru Urban,14.7111,75.4302,Heroin,1.82,Customs
SZ005180,2023-07-22,2023,7,Mizoram,Aizawl,22.6834,92.2759,Charas/Hashish,14.61,NCB
SZ005181,2021-02-20,2021,2,Kerala,Kollam,10.4323,75.9086,MDMA,2.88,Customs
SZ005182,2019-11-20,2019,11,Bihar,Muzaffarpur,24.8401,85.7814,Cannabis (Ganja),59.73,Customs
SZ005183,2021-09-26,2021,9,Manipur,Chandel,25.3016,94.3722,MDMA,0.09,Customs
SZ005184,2023-08-01,2023,8,Assam,Guwahati,26.4228,93.2196,Opium,0.74,NCB
SZ005185,2024-08-19,2024,8,Rajasthan,Barmer,27.5303,74.5925,Charas/Hashish,6.06,State Police
SZ005186,2020-11-23,2020,11,Mizoram,Champhai,23.7599,93.0235,Cannabis (Ganja),46.18,NCB
SZ005187,2019-09-24,2019,9,Punjab,Gurdaspur,31.2325,74.8079,Cannabis (Ganja),132.27,State Police
SZ005188,2021-12-24,2021,12,Uttar Pradesh,Lucknow,26.3278,80.4424,Heroin,1.43,State Police
SZ005189,2024-08-05,2024,8,Odisha,Bhubaneswar,21.1425,85.3344,Heroin,17.65,State Police
SZ005190,2021-06-22,2021,6,Haryana,Gurugram,28.893,75.2913,Charas/Hashish,9.9,State Police
SZ005191,2022-02-06,2022,2,Mizoram,Champhai,23.016,93.5134,Ketamine,2.34,DRI
SZ005192,2018-01-02,2018,1,Punjab,Tarn Taran,30.4999,75.6423,Charas/Hashish,38.56,NCB
SZ005193,2022-08-13,2022,8,Punjab,Amritsar,31.8368,75.9261,Cannabis (Ganja),197.29,State Police
SZ005194,2022-08-03,2022,8,Haryana,Sirsa,29.3203,76.8143,Charas/Hashish,7.79,State Police
SZ005195,2023-10-21,2023,10,Jammu and Kashmir,Srinagar,33.3903,77.1462,Cannabis (Ganja),138.59,State Police
SZ005196,2021-03-05,2021,3,Gujarat,Bhavnagar,23.0044,71.3446,Charas/Hashish,0.72,DRI
SZ005197,2024-05-16,2024,5,Gujarat,Surat,21.7621,70.8089,Heroin,10.97,Customs
SZ005198,2022-03-01,2022,3,Tamil Nadu,Madurai,10.9705,77.9783,Cannabis (Ganja),72.29,Customs
SZ005199,2023-12-05,2023,12,Jammu and Kashmir,Baramulla,33.0866,76.1453,Charas/Hashish,5.53,NCB
SZ005200,2024-01-14,2024,1,West Bengal,Kolkata,23.5525,87.5181,Opium,36.72,State Police
SZ005201,2020-12-23,2020,12,Jammu and Kashmir,Baramulla,33.1356,75.9101,Pharmaceutical Opioids,3.96,NCB
SZ005202,2020-09-07,2020,9,Odisha,Bhubaneswar,21.6867,85.0015,MDMA,0.37,State Police
SZ005203,2018-02-05,2018,2,Haryana,Karnal,29.7879,76.8791,Opium,2.6,NCB
SZ005204,2022-10-26,2022,10,Rajasthan,Jodhpur,26.5897,74.9679,Cannabis (Ganja),29.81,NCB
SZ005205,2022-01-07,2022,1,Assam,Cachar,25.5457,92.2876,Opium,3.67,Coast Guard
SZ005206,2019-01-09,2019,1,Tamil Nadu,Coimbatore,11.674,78.4407,Cannabis (Ganja),15.33,Customs
SZ005207,2023-11-17,2023,11,West Bengal,Malda,22.3388,87.6869,Heroin,2.31,DRI
SZ005208,2023-05-08,2023,5,Gujarat,Kutch,21.6262,70.8684,Heroin,0.34,DRI
SZ005209,2018-02-03,2018,2,West Bengal,Nadia,23.5367,87.9478,Heroin,0.27,NCB
SZ005210,2020-02-16,2020,2,Odisha,Ganjam,21.1028,84.3069,Heroin,1.66,State Police
SZ005211,2019-11-05,2019,11,Delhi,East Delhi,28.401,77.534,Methamphetamine,0.29,Customs
SZ005212,2021-12-15,2021,12,Delhi,South Delhi,28.848,77.5975,Pharmaceutical Opioids,10.88,NCB
SZ005213,2021-09-15,2021,9,Manipur,Imphal East,24.8844,94.4799,Heroin,7.25,NCB
SZ005214,2018-03-21,2018,3,Jammu and Kashmir,Jammu,34.4576,76.5105,Opium,10.4,NCB
SZ005215,2023-07-03,2023,7,Mizoram,Lunglei,23.3242,93.0116,Heroin,0.75,Coast Guard
SZ005216,2022-04-27,2022,4,Maharashtra,Pune,20.5408,75.1411,Cannabis (Ganja),5.49,State Police
SZ005217,2023-01-07,2023,1,Delhi,East Delhi,28.1314,76.6936,Pharmaceutical Opioids,1.55,Coast Guard
SZ005218,2019-05-07,2019,5,Delhi,New Delhi,29.3965,76.379,Opium,3.66,NCB
SZ005219,2023-03-14,2023,3,Manipur,Churachandpur,25.1409,93.3638,Opium,11.48,NCB
SZ005220,2024-11-23,2024,11,West Bengal,Nadia,23.4375,88.1528,Opium,1.09,BSF
SZ005221,2022-02-18,2022,2,Tamil Nadu,Chennai,11.7695,79.0756,Cannabis (Ganja),319.26,NCB
SZ005222,2020-03-19,2020,3,Rajasthan,Jodhpur,26.9082,74.6833,Cocaine,0.8,NCB
SZ005223,2020-10-01,2020,10,Assam,Dibrugarh,26.1812,93.6165,Methamphetamine,2.6,NCB
SZ005224,2019-04-14,2019,4,Jammu and Kashmir,Srinagar,34.5764,76.2634,Heroin,5.5,BSF
SZ005225,2022-12-22,2022,12,Tamil Nadu,Tirunelveli,11.6859,78.3153,Pharmaceutical Opioids,26.85,NCB
SZ005226,2019-02-12,2019,2,West Bengal,Malda,23.7002,87.6275,Ketamine,4.86,NCB
SZ005227,2021-12-26,2021,12,Gujarat,Ahmedabad,22.6933,71.3789,Cannabis (Ganja),16.69,State Police
SZ005228,2021-12-23,2021,12,Manipur,Chandel,23.8695,93.902,Heroin,0.41,Coast Guard
SZ005229,2022-12-19,2022,12,Odisha,Koraput,20.1734,85.0464,Opium,14.84,State Police
SZ005230,2019-05-01,2019,5,Haryana,Faridabad,28.7709,76.1536,Cocaine,2.62,State Police
SZ005231,2019-06-16,2019,6,Delhi,South Delhi,28.5826,76.5596,Cannabis (Ganja),54.17,Customs
SZ005232,2019-11-26,2019,11,Manipur,Chandel,24.7817,94.1103,Pharmaceutical Opioids,13.37,State Police
SZ005233,2023-08-15,2023,8,Maharashtra,Nagpur,19.5524,75.5908,Pharmaceutical Opioids,11.06,Customs
SZ005234,2020-02-21,2020,2,Punjab,Gurdaspur,31.4008,75.9818,Opium,7.59,State Police
SZ005235,2021-03-06,2021,3,Tamil Nadu,Tirunelveli,11.8459,78.514,Poppy Husk,154.44,State Police
SZ005236,2019-09-07,2019,9,Mizoram,Aizawl,23.4812,93.7362,Cannabis (Ganja),101.22,NCB
SZ005237,2021-03-14,2021,3,Kerala,Kochi,10.8012,75.9618,Pharmaceutical Opioids,4.38,State Police
SZ005238,2022-05-16,2022,5,Rajasthan,Jaisalmer,26.6887,74.177,Heroin,1.24,NCB
SZ005239,2020-02-19,2020,2,Rajasthan,Kota,26.9249,74.4255,Methamphetamine,0.52,State Police
SZ005240,2023-11-16,2023,11,Telangana,Nizamabad,17.7768,78.3436,Charas/Hashish,10.93,Coast Guard
SZ005241,2021-12-05,2021,12,Jammu and Kashmir,Srinagar,34.4496,77.3296,Methamphetamine,4.8,State Police
SZ005242,2023-12-17,2023,12,Karnataka,Belagavi,16.1167,75.0247,Cannabis (Ganja),46.68,NCB
SZ005243,2020-05-18,2020,5,Delhi,South Delhi,29.4517,77.7047,Pharmaceutical Opioids,44.64,State Police
SZ005244,2019-05-27,2019,5,Uttar Pradesh,Lucknow,27.6255,80.5083,Opium,9.24,BSF
SZ005245,2024-06-06,2024,6,Karnataka,Mangaluru,15.6846,76.1484,Cannabis (Ganja),10.01,NCB
SZ005246,2018-12-16,2018,12,Delhi,North West Delhi,27.9418,76.4914,Opium,45.91,NCB
SZ005247,2019-07-09,2019,7,Haryana,Sirsa,29.0285,76.4651,Heroin,2.86,NCB
SZ005248,2022-11-06,2022,11,Manipur,Imphal East,24.9989,94.0417,Cannabis (Ganja),15.78,State Police
SZ005249,2023-03-04,2023,3,Assam,Guwahati,26.1418,92.99,Heroin,0.59,Customs
SZ005250,2020-07-26,2020,7,Rajasthan,Kota,26.4895,74.372,Pharmaceutical Opioids,6.99,State Police
SZ005251,2024-01-02,2024,1,Punjab,Tarn Taran,31.2702,75.756,Cannabis (Ganja),73.87,NCB
SZ005252,2019-06-10,2019,6,Karnataka,Bengaluru Urban,16.0896,76.0889,Cannabis (Ganja),135.58,NCB
SZ005253,2021-09-03,2021,9,Haryana,Sirsa,28.5815,75.4947,Methamphetamine,3.16,BSF
SZ005254,2023-08-21,2023,8,Andhra Pradesh,Anantapur,15.6703,79.319,Pharmaceutical Opioids,9.78,NCB
SZ005255,2018-06-24,2018,6,Manipur,Chandel,24.676,93.6069,Cannabis (Ganja),140.41,Customs
SZ005256,2021-10-12,2021,10,Mizoram,Champhai,23.9064,92.3496,Heroin,1.72,NCB
SZ005257,2020-09-19,2020,9,Bihar,Muzaffarpur,25.3874,85.8092,Pharmaceutical Opioids,1.06,NCB
SZ005258,2024-09-20,2024,9,Haryana,Faridabad,29.2975,75.5366,Charas/Hashish,20.31,NCB
SZ005259,2023-05-16,2023,5,Rajasthan,Barmer,27.1717,74.1761,Cannabis (Ganja),229.66,Customs
SZ005260,2018-05-10,2018,5,Rajasthan,Bikaner,27.2329,74.3459,Poppy Husk,255.46,State Police
SZ005261,2018-04-20,2018,4,Manipur,Churachandpur,24.9642,94.4611,Poppy Husk,420.5,State Police
SZ005262,2023-10-04,2023,10,Odisha,Bhubaneswar,20.305,85.3551,Heroin,3.52,Coast Guard
SZ005263,2019-04-14,2019,4,Madhya Pradesh,Gwalior,23.6007,79.2696,Pharmaceutical Opioids,3.68,NCB
SZ005264,2024-07-21,2024,7,Delhi,East Delhi,29.2838,76.4196,Opium,34.48,State Police
SZ005265,2018-02-06,2018,2,Jammu and Kashmir,Srinagar,33.2698,77.1122,Methamphetamine,1.03,NCB
SZ005266,2024-03-22,2024,3,Rajasthan,Bikaner,26.9086,73.8591,Cannabis (Ganja),294.72,DRI
SZ005267,2021-08-11,2021,8,Mizoram,Aizawl,23.3645,93.4394,Cannabis (Ganja),19.92,Coast Guard
SZ005268,2021-11-11,2021,11,Punjab,Gurdaspur,31.5901,75.0692,Opium,5.68,Customs
SZ005269,2019-02-25,2019,2,Rajasthan,Barmer,27.2245,73.6187,Charas/Hashish,16.09,State Police
SZ005270,2020-03-14,2020,3,Maharashtra,Pune,20.1672,75.3541,Heroin,3.03,Customs
SZ005271,2019-10-07,2019,10,Gujarat,Ahmedabad,21.9482,70.5215,Heroin,4.13,NCB
SZ005272,2021-02-16,2021,2,Rajasthan,Bikaner,26.3733,74.5023,Charas/Hashish,2.82,Customs
SZ005273,2019-10-17,2019,10,Gujarat,Surat,22.266,70.9815,MDMA,0.76,State Police
SZ005274,2024-03-23,2024,3,Mizoram,Champhai,23.2997,93.2686,Heroin,1.02,NCB
SZ005275,2018-08-19,2018,8,Madhya Pradesh,Bhopal,22.6667,78.1191,Methamphetamine,6.38,NCB
SZ005276,2022-02-06,2022,2,Uttar Pradesh,Lucknow,27.3453,81.6285,MDMA,0.5,NCB
SZ005277,2024-09-06,2024,9,Jammu and Kashmir,Srinagar,33.2835,77.3745,Ketamine,1.3,BSF
SZ005278,2021-09-27,2021,9,Rajasthan,Barmer,26.5326,74.0912,Opium,9.74,State Police
SZ005279,2022-06-02,2022,6,Tamil Nadu,Chennai,11.3574,79.1821,Methamphetamine,0.06,Customs
SZ005280,2024-11-03,2024,11,Rajasthan,Jaisalmer,26.512,74.1353,Heroin,2.0,BSF
SZ005281,2022-10-03,2022,10,Gujarat,Porbandar,22.7837,71.6924,Charas/Hashish,5.32,State Police
SZ005282,2021-11-21,2021,11,Andhra Pradesh,Vijayawada,15.6473,79.8949,Heroin,3.03,NCB
SZ005283,2018-12-06,2018,12,Mizoram,Lunglei,22.7454,93.584,Heroin,4.13,NCB
SZ005284,2018-03-23,2018,3,Haryana,Faridabad,29.6746,75.777,Cannabis (Ganja),24.02,State Police
SZ005285,2018-06-19,2018,6,Tamil Nadu,Madurai,11.5584,79.0984,Cocaine,1.87,State Police
SZ005286,2024-02-23,2024,2,Punjab,Tarn Taran,30.6447,74.991,Methamphetamine,11.29,NCB
SZ005287,2018-06-07,2018,6,Odisha,Ganjam,20.5682,84.5578,Cannabis (Ganja),20.98,State Police
SZ005288,2021-02-11,2021,2,Gujarat,Surat,21.9183,71.657,Pharmaceutical Opioids,4.15,NCB
SZ005289,2018-10-07,2018,10,Manipur,Imphal West,25.3333,94.5129,Charas/Hashish,11.76,NCB
SZ005290,2021-09-15,2021,9,Assam,Dibrugarh,26.1635,93.1128,Methamphetamine,1.0,NCB
SZ005291,2022-02-06,2022,2,West Bengal,Nadia,23.2238,87.9899,Methamphetamine,0.59,State Police
SZ005292,2024-04-04,2024,4,West Bengal,Kolkata,23.2683,88.4601,Methamphetamine,2.65,Customs
SZ005293,2022-05-25,2022,5,Rajasthan,Bikaner,27.44,73.6118,Cocaine,1.37,Customs
SZ005294,2019-11-15,2019,11,Delhi,New Delhi,29.2454,76.5493,Opium,9.03,State Police
SZ005295,2020-01-08,2020,1,Maharashtra,Nashik,19.7095,75.41,Charas/Hashish,2.6,NCB
SZ005296,2023-06-22,2023,6,Assam,Karimganj,26.2834,93.4239,Cannabis (Ganja),153.51,NCB
SZ005297,2019-12-15,2019,12,Rajasthan,Jodhpur,26.5223,74.7968,Opium,23.91,NCB
SZ005298,2018-10-01,2018,10,Uttar Pradesh,Agra,27.0113,81.3074,Methamphetamine,1.55,State Police
SZ005299,2023-03-24,2023,3,Odisha,Cuttack,21.4191,84.382,Opium,10.16,State Police
SZ005300,2024-05-18,2024,5,Bihar,Patna,25.8378,84.6805,Heroin,2.24,Coast Guard
SZ005301,2018-09-18,2018,9,Manipur,Churachandpur,24.9477,94.0889,Cannabis (Ganja),504.66,DRI
SZ005302,2024-01-03,2024,1,Delhi,New Delhi,29.4352,77.4254,Heroin,0.77,NCB
SZ005303,2023-10-27,2023,10,Haryana,Gurugram,29.2517,75.4943,Cannabis (Ganja),40.97,State Police
SZ005304,2022-01-23,2022,1,Mizoram,Champhai,22.456,92.6004,Cannabis (Ganja),49.77,NCB
SZ005305,2021-06-18,2021,6,Rajasthan,Jodhpur,27.4214,73.4558,Heroin,1.4,Customs
SZ005306,2022-04-08,2022,4,Kerala,Kollam,10.3493,76.1595,Heroin,9.51,Customs
SZ005307,2024-12-23,2024,12,Rajasthan,Kota,26.9252,74.5211,Heroin,0.09,State Police
SZ005308,2020-01-12,2020,1,Gujarat,Kutch,21.6139,71.6769,Charas/Hashish,12.8,NCB
SZ005309,2020-04-24,2020,4,Tamil Nadu,Chennai,10.8845,78.7057,Methamphetamine,0.63,Customs
SZ005310,2018-04-20,2018,4,Punjab,Gurdaspur,30.7711,75.4971,Cannabis (Ganja),42.9,DRI
SZ005311,2022-10-15,2022,10,Tamil Nadu,Chennai,11.6238,78.2732,Poppy Husk,8.07,State Police
SZ005312,2024-06-23,2024,6,Telangana,Warangal,17.9389,79.0497,MDMA,1.76,NCB
SZ005313,2024-02-27,2024,2,Manipur,Chandel,25.0739,94.4886,Heroin,2.37,NCB
SZ005314,2020-02-23,2020,2,West Bengal,Malda,22.6461,87.2245,Ketamine,0.11,State Police
SZ005315,2021-10-26,2021,10,Punjab,Ludhiana,30.8535,75.7924,Methamphetamine,2.65,State Police
SZ005316,2018-06-21,2018,6,Gujarat,Surat,22.1327,71.8647,Heroin,0.51,Customs
SZ005317,2023-04-11,2023,4,Karnataka,Bengaluru Urban,15.49,76.3742,Poppy Husk,308.88,BSF
SZ005318,2019-12-17,2019,12,Punjab,Gurdaspur,30.6641,75.3776,Heroin,2.06,State Police
SZ005319,2020-07-20,2020,7,Gujarat,Kutch,23.0592,71.2565,Heroin,4.97,Customs
SZ005320,2020-03-05,2020,3,Rajasthan,Bikaner,26.2673,74.2111,Opium,12.82,Customs
SZ005321,2021-07-08,2021,7,Manipur,Churachandpur,24.6788,93.401,Heroin,2.41,State Police
SZ005322,2022-05-16,2022,5,Manipur,Churachandpur,24.4319,93.8693,Cannabis (Ganja),186.76,State Police
SZ005323,2023-10-08,2023,10,Manipur,Imphal West,25.0269,94.6887,Charas/Hashish,1.86,State Police
SZ005324,2018-01-09,2018,1,Uttar Pradesh,Lucknow,26.8708,81.7251,Charas/Hashish,28.01,State Police
SZ005325,2019-08-23,2019,8,Punjab,Amritsar,30.746,76.1309,Heroin,3.42,Coast Guard
SZ005326,2020-06-02,2020,6,Tamil Nadu,Chennai,11.0366,77.9444,Cocaine,0.07,State Police
SZ005327,2023-07-05,2023,7,Assam,Karimganj,26.5244,92.3268,Cannabis (Ganja),191.05,BSF
SZ005328,2018-05-17,2018,5,Maharashtra,Pune,19.0478,75.6539,Cannabis (Ganja),59.24,NCB
SZ005329,2023-05-04,2023,5,Gujarat,Porbandar,21.6614,71.7576,Cannabis (Ganja),366.5,DRI
SZ005330,2018-12-25,2018,12,Assam,Dibrugarh,26.8263,92.823,Cannabis (Ganja),67.14,State Police
SZ005331,2021-11-18,2021,11,Assam,Guwahati,26.2408,92.6601,Heroin,2.82,NCB
SZ005332,2020-03-19,2020,3,Punjab,Tarn Taran,31.7502,75.6509,Cannabis (Ganja),112.23,Coast Guard
SZ005333,2023-12-01,2023,12,Assam,Dibrugarh,26.6023,92.651,Methamphetamine,9.58,State Police
SZ005334,2024-03-10,2024,3,Jammu and Kashmir,Jammu,34.1287,75.8421,Charas/Hashish,5.2,DRI
SZ005335,2018-04-14,2018,4,Mizoram,Lunglei,23.2006,92.9651,Opium,14.45,NCB
SZ005336,2019-02-11,2019,2,Gujarat,Surat,22.4899,70.4507,Methamphetamine,0.78,NCB
SZ005337,2019-05-13,2019,5,Maharashtra,Thane,20.5406,75.3162,Cannabis (Ganja),164.14,State Police
SZ005338,2020-05-02,2020,5,Kerala,Kollam,10.564,76.1336,MDMA,0.45,NCB
SZ005339,2024-11-18,2024,11,Bihar,Bhagalpur,25.2487,85.6656,Poppy Husk,241.51,Customs
SZ005340,2022-12-16,2022,12,Uttar Pradesh,Lucknow,26.8031,81.0436,Heroin,0.09,Customs
SZ005341,2020-08-17,2020,8,Kerala,Thiruvananthapuram,10.7273,76.9019,Cannabis (Ganja),74.09,NCB
SZ005342,2021-06-04,2021,6,Andhra Pradesh,Guntur,15.5778,79.67,Opium,8.02,State Police
SZ005343,2018-05-04,2018,5,Uttar Pradesh,Agra,26.8195,80.4261,Cannabis (Ganja),110.97,State Police
SZ005344,2020-06-17,2020,6,Punjab,Ferozepur,30.8927,75.2723,Cocaine,0.48,State Police
SZ005345,2018-09-09,2018,9,Andhra Pradesh,Vijayawada,15.1996,80.3539,Ketamine,10.36,NCB
SZ005346,2020-10-09,2020,10,Delhi,North West Delhi,28.9544,77.2287,Cannabis (Ganja),2.79,State Police
SZ005347,2022-03-12,2022,3,Mizoram,Lunglei,23.2877,93.1613,Heroin,14.26,State Police
SZ005348,2022-03-22,2022,3,Andhra Pradesh,Guntur,15.4613,80.4815,Heroin,1.09,State Police
SZ005349,2021-03-06,2021,3,Delhi,North West Delhi,29.2398,77.8128,Methamphetamine,1.56,Customs
SZ005350,2022-01-20,2022,1,Assam,Dibrugarh,26.2504,92.4319,Ketamine,6.31,State Police
SZ005351,2024-09-26,2024,9,Punjab,Ferozepur,30.3979,75.2433,Charas/Hashish,15.81,Customs
SZ005352,2022-09-17,2022,9,Maharashtra,Mumbai,19.2193,74.9371,Methamphetamine,3.84,State Police
SZ005353,2022-08-08,2022,8,Gujarat,Surat,21.934,70.5215,MDMA,0.56,Customs
SZ005354,2020-04-19,2020,4,Mizoram,Lunglei,23.0575,92.5724,Cannabis (Ganja),156.75,Customs
SZ005355,2023-07-04,2023,7,Andhra Pradesh,Anantapur,15.7401,80.0826,Cannabis (Ganja),75.34,State Police
SZ005356,2021-09-20,2021,9,Uttar Pradesh,Lucknow,26.1418,80.3623,Heroin,5.52,Coast Guard
SZ005357,2020-06-23,2020,6,Delhi,South Delhi,28.2039,77.5034,Opium,7.81,NCB
SZ005358,2023-07-25,2023,7,Karnataka,Bengaluru Urban,16.0523,76.2609,MDMA,3.73,Customs
SZ005359,2022-10-15,2022,10,Gujarat,Porbandar,21.7226,70.8402,Methamphetamine,1.33,State Police
SZ005360,2019-04-07,2019,4,Odisha,Ganjam,20.7347,84.4254,Cannabis (Ganja),390.23,State Police
SZ005361,2023-09-01,2023,9,Punjab,Tarn Taran,30.5077,74.9046,MDMA,1.91,NCB
SZ005362,2020-04-25,2020,4,Gujarat,Kutch,22.3395,71.2173,Cannabis (Ganja),135.51,Customs
SZ005363,2018-12-11,2018,12,Karnataka,Belagavi,14.7552,76.0456,Heroin,0.58,NCB
SZ005364,2023-12-12,2023,12,Madhya Pradesh,Indore,22.1872,78.4794,Cannabis (Ganja),48.46,NCB
SZ005365,2019-07-10,2019,7,Gujarat,Kutch,21.988,70.4694,Methamphetamine,10.69,NCB
SZ005366,2021-09-22,2021,9,Manipur,Imphal West,24.2001,93.6712,Heroin,3.88,BSF
SZ005367,2018-07-03,2018,7,Madhya Pradesh,Gwalior,22.4629,78.6553,Methamphetamine,1.58,Customs
SZ005368,2019-08-24,2019,8,Mizoram,Champhai,22.4789,92.5114,Ketamine,3.96,State Police
SZ005369,2020-06-09,2020,6,Karnataka,Mangaluru,15.3717,75.8928,Cannabis (Ganja),469.18,NCB
SZ005370,2024-05-20,2024,5,Maharashtra,Thane,19.0905,76.1633,Charas/Hashish,10.78,NCB
SZ005371,2022-05-25,2022,5,Uttar Pradesh,Lucknow,27.5849,80.98,Poppy Husk,187.52,NCB
SZ005372,2018-11-26,2018,11,Telangana,Warangal,18.5579,79.2755,Heroin,7.91,Customs
SZ005373,2020-05-23,2020,5,Punjab,Gurdaspur,30.7649,75.8905,Charas/Hashish,0.36,BSF
SZ005374,2019-02-19,2019,2,Haryana,Gurugram,29.579,75.708,Cannabis (Ganja),101.8,State Police
SZ005375,2020-06-19,2020,6,Delhi,South Delhi,28.8247,77.2605,Cannabis (Ganja),20.46,BSF
SZ005376,2022-06-27,2022,6,Uttar Pradesh,Kanpur,27.6016,81.4136,Charas/Hashish,11.8,NCB
SZ005377,2022-04-17,2022,4,Gujarat,Porbandar,22.1349,71.4938,Heroin,6.41,NCB
SZ005378,2022-10-03,2022,10,Gujarat,Ahmedabad,22.3182,71.6732,Cocaine,1.65,NCB
SZ005379,2023-11-09,2023,11,Gujarat,Surat,22.4477,71.6486,Methamphetamine,7.15,NCB
SZ005380,2020-11-14,2020,11,West Bengal,North 24 Parganas,23.1455,88.4146,Cannabis (Ganja),125.39,NCB
SZ005381,2019-10-19,2019,10,Delhi,New Delhi,28.0672,76.9621,Cocaine,7.43,NCB
SZ005382,2019-08-21,2019,8,Telangana,Khammam,18.8737,79.5094,Cocaine,7.63,NCB
SZ005383,2022-07-22,2022,7,Madhya Pradesh,Indore,23.4634,78.5436,MDMA,0.3,State Police
SZ005384,2018-01-26,2018,1,Rajasthan,Barmer,27.1764,74.6699,Methamphetamine,4.72,State Police
SZ005385,2018-11-27,2018,11,Manipur,Churachandpur,24.3247,93.37,Charas/Hashish,2.08,DRI
SZ005386,2024-07-21,2024,7,Bihar,Muzaffarpur,24.9103,85.0449,Heroin,2.73,NCB
SZ005387,2018-02-01,2018,2,Gujarat,Kutch,21.6296,70.7439,Pharmaceutical Opioids,16.48,Customs
SZ005388,2022-02-06,2022,2,Delhi,North West Delhi,28.2556,77.7912,Methamphetamine,3.1,State Police
SZ005389,2021-07-26,2021,7,Gujarat,Kutch,22.6478,71.4778,Cannabis (Ganja),148.54,NCB
SZ005390,2024-07-16,2024,7,Punjab,Tarn Taran,31.2962,76.1354,Poppy Husk,381.22,Customs
SZ005391,2020-10-18,2020,10,Delhi,South Delhi,28.5418,77.4656,Cannabis (Ganja),91.74,NCB
SZ005392,2023-08-02,2023,8,Uttar Pradesh,Varanasi,27.2894,80.7637,Heroin,5.27,Customs
SZ005393,2023-02-23,2023,2,Jammu and Kashmir,Srinagar,33.5945,77.0502,Cannabis (Ganja),9.68,State Police
SZ005394,2019-02-23,2019,2,Gujarat,Surat,23.0173,70.7955,Cannabis (Ganja),99.66,Customs
SZ005395,2020-04-27,2020,4,Punjab,Ludhiana,31.61,75.8361,Methamphetamine,3.6,State Police
SZ005396,2021-06-05,2021,6,Mizoram,Lunglei,23.719,93.4451,MDMA,2.12,Customs
SZ005397,2022-12-20,2022,12,Karnataka,Mysuru,15.4252,76.0775,MDMA,1.08,NCB
SZ005398,2018-07-07,2018,7,Mizoram,Lunglei,23.5937,93.1598,Charas/Hashish,3.66,NCB
SZ005399,2021-04-02,2021,4,Punjab,Ferozepur,31.0964,76.0752,Opium,1.28,BSF
SZ005400,2020-08-01,2020,8,Kerala,Kollam,11.1314,75.5829,Charas/Hashish,3.42,BSF
SZ005401,2024-12-09,2024,12,Tamil Nadu,Madurai,10.6562,77.8754,Cocaine,1.5,NCB
SZ005402,2022-06-08,2022,6,Manipur,Imphal West,25.1791,93.4731,Charas/Hashish,11.37,Customs
SZ005403,2022-05-26,2022,5,Haryana,Faridabad,28.292,76.6399,Methamphetamine,14.07,NCB
SZ005404,2022-07-10,2022,7,Madhya Pradesh,Bhopal,22.2318,79.0856,Pharmaceutical Opioids,24.67,NCB
SZ005405,2021-02-19,2021,2,Jammu and Kashmir,Poonch,33.6825,76.9205,Opium,9.4,NCB
SZ005406,2018-12-23,2018,12,Karnataka,Mangaluru,14.9951,76.2695,Methamphetamine,12.24,Customs
SZ005407,2023-01-06,2023,1,Haryana,Karnal,28.7074,76.6976,Poppy Husk,267.94,NCB
SZ005408,2020-04-26,2020,4,Andhra Pradesh,Guntur,16.4259,79.04,Charas/Hashish,17.76,NCB
SZ005409,2019-04-04,2019,4,Madhya Pradesh,Neemuch,23.483,79.2827,Cannabis (Ganja),306.2,Coast Guard
SZ005410,2020-10-19,2020,10,Jammu and Kashmir,Baramulla,34.5754,77.1649,Pharmaceutical Opioids,20.21,NCB
SZ005411,2024-04-16,2024,4,Mizoram,Aizawl,22.9147,92.4417,Opium,0.93,State Police
SZ005412,2020-05-20,2020,5,Telangana,Khammam,17.5492,78.5999,MDMA,3.49,NCB
SZ005413,2021-01-21,2021,1,Maharashtra,Thane,19.8229,75.0687,Cannabis (Ganja),158.64,NCB
SZ005414,2021-11-17,2021,11,Gujarat,Ahmedabad,21.8907,70.4543,Cannabis (Ganja),21.48,Customs
SZ005415,2022-09-18,2022,9,Andhra Pradesh,Visakhapatnam,16.2821,80.2373,Heroin,6.19,Customs
SZ005416,2023-07-21,2023,7,Odisha,Cuttack,20.3847,85.2276,Pharmaceutical Opioids,0.07,State Police
SZ005417,2021-09-21,2021,9,Delhi,East Delhi,28.8728,76.7481,Heroin,1.95,NCB
SZ005418,2024-03-04,2024,3,Mizoram,Champhai,22.8806,93.2517,Cannabis (Ganja),17.48,NCB
SZ005419,2020-12-01,2020,12,Uttar Pradesh,Kanpur,26.3222,80.3789,Pharmaceutical Opioids,4.12,BSF
SZ005420,2019-12-17,2019,12,Jammu and Kashmir,Baramulla,34.4531,76.4228,Heroin,0.88,NCB
SZ005421,2023-11-13,2023,11,Mizoram,Lunglei,23.9018,93.1893,MDMA,5.15,State Police
SZ005422,2020-06-14,2020,6,Jammu and Kashmir,Baramulla,33.654,76.7237,Ketamine,6.11,Coast Guard
SZ005423,2018-05-11,2018,5,Mizoram,Champhai,23.6019,92.4069,Cannabis (Ganja),61.91,NCB
SZ005424,2018-07-26,2018,7,Assam,Guwahati,26.0072,93.7382,Cannabis (Ganja),144.3,State Police
SZ005425,2023-06-03,2023,6,Haryana,Karnal,29.5291,76.1419,Charas/Hashish,4.48,State Police
SZ005426,2018-10-19,2018,10,Maharashtra,Mumbai,19.9801,75.0064,Charas/Hashish,2.69,Customs
SZ005427,2023-09-25,2023,9,Assam,Karimganj,26.3728,92.5534,Cannabis (Ganja),210.23,State Police
SZ005428,2022-01-10,2022,1,Manipur,Imphal East,24.4214,94.5728,Pharmaceutical Opioids,13.7,Customs
SZ005429,2020-07-12,2020,7,Gujarat,Bhavnagar,22.4682,71.544,Pharmaceutical Opioids,25.42,State Police
SZ005430,2022-04-23,2022,4,Manipur,Chandel,24.0847,93.7754,Cocaine,0.68,Customs
SZ005431,2024-05-14,2024,5,Uttar Pradesh,Kanpur,26.7734,81.115,Charas/Hashish,11.79,NCB
SZ005432,2022-04-12,2022,4,Mizoram,Lunglei,22.3806,93.6028,Methamphetamine,1.68,State Police
SZ005433,2019-06-06,2019,6,Maharashtra,Pune,19.529,75.7714,Cannabis (Ganja),363.06,NCB
SZ005434,2019-06-03,2019,6,Punjab,Ludhiana,31.0112,75.3664,Methamphetamine,6.55,State Police
SZ005435,2024-06-16,2024,6,Rajasthan,Bikaner,27.0967,74.8096,Heroin,9.76,State Police
SZ005436,2020-08-23,2020,8,Delhi,New Delhi,28.1831,76.501,Charas/Hashish,1.58,DRI
SZ005437,2024-01-04,2024,1,Manipur,Chandel,25.3968,93.1352,Cannabis (Ganja),38.05,NCB
SZ005438,2023-03-10,2023,3,Manipur,Chandel,25.2189,93.2592,Cannabis (Ganja),36.37,NCB
SZ005439,2022-04-09,2022,4,Odisha,Ganjam,20.6862,84.5862,MDMA,1.74,NCB
SZ005440,2022-10-23,2022,10,Assam,Guwahati,26.6855,92.1665,Cocaine,0.4,Customs
SZ005441,2022-03-22,2022,3,Mizoram,Lunglei,23.063,92.7679,Cannabis (Ganja),531.83,NCB
SZ005442,2019-09-21,2019,9,Gujarat,Bhavnagar,21.8016,70.7299,Cannabis (Ganja),184.02,State Police
SZ005443,2023-07-15,2023,7,Assam,Guwahati,25.8315,92.83,Cannabis (Ganja),16.69,NCB
SZ005444,2018-11-13,2018,11,Manipur,Churachandpur,25.2627,94.6318,Cannabis (Ganja),94.47,Customs
SZ005445,2021-03-07,2021,3,Telangana,Nizamabad,18.3561,79.7739,Charas/Hashish,0.78,State Police
SZ005446,2018-11-03,2018,11,Gujarat,Ahmedabad,21.7939,71.7661,Methamphetamine,3.64,State Police
SZ005447,2023-10-03,2023,10,Karnataka,Mysuru,15.07,76.4368,Pharmaceutical Opioids,5.12,Customs
SZ005448,2024-01-18,2024,1,Manipur,Chandel,25.2218,94.4648,Cannabis (Ganja),102.99,BSF
SZ005449,2020-03-10,2020,3,Karnataka,Belagavi,14.7194,75.6767,Cannabis (Ganja),125.67,BSF
SZ005450,2020-07-01,2020,7,Karnataka,Mysuru,15.8876,75.7552,Cannabis (Ganja),90.69,NCB
SZ005451,2023-05-18,2023,5,Andhra Pradesh,Visakhapatnam,16.0501,79.5138,Cannabis (Ganja),226.96,State Police
SZ005452,2019-10-07,2019,10,Tamil Nadu,Chennai,11.1386,78.1627,Heroin,0.54,NCB
SZ005453,2023-06-12,2023,6,Telangana,Nizamabad,18.2186,78.4725,Heroin,1.41,NCB
SZ005454,2020-10-08,2020,10,Maharashtra,Nashik,19.421,76.1446,Cannabis (Ganja),186.84,NCB
SZ005455,2021-10-25,2021,10,West Bengal,North 24 Parganas,22.3778,87.9897,Cannabis (Ganja),86.8,State Police
SZ005456,2024-10-25,2024,10,Uttar Pradesh,Kanpur,26.2361,81.3625,Cannabis (Ganja),336.2,Customs
SZ005457,2022-05-12,2022,5,Delhi,New Delhi,28.6117,76.6267,Opium,19.05,State Police
SZ005458,2021-04-01,2021,4,Odisha,Cuttack,20.8179,84.963,Cocaine,0.05,Coast Guard
SZ005459,2023-10-18,2023,10,Bihar,Patna,25.5449,85.7817,Methamphetamine,9.63,NCB
SZ005460,2023-11-04,2023,11,Maharashtra,Pune,18.9637,75.5472,Heroin,5.22,NCB
SZ005461,2023-03-23,2023,3,Rajasthan,Kota,26.333,74.8506,Heroin,3.82,NCB
SZ005462,2020-02-03,2020,2,Gujarat,Porbandar,22.8418,71.8561,Heroin,6.63,Customs
SZ005463,2023-12-14,2023,12,Punjab,Ferozepur,31.4247,75.8586,Methamphetamine,10.38,BSF
SZ005464,2024-01-16,2024,1,Karnataka,Mysuru,15.41,74.9999,Cannabis (Ganja),58.01,State Police
SZ005465,2023-05-17,2023,5,Manipur,Churachandpur,24.1314,94.0323,Heroin,10.99,Coast Guard
SZ005466,2020-01-23,2020,1,Jammu and Kashmir,Poonch,33.5956,77.022,Ketamine,2.76,NCB
SZ005467,2021-05-02,2021,5,West Bengal,Kolkata,23.5677,88.0375,Heroin,0.15,State Police
SZ005468,2019-04-03,2019,4,Andhra Pradesh,Vijayawada,15.3471,80.0873,Opium,0.58,BSF
SZ005469,2022-05-13,2022,5,Maharashtra,Pune,20.5063,75.0507,Cannabis (Ganja),339.13,NCB
SZ005470,2018-05-08,2018,5,Tamil Nadu,Tirunelveli,11.3551,78.8392,MDMA,3.91,State Police
SZ005471,2023-11-15,2023,11,Kerala,Thiruvananthapuram,10.7792,76.0046,Methamphetamine,2.86,State Police
SZ005472,2019-03-06,2019,3,Mizoram,Champhai,23.2658,93.2569,Heroin,0.36,State Police
SZ005473,2023-05-07,2023,5,Tamil Nadu,Coimbatore,10.7003,78.7711,Methamphetamine,4.07,Customs
SZ005474,2019-04-14,2019,4,Rajasthan,Kota,27.421,73.4853,Cannabis (Ganja),334.72,State Police
SZ005475,2021-09-18,2021,9,Kerala,Kochi,10.2822,75.605,Pharmaceutical Opioids,5.24,Customs
SZ005476,2019-12-15,2019,12,West Bengal,Kolkata,22.815,87.5525,Pharmaceutical Opioids,14.65,NCB
SZ005477,2018-03-12,2018,3,Jammu and Kashmir,Srinagar,34.4354,75.9957,Heroin,5.48,NCB
SZ005478,2024-11-26,2024,11,Manipur,Imphal East,24.9889,94.1458,Poppy Husk,32.31,NCB
SZ005479,2022-09-07,2022,9,Odisha,Ganjam,20.3715,84.554,Cannabis (Ganja),91.3,Customs
SZ005480,2018-08-05,2018,8,Rajasthan,Barmer,27.4365,74.6777,Heroin,0.86,NCB
SZ005481,2019-02-14,2019,2,Assam,Dibrugarh,26.6428,92.6873,Poppy Husk,51.6,Customs
SZ005482,2022-12-22,2022,12,Assam,Dibrugarh,25.9803,93.6681,Methamphetamine,10.71,Coast Guard
SZ005483,2024-07-22,2024,7,Mizoram,Champhai,22.8394,92.4877,Cannabis (Ganja),21.87,NCB
SZ005484,2020-09-03,2020,9,Odisha,Koraput,21.1078,84.9831,Cannabis (Ganja),22.2,BSF
SZ005485,2020-10-26,2020,10,West Bengal,Nadia,23.5771,88.53,Methamphetamine,7.87,State Police
SZ005486,2022-02-25,2022,2,Gujarat,Ahmedabad,22.1657,71.6769,Poppy Husk,302.08,State Police
SZ005487,2020-06-21,2020,6,Andhra Pradesh,Anantapur,16.1943,79.2612,Cannabis (Ganja),136.55,Customs
SZ005488,2018-10-07,2018,10,Punjab,Gurdaspur,31.5597,75.6062,Cannabis (Ganja),387.26,Customs
SZ005489,2021-10-01,2021,10,Odisha,Koraput,20.7889,85.7929,Ketamine,0.57,NCB
SZ005490,2022-05-23,2022,5,Odisha,Bhubaneswar,20.2207,85.0477,Charas/Hashish,6.72,State Police
SZ005491,2021-08-18,2021,8,Delhi,New Delhi,29.0875,77.0411,Heroin,4.69,State Police
SZ005492,2020-09-23,2020,9,Rajasthan,Jaisalmer,27.113,74.7645,Heroin,0.48,State Police
SZ005493,2024-11-11,2024,11,Odisha,Koraput,21.6287,85.3894,Cannabis (Ganja),57.97,DRI
SZ005494,2018-12-13,2018,12,Assam,Cachar,26.3888,92.7447,Pharmaceutical Opioids,0.33,State Police
SZ005495,2024-05-16,2024,5,Assam,Dibrugarh,25.9325,92.3926,Methamphetamine,1.67,NCB
SZ005496,2020-01-02,2020,1,Assam,Cachar,26.9283,93.4207,Ketamine,6.35,State Police
SZ005497,2021-12-02,2021,12,Manipur,Chandel,25.2129,93.5052,Cannabis (Ganja),51.33,NCB
SZ005498,2023-08-26,2023,8,Tamil Nadu,Madurai,11.1471,78.158,Cocaine,1.89,NCB
SZ005499,2020-11-06,2020,11,Jammu and Kashmir,Jammu,33.5039,76.101,Poppy Husk,192.01,State Police
SZ005500,2023-07-10,2023,7,Delhi,South Delhi,28.411,76.702,Charas/Hashish,4.04,State Police
SZ005501,2024-01-16,2024,1,Manipur,Chandel,23.8782,93.3073,Methamphetamine,2.34,NCB
SZ005502,2022-12-09,2022,12,Jammu and Kashmir,Jammu,33.904,76.905,Heroin,0.11,State Police
SZ005503,2024-10-16,2024,10,Maharashtra,Mumbai,19.5589,75.1672,Methamphetamine,11.51,State Police
SZ005504,2018-11-23,2018,11,Punjab,Ferozepur,31.7207,76.0367,Ketamine,4.76,Customs
SZ005505,2020-12-11,2020,12,Jammu and Kashmir,Poonch,33.9839,76.1323,Poppy Husk,115.61,State Police
SZ005506,2018-11-18,2018,11,West Bengal,Nadia,23.2853,88.568,Charas/Hashish,6.41,NCB
SZ005507,2019-02-19,2019,2,Manipur,Chandel,24.2825,94.352,Cannabis (Ganja),127.22,NCB
SZ005508,2021-07-02,2021,7,Jammu and Kashmir,Jammu,34.4377,76.6045,Heroin,2.41,State Police
SZ005509,2022-03-12,2022,3,Karnataka,Mysuru,14.8313,75.1397,MDMA,1.92,Customs
SZ005510,2022-08-14,2022,8,Odisha,Bhubaneswar,20.4097,85.1685,Heroin,17.68,NCB
SZ005511,2021-10-09,2021,10,Delhi,South Delhi,29.1821,77.6806,Pharmaceutical Opioids,24.6,Customs
SZ005512,2018-06-12,2018,6,Rajasthan,Jodhpur,26.5536,73.4818,Heroin,1.88,State Police
SZ005513,2023-02-16,2023,2,Gujarat,Kutch,21.7263,71.6189,Cocaine,1.04,State Police
SZ005514,2022-08-22,2022,8,Manipur,Chandel,25.084,93.9659,Heroin,1.52,NCB
SZ005515,2021-01-26,2021,1,Punjab,Tarn Taran,31.5075,74.8411,Cannabis (Ganja),210.18,NCB
SZ005516,2024-03-27,2024,3,Bihar,Gaya,24.5376,84.7591,Methamphetamine,22.15,NCB
SZ005517,2022-03-09,2022,3,Mizoram,Champhai,23.5215,92.7272,Charas/Hashish,12.61,NCB
SZ005518,2021-11-07,2021,11,Gujarat,Kutch,21.7419,70.3989,Methamphetamine,7.77,NCB
SZ005519,2023-01-24,2023,1,Karnataka,Belagavi,15.032,76.2068,Cannabis (Ganja),168.48,NCB
SZ005520,2024-01-05,2024,1,Tamil Nadu,Coimbatore,10.5424,78.7292,Opium,9.34,NCB
SZ005521,2021-07-18,2021,7,Kerala,Thiruvananthapuram,10.091,75.8673,Methamphetamine,1.33,BSF
SZ005522,2019-02-10,2019,2,Uttar Pradesh,Ghaziabad,26.77,80.6269,Cannabis (Ganja),175.68,NCB
SZ005523,2022-08-26,2022,8,Karnataka,Mangaluru,15.612,76.0995,Poppy Husk,120.67,NCB
SZ005524,2023-11-16,2023,11,Punjab,Amritsar,31.8375,75.5549,Poppy Husk,203.26,State Police
SZ005525,2018-10-10,2018,10,Haryana,Karnal,29.3414,76.0122,Heroin,4.87,DRI
SZ005526,2021-12-11,2021,12,Delhi,North West Delhi,28.8456,76.4112,Heroin,2.27,BSF
SZ005527,2019-04-03,2019,4,Delhi,North West Delhi,28.2081,76.5842,Methamphetamine,5.09,NCB
SZ005528,2018-06-03,2018,6,Assam,Cachar,25.9033,93.0703,Methamphetamine,4.32,Customs
SZ005529,2020-08-12,2020,8,Punjab,Tarn Taran,31.1,75.7561,Cannabis (Ganja),333.89,NCB
SZ005530,2024-01-12,2024,1,Mizoram,Champhai,23.8197,93.1578,Opium,10.95,State Police
SZ005531,2024-12-19,2024,12,Madhya Pradesh,Neemuch,22.8331,78.8926,Methamphetamine,1.49,NCB
SZ005532,2020-05-23,2020,5,Andhra Pradesh,Visakhapatnam,16.0681,80.1396,Cannabis (Ganja),25.99,State Police
SZ005533,2018-10-17,2018,10,Karnataka,Mysuru,15.4207,75.2766,Cannabis (Ganja),14.07,State Police
SZ005534,2022-02-27,2022,2,Manipur,Imphal East,24.4213,93.1799,Methamphetamine,1.45,State Police
SZ005535,2020-12-05,2020,12,Assam,Dibrugarh,26.9934,92.7337,Heroin,0.85,State Police
SZ005536,2022-04-06,2022,4,Punjab,Ferozepur,30.5864,74.7018,Heroin,2.92,NCB
SZ005537,2020-08-13,2020,8,Rajasthan,Bikaner,26.5296,74.4964,Opium,28.24,State Police
SZ005538,2021-09-22,2021,9,Tamil Nadu,Madurai,11.2096,79.3988,Opium,3.76,BSF
SZ005539,2019-09-13,2019,9,Maharashtra,Pune,18.9829,76.2982,Cannabis (Ganja),154.05,BSF
SZ005540,2019-10-19,2019,10,Manipur,Chandel,24.3578,94.0312,Cannabis (Ganja),342.3,NCB
SZ005541,2024-07-05,2024,7,Telangana,Khammam,18.5433,78.4864,Charas/Hashish,0.25,State Police
SZ005542,2018-08-22,2018,8,Odisha,Cuttack,21.1179,84.4507,MDMA,1.92,State Police
SZ005543,2024-02-06,2024,2,Madhya Pradesh,Gwalior,22.971,79.3944,Heroin,2.93,Customs
SZ005544,2024-04-08,2024,4,Assam,Cachar,26.3512,92.4904,Cannabis (Ganja),258.16,Customs
SZ005545,2024-07-20,2024,7,Maharashtra,Nagpur,19.4574,75.2246,Methamphetamine,19.53,BSF
SZ005546,2020-05-01,2020,5,Manipur,Imphal West,25.1864,93.9137,Heroin,2.73,NCB
SZ005547,2019-05-14,2019,5,Haryana,Gurugram,29.5877,75.7504,Cannabis (Ganja),142.86,State Police
SZ005548,2019-05-25,2019,5,Bihar,Bhagalpur,24.9296,85.387,Heroin,6.01,State Police
SZ005549,2023-03-13,2023,3,Gujarat,Kutch,21.9831,71.3411,Heroin,10.61,State Police
SZ005550,2022-07-03,2022,7,Kerala,Kollam,10.9652,75.7412,Cannabis (Ganja),82.79,NCB
SZ005551,2021-04-02,2021,4,Punjab,Ferozepur,30.9535,75.5121,Heroin,0.52,State Police
SZ005552,2018-11-25,2018,11,Delhi,East Delhi,28.535,77.6303,Charas/Hashish,20.42,Customs
SZ005553,2019-01-14,2019,1,Rajasthan,Bikaner,27.1454,74.463,Cannabis (Ganja),413.06,State Police
SZ005554,2020-04-03,2020,4,Manipur,Chandel,25.4198,94.4307,Heroin,10.22,NCB
SZ005555,2018-07-14,2018,7,Gujarat,Bhavnagar,21.9627,71.7247,Methamphetamine,2.25,State Police
SZ005556,2020-02-15,2020,2,Jammu and Kashmir,Poonch,33.8457,75.9134,Charas/Hashish,2.5,State Police
SZ005557,2023-02-19,2023,2,Mizoram,Lunglei,23.4622,92.7807,Methamphetamine,0.27,Customs
SZ005558,2020-07-18,2020,7,Assam,Guwahati,26.081,93.2766,Cannabis (Ganja),103.12,State Police
SZ005559,2019-01-04,2019,1,Jammu and Kashmir,Baramulla,33.4507,77.3617,Cocaine,0.6,NCB
SZ005560,2019-09-01,2019,9,Uttar Pradesh,Varanasi,26.6596,80.5219,Cannabis (Ganja),14.59,State Police
SZ005561,2020-11-05,2020,11,Maharashtra,Pune,19.8508,75.4618,Methamphetamine,4.99,Coast Guard
SZ005562,2020-02-11,2020,2,Odisha,Bhubaneswar,20.3657,84.6956,Heroin,0.31,BSF
SZ005563,2018-01-07,2018,1,Madhya Pradesh,Gwalior,23.7266,78.6508,Cannabis (Ganja),265.06,NCB
SZ005564,2021-10-12,2021,10,Jammu and Kashmir,Baramulla,33.3558,76.9667,Methamphetamine,2.06,NCB
SZ005565,2018-06-18,2018,6,Punjab,Gurdaspur,30.5883,76.0312,Poppy Husk,264.98,NCB
SZ005566,2018-06-23,2018,6,Delhi,East Delhi,29.1203,76.9092,Cannabis (Ganja),167.27,Customs
SZ005567,2021-02-16,2021,2,Delhi,North West Delhi,28.309,77.3899,Heroin,0.69,NCB
SZ005568,2021-06-13,2021,6,Uttar Pradesh,Ghaziabad,26.4938,80.4165,Cannabis (Ganja),359.84,NCB
SZ005569,2020-02-13,2020,2,Jammu and Kashmir,Poonch,33.4381,77.3304,Opium,7.66,DRI
SZ005570,2023-01-25,2023,1,Rajasthan,Barmer,27.4751,73.9444,Poppy Husk,47.64,State Police
SZ005571,2024-09-10,2024,9,Mizoram,Aizawl,22.9315,93.0326,Cannabis (Ganja),142.1,Customs
SZ005572,2023-07-05,2023,7,Andhra Pradesh,Visakhapatnam,15.8324,79.9571,Heroin,1.01,NCB
SZ005573,2023-02-23,2023,2,Andhra Pradesh,Guntur,15.4492,80.5151,Heroin,1.73,State Police
SZ005574,2018-02-14,2018,2,Manipur,Imphal East,25.4305,93.6373,Heroin,12.41,Coast Guard
SZ005575,2023-12-18,2023,12,Haryana,Karnal,29.3206,75.6378,Cannabis (Ganja),170.3,NCB
SZ005576,2018-03-13,2018,3,Delhi,East Delhi,28.9002,77.2695,Methamphetamine,6.42,NCB
SZ005577,2024-03-07,2024,3,Punjab,Amritsar,31.8918,74.6456,Opium,20.19,NCB
SZ005578,2022-09-27,2022,9,West Bengal,Nadia,23.3447,88.543,MDMA,1.82,Customs
SZ005579,2024-07-07,2024,7,Mizoram,Lunglei,23.4207,93.1061,Opium,11.14,State Police
SZ005580,2021-06-06,2021,6,Andhra Pradesh,Visakhapatnam,16.4268,80.3904,Cocaine,0.19,NCB
SZ005581,2023-02-26,2023,2,Maharashtra,Pune,20.1514,75.9326,Opium,3.94,State Police
SZ005582,2023-05-13,2023,5,Mizoram,Aizawl,22.7897,92.7318,Cannabis (Ganja),9.03,State Police
SZ005583,2020-12-01,2020,12,Odisha,Cuttack,21.0276,84.9697,Methamphetamine,4.27,State Police
SZ005584,2018-07-08,2018,7,Punjab,Gurdaspur,30.4508,75.5323,Pharmaceutical Opioids,2.63,DRI
SZ005585,2018-09-03,2018,9,Punjab,Gurdaspur,31.2449,74.8034,Pharmaceutical Opioids,17.31,State Police
SZ005586,2020-12-20,2020,12,Punjab,Amritsar,30.5353,75.7538,Opium,17.95,DRI
SZ005587,2018-02-18,2018,2,Jammu and Kashmir,Srinagar,33.5702,76.6032,Charas/Hashish,3.66,NCB
SZ005588,2018-05-25,2018,5,Haryana,Faridabad,29.5007,75.83,Pharmaceutical Opioids,0.13,NCB
SZ005589,2021-12-17,2021,12,Uttar Pradesh,Varanasi,26.0804,80.4481,Charas/Hashish,1.45,NCB
SZ005590,2022-08-20,2022,8,Mizoram,Aizawl,23.0177,92.2187,Cannabis (Ganja),457.43,BSF
SZ005591,2018-07-06,2018,7,Andhra Pradesh,Anantapur,16.1459,78.9489,Opium,35.16,State Police
SZ005592,2018-01-22,2018,1,Delhi,New Delhi,28.1641,76.4858,Opium,7.96,State Police
SZ005593,2023-07-23,2023,7,Mizoram,Lunglei,23.029,93.1,Methamphetamine,7.29,State Police
SZ005594,2024-03-04,2024,3,Maharashtra,Nashik,19.9039,75.114,Poppy Husk,657.45,State Police
SZ005595,2020-12-20,2020,12,Punjab,Gurdaspur,31.2171,75.6837,Cocaine,0.05,NCB
SZ005596,2021-10-15,2021,10,Rajasthan,Barmer,26.8757,73.9197,Cannabis (Ganja),88.89,NCB
SZ005597,2021-05-12,2021,5,Manipur,Churachandpur,24.1907,94.3955,Methamphetamine,0.48,DRI
SZ005598,2022-10-08,2022,10,Telangana,Hyderabad,18.8879,79.0986,MDMA,4.3,State Police
SZ005599,2022-03-25,2022,3,Punjab,Gurdaspur,30.9893,74.7421,Charas/Hashish,0.59,DRI
SZ005600,2018-12-13,2018,12,Rajasthan,Bikaner,26.8088,74.8552,Opium,36.07,State Police
SZ005601,2021-01-15,2021,1,Punjab,Ferozepur,30.4352,74.6372,Charas/Hashish,2.81,Customs
SZ005602,2019-02-12,2019,2,Assam,Cachar,25.7026,92.7634,Pharmaceutical Opioids,1.21,NCB
SZ005603,2023-12-15,2023,12,Rajasthan,Kota,27.6436,74.9923,Pharmaceutical Opioids,1.35,State Police
SZ005604,2023-10-09,2023,10,Jammu and Kashmir,Baramulla,33.8634,76.3959,Cannabis (Ganja),42.32,NCB
SZ005605,2021-02-09,2021,2,Punjab,Gurdaspur,31.0709,76.0332,Heroin,2.02,NCB
SZ005606,2022-03-27,2022,3,Delhi,New Delhi,27.9786,76.7861,Methamphetamine,11.35,BSF
SZ005607,2019-03-12,2019,3,Mizoram,Aizawl,22.6501,92.4733,Heroin,7.35,State Police
SZ005608,2022-08-05,2022,8,Rajasthan,Kota,26.7744,74.4028,Methamphetamine,6.9,State Police
SZ005609,2021-04-01,2021,4,Punjab,Amritsar,30.6777,74.5529,Methamphetamine,6.53,NCB
SZ005610,2020-11-05,2020,11,Gujarat,Kutch,22.9875,71.2937,Opium,7.54,Customs
SZ005611,2021-03-06,2021,3,Manipur,Chandel,24.2396,93.2645,Cocaine,1.69,Customs
SZ005612,2023-05-20,2023,5,Punjab,Gurdaspur,30.6759,75.4226,MDMA,0.1,NCB
SZ005613,2021-06-03,2021,6,Bihar,Gaya,25.0208,84.9441,Opium,26.89,State Police
SZ005614,2018-11-07,2018,11,Madhya Pradesh,Bhopal,22.6408,78.3179,Methamphetamine,7.41,Customs
SZ005615,2018-05-26,2018,5,Assam,Cachar,26.5558,92.8812,Cannabis (Ganja),407.35,NCB
SZ005616,2023-11-25,2023,11,Gujarat,Ahmedabad,22.4243,71.7729,Poppy Husk,133.61,State Police
SZ005617,2022-06-17,2022,6,Jammu and Kashmir,Baramulla,33.5664,76.7371,Charas/Hashish,9.64,BSF
SZ005618,2020-04-20,2020,4,Madhya Pradesh,Bhopal,23.6229,78.118,Opium,11.36,Coast Guard
SZ005619,2023-11-13,2023,11,Gujarat,Porbandar,21.7239,71.6085,Heroin,2.37,State Police
SZ005620,2020-04-09,2020,4,Gujarat,Surat,22.6898,71.5019,Cocaine,2.82,NCB
SZ005621,2024-07-12,2024,7,Delhi,North West Delhi,28.4193,76.7633,Cannabis (Ganja),139.15,State Police
SZ005622,2022-03-24,2022,3,Gujarat,Kutch,21.9295,71.0018,Pharmaceutical Opioids,3.35,NCB
SZ005623,2020-02-01,2020,2,Assam,Cachar,26.9884,93.2207,Cannabis (Ganja),120.92,NCB
SZ005624,2022-01-24,2022,1,Uttar Pradesh,Lucknow,27.0163,80.4655,Methamphetamine,2.59,State Police
SZ005625,2019-11-25,2019,11,Haryana,Faridabad,29.6202,76.606,Cannabis (Ganja),1.54,NCB
SZ005626,2018-06-15,2018,6,Karnataka,Mangaluru,15.4409,75.4953,Poppy Husk,144.74,Customs
SZ005627,2018-03-21,2018,3,Telangana,Nizamabad,18.2965,78.7094,Charas/Hashish,4.8,DRI
SZ005628,2023-02-27,2023,2,Maharashtra,Pune,20.3746,75.5537,Charas/Hashish,1.72,State Police
SZ005629,2022-05-27,2022,5,Punjab,Ferozepur,30.7842,75.4315,Poppy Husk,103.35,NCB
SZ005630,2020-12-01,2020,12,Rajasthan,Kota,26.5109,74.7409,Heroin,0.05,State Police
SZ005631,2024-11-18,2024,11,Jammu and Kashmir,Baramulla,33.6705,75.9078,Cannabis (Ganja),50.98,NCB
SZ005632,2022-03-10,2022,3,West Bengal,Kolkata,23.2515,88.1976,Cannabis (Ganja),210.8,Coast Guard
SZ005633,2020-05-04,2020,5,Assam,Dibrugarh,26.4043,93.0889,Cannabis (Ganja),77.57,NCB
SZ005634,2019-07-10,2019,7,Assam,Guwahati,25.8983,92.2816,Opium,1.27,NCB
SZ005635,2020-09-09,2020,9,Delhi,South Delhi,29.1453,77.6151,Cannabis (Ganja),15.47,Customs
SZ005636,2023-02-11,2023,2,West Bengal,Kolkata,22.8777,88.322,Cocaine,1.57,Customs
SZ005637,2021-12-12,2021,12,Uttar Pradesh,Ghaziabad,27.5981,81.2541,Charas/Hashish,16.77,NCB
SZ005638,2020-09-18,2020,9,Mizoram,Champhai,23.1164,92.6875,Poppy Husk,568.56,State Police
SZ005639,2019-12-19,2019,12,Delhi,South Delhi,29.3765,77.2473,Cannabis (Ganja),68.42,State Police
SZ005640,2019-09-15,2019,9,Punjab,Tarn Taran,30.9648,74.8199,Cannabis (Ganja),378.75,Customs
SZ005641,2019-12-25,2019,12,Bihar,Patna,25.2559,85.9859,Cannabis (Ganja),275.45,BSF
SZ005642,2021-11-12,2021,11,Gujarat,Porbandar,22.6959,70.7542,Charas/Hashish,21.99,Customs
SZ005643,2022-07-22,2022,7,Gujarat,Surat,21.7117,70.9854,Poppy Husk,192.28,NCB
SZ005644,2019-03-06,2019,3,Maharashtra,Nagpur,19.206,76.176,Ketamine,5.96,NCB
SZ005645,2020-03-15,2020,3,Mizoram,Aizawl,23.6561,92.2945,Methamphetamine,1.1,State Police
SZ005646,2018-03-09,2018,3,Rajasthan,Jodhpur,27.0318,74.4513,Heroin,4.95,NCB
SZ005647,2018-07-19,2018,7,Gujarat,Kutch,22.15,70.462,Heroin,11.33,State Police
SZ005648,2019-11-07,2019,11,Jammu and Kashmir,Srinagar,33.8576,76.0776,Poppy Husk,396.85,NCB
SZ005649,2020-09-25,2020,9,Bihar,Patna,25.338,85.0841,Heroin,0.62,State Police
SZ005650,2022-08-07,2022,8,Kerala,Kochi,10.94,75.8273,Poppy Husk,4.84,Customs
SZ005651,2021-03-24,2021,3,Assam,Cachar,25.7308,93.6901,Cannabis (Ganja),5.84,NCB
SZ005652,2020-08-21,2020,8,Manipur,Churachandpur,24.8792,93.9159,Opium,6.64,DRI
SZ005653,2023-09-15,2023,9,Andhra Pradesh,Guntur,16.5313,80.5062,Cocaine,4.81,State Police
SZ005654,2020-01-23,2020,1,Assam,Cachar,26.368,93.2738,Methamphetamine,1.71,NCB
SZ005655,2021-05-02,2021,5,West Bengal,Kolkata,23.0822,87.4651,Cannabis (Ganja),295.2,Customs
SZ005656,2020-04-10,2020,4,Punjab,Ferozepur,31.4282,75.6125,Heroin,12.44,State Police
SZ005657,2023-08-07,2023,8,Uttar Pradesh,Agra,26.1844,80.2161,Charas/Hashish,8.31,Customs
SZ005658,2023-04-14,2023,4,Delhi,North West Delhi,28.1932,77.8675,Charas/Hashish,19.74,NCB
SZ005659,2021-03-10,2021,3,Kerala,Thiruvananthapuram,10.7465,76.8079,Cannabis (Ganja),75.26,State Police
SZ005660,2019-01-27,2019,1,Punjab,Gurdaspur,30.6879,75.2311,Heroin,4.53,State Police
SZ005661,2019-07-21,2019,7,Telangana,Khammam,17.8608,79.6334,Heroin,1.38,Coast Guard
SZ005662,2024-12-27,2024,12,Gujarat,Ahmedabad,22.5361,70.519,MDMA,0.77,BSF
SZ005663,2023-09-02,2023,9,Gujarat,Kutch,22.5886,71.3126,MDMA,1.06,NCB
SZ005664,2021-04-22,2021,4,Telangana,Khammam,18.0498,79.804,Cannabis (Ganja),72.12,NCB
SZ005665,2021-02-20,2021,2,Mizoram,Champhai,23.6848,93.4456,Heroin,7.95,Customs
SZ005666,2022-10-19,2022,10,Rajasthan,Jodhpur,27.2261,74.5844,Methamphetamine,12.33,BSF
SZ005667,2023-02-01,2023,2,Assam,Guwahati,25.6395,93.3892,Methamphetamine,5.48,NCB
SZ005668,2021-08-01,2021,8,Uttar Pradesh,Ghaziabad,26.4363,81.7397,Opium,6.95,State Police
SZ005669,2023-06-18,2023,6,Haryana,Gurugram,28.3717,76.8134,Cannabis (Ganja),62.04,State Police
SZ005670,2021-01-07,2021,1,Assam,Guwahati,25.5978,92.8789,Pharmaceutical Opioids,19.05,NCB
SZ005671,2024-07-27,2024,7,Odisha,Cuttack,21.5885,85.1194,Heroin,0.91,State Police
SZ005672,2021-09-17,2021,9,Assam,Dibrugarh,25.9132,92.4814,Pharmaceutical Opioids,3.39,DRI
SZ005673,2018-07-26,2018,7,Assam,Cachar,25.7361,92.7463,Charas/Hashish,1.19,DRI
SZ005674,2023-10-21,2023,10,Uttar Pradesh,Agra,27.4127,81.1281,Cannabis (Ganja),427.56,NCB
SZ005675,2024-07-08,2024,7,Bihar,Bhagalpur,25.7082,86.079,Charas/Hashish,8.74,State Police
SZ005676,2018-09-09,2018,9,Rajasthan,Kota,26.452,74.2083,Cannabis (Ganja),233.02,BSF
SZ005677,2018-09-19,2018,9,Gujarat,Surat,22.766,70.5219,Pharmaceutical Opioids,11.7,State Police
SZ005678,2020-05-09,2020,5,Punjab,Ludhiana,31.667,75.0063,Methamphetamine,2.29,NCB
SZ005679,2024-08-03,2024,8,Mizoram,Aizawl,22.8344,93.7391,Charas/Hashish,4.66,State Police
SZ005680,2020-07-16,2020,7,Maharashtra,Thane,19.5196,75.6969,Charas/Hashish,0.62,Customs
SZ005681,2021-12-02,2021,12,Haryana,Faridabad,29.4524,76.4428,Methamphetamine,3.45,State Police
SZ005682,2022-05-05,2022,5,Bihar,Muzaffarpur,24.6249,85.5482,Opium,10.91,State Police
SZ005683,2021-12-13,2021,12,Haryana,Faridabad,28.8934,75.8385,Heroin,2.27,State Police
SZ005684,2022-06-24,2022,6,Punjab,Amritsar,30.5358,74.926,Methamphetamine,3.47,NCB
SZ005685,2022-02-27,2022,2,Uttar Pradesh,Ghaziabad,26.7762,81.2902,Charas/Hashish,2.17,NCB
SZ005686,2022-10-19,2022,10,Mizoram,Champhai,23.5424,93.5288,Pharmaceutical Opioids,7.59,BSF
SZ005687,2024-08-20,2024,8,Madhya Pradesh,Indore,22.5367,78.1136,Poppy Husk,26.96,Customs
SZ005688,2023-01-14,2023,1,Manipur,Imphal West,24.5514,94.0994,Cannabis (Ganja),34.91,BSF
SZ005689,2019-05-13,2019,5,Gujarat,Porbandar,21.5565,71.5759,Methamphetamine,0.34,Customs
SZ005690,2020-08-08,2020,8,Uttar Pradesh,Varanasi,27.0357,81.5346,Heroin,1.62,State Police
SZ005691,2023-04-26,2023,4,Rajasthan,Jaisalmer,26.328,74.8474,Methamphetamine,3.27,NCB
SZ005692,2022-07-21,2022,7,Punjab,Ludhiana,31.0176,75.8419,Charas/Hashish,6.97,Customs
SZ005693,2021-01-09,2021,1,Tamil Nadu,Madurai,11.7768,79.2067,Cannabis (Ganja),103.24,DRI
SZ005694,2018-02-01,2018,2,Mizoram,Lunglei,23.0453,92.8213,Methamphetamine,3.7,Coast Guard
SZ005695,2024-01-20,2024,1,Gujarat,Ahmedabad,22.497,71.4016,Methamphetamine,13.03,BSF
SZ005696,2023-06-24,2023,6,Rajasthan,Jodhpur,26.6198,73.5609,Cannabis (Ganja),347.13,NCB
SZ005697,2022-01-01,2022,1,Mizoram,Aizawl,23.5415,92.7461,Heroin,0.71,Customs
SZ005698,2023-05-19,2023,5,Madhya Pradesh,Indore,22.9136,77.9587,Methamphetamine,6.76,DRI
SZ005699,2022-09-07,2022,9,Madhya Pradesh,Gwalior,22.7134,79.1299,Heroin,2.55,State Police
SZ005700,2020-12-24,2020,12,Uttar Pradesh,Varanasi,26.6827,80.9168,Methamphetamine,2.73,State Police
SZ005701,2021-05-18,2021,5,Gujarat,Ahmedabad,22.1402,71.2402,Charas/Hashish,1.87,Customs
SZ005702,2019-10-16,2019,10,Bihar,Muzaffarpur,25.6988,85.2733,Cannabis (Ganja),281.99,Coast Guard
SZ005703,2023-11-21,2023,11,Punjab,Ferozepur,31.9031,75.027,Methamphetamine,16.92,State Police
SZ005704,2019-03-22,2019,3,Mizoram,Aizawl,23.8705,93.6227,Methamphetamine,1.16,Coast Guard
SZ005705,2020-11-15,2020,11,Rajasthan,Jaisalmer,26.5396,74.7831,Poppy Husk,36.91,NCB
SZ005706,2020-07-20,2020,7,Gujarat,Surat,22.93,71.5995,Charas/Hashish,1.98,State Police
SZ005707,2019-11-11,2019,11,Delhi,East Delhi,29.3627,76.6624,Cannabis (Ganja),275.59,NCB
SZ005708,2020-07-14,2020,7,Punjab,Tarn Taran,31.0255,74.8282,Heroin,0.91,Customs
SZ005709,2019-01-26,2019,1,Delhi,South Delhi,28.2306,76.9699,Heroin,1.64,State Police
SZ005710,2024-08-19,2024,8,West Bengal,North 24 Parganas,23.3572,87.9482,Heroin,5.63,NCB
SZ005711,2020-03-07,2020,3,Karnataka,Bengaluru Urban,16.0717,75.5448,Poppy Husk,97.38,State Police
SZ005712,2021-02-22,2021,2,Rajasthan,Kota,27.7009,73.7121,Heroin,0.35,NCB
SZ005713,2023-05-01,2023,5,Haryana,Faridabad,28.3603,75.9546,Cannabis (Ganja),51.02,Customs
SZ005714,2021-01-06,2021,1,Mizoram,Aizawl,22.4113,93.6833,Methamphetamine,2.33,BSF
SZ005715,2022-03-09,2022,3,Gujarat,Bhavnagar,21.6773,71.2646,Pharmaceutical Opioids,2.64,NCB
SZ005716,2022-11-26,2022,11,Manipur,Imphal West,23.8603,94.5043,Cannabis (Ganja),64.81,NCB
SZ005717,2023-02-22,2023,2,Gujarat,Kutch,22.5978,71.9353,Opium,5.82,NCB
SZ005718,2020-07-14,2020,7,West Bengal,Kolkata,23.4608,87.6119,Heroin,1.54,NCB
SZ005719,2024-09-21,2024,9,Delhi,New Delhi,28.9551,77.1307,Methamphetamine,5.42,State Police
SZ005720,2018-08-14,2018,8,Haryana,Gurugram,29.5771,76.6404,Methamphetamine,1.18,State Police
SZ005721,2024-02-24,2024,2,Madhya Pradesh,Bhopal,23.3464,78.9801,Heroin,2.93,State Police
SZ005722,2022-04-23,2022,4,Karnataka,Bengaluru Urban,15.9292,76.3424,Heroin,3.39,State Police
SZ005723,2018-02-25,2018,2,Haryana,Faridabad,29.4631,76.1512,Pharmaceutical Opioids,56.93,NCB
SZ005724,2019-02-18,2019,2,Odisha,Cuttack,21.2299,85.0439,Cannabis (Ganja),274.83,Coast Guard
SZ005725,2023-04-27,2023,4,Andhra Pradesh,Vijayawada,15.5934,79.7763,Methamphetamine,2.17,BSF
SZ005726,2024-12-16,2024,12,Maharashtra,Mumbai,20.1266,75.7604,Cannabis (Ganja),183.0,NCB
SZ005727,2023-10-23,2023,10,Madhya Pradesh,Gwalior,23.2283,78.1251,Cannabis (Ganja),292.02,State Police
SZ005728,2024-07-04,2024,7,Rajasthan,Kota,27.7054,74.4727,Methamphetamine,2.49,State Police
SZ005729,2020-08-03,2020,8,Punjab,Tarn Taran,30.7785,74.8167,MDMA,1.97,State Police
SZ005730,2022-06-15,2022,6,Manipur,Chandel,24.6668,94.5055,Charas/Hashish,11.23,NCB
SZ005731,2020-03-24,2020,3,Punjab,Tarn Taran,31.9473,74.5411,MDMA,0.53,NCB
SZ005732,2022-06-12,2022,6,Punjab,Ludhiana,31.7788,74.6608,Cannabis (Ganja),80.4,NCB
SZ005733,2022-05-24,2022,5,Mizoram,Aizawl,22.9999,93.5257,MDMA,4.04,State Police
SZ005734,2021-02-01,2021,2,Bihar,Muzaffarpur,25.7885,84.7533,Cocaine,1.31,State Police
SZ005735,2021-05-16,2021,5,Bihar,Patna,24.3619,85.2482,Charas/Hashish,2.25,State Police
SZ005736,2023-10-02,2023,10,Jammu and Kashmir,Poonch,33.0025,76.6551,MDMA,0.32,State Police
SZ005737,2024-06-25,2024,6,Delhi,East Delhi,28.1608,76.5803,Cannabis (Ganja),184.41,NCB
SZ005738,2018-12-09,2018,12,Gujarat,Ahmedabad,21.6309,71.4307,Opium,0.97,State Police
SZ005739,2023-03-27,2023,3,Odisha,Bhubaneswar,21.3741,85.1692,Cannabis (Ganja),158.53,NCB
SZ005740,2022-06-13,2022,6,Gujarat,Bhavnagar,21.5124,70.9834,MDMA,0.15,State Police
SZ005741,2022-02-01,2022,2,West Bengal,Kolkata,23.0196,88.4988,Pharmaceutical Opioids,20.75,State Police
SZ005742,2024-11-01,2024,11,Punjab,Tarn Taran,31.2199,75.4479,Cannabis (Ganja),8.95,State Police
SZ005743,2020-01-09,2020,1,Rajasthan,Barmer,27.8181,74.7054,Heroin,1.56,State Police
SZ005744,2024-09-18,2024,9,Uttar Pradesh,Lucknow,26.3209,80.1758,MDMA,1.45,NCB
SZ005745,2020-11-05,2020,11,Assam,Guwahati,26.5461,92.9585,Cocaine,2.89,Customs
SZ005746,2022-09-02,2022,9,Karnataka,Belagavi,15.9206,74.9184,Charas/Hashish,6.13,NCB
SZ005747,2021-10-19,2021,10,Delhi,East Delhi,28.8179,76.9853,Methamphetamine,2.39,Customs
SZ005748,2018-07-19,2018,7,Punjab,Ferozepur,30.9361,75.5221,Heroin,3.21,Customs
SZ005749,2019-04-24,2019,4,Madhya Pradesh,Indore,22.2022,78.6362,Heroin,6.39,State Police
SZ005750,2022-02-01,2022,2,Manipur,Chandel,25.1843,93.9875,Heroin,5.14,State Police
SZ005751,2020-05-12,2020,5,Telangana,Warangal,17.5278,78.3108,Methamphetamine,3.53,NCB
SZ005752,2018-03-12,2018,3,Manipur,Imphal East,23.9482,93.613,Charas/Hashish,2.04,Customs
SZ005753,2018-02-13,2018,2,West Bengal,Malda,23.0246,88.5036,Ketamine,2.39,NCB
SZ005754,2022-04-13,2022,4,Odisha,Bhubaneswar,21.5204,84.5174,Methamphetamine,0.97,NCB
SZ005755,2019-02-15,2019,2,Uttar Pradesh,Ghaziabad,26.9407,80.7207,Cannabis (Ganja),299.56,NCB
SZ005756,2020-07-07,2020,7,Mizoram,Aizawl,22.8746,93.6219,Charas/Hashish,0.95,State Police
SZ005757,2018-08-05,2018,8,Telangana,Khammam,18.1972,78.4122,Ketamine,4.54,State Police
SZ005758,2018-09-06,2018,9,Rajasthan,Kota,27.7303,74.4766,Heroin,2.67,Customs
SZ005759,2022-03-25,2022,3,Karnataka,Mysuru,15.6421,76.2035,Cannabis (Ganja),85.53,State Police
SZ005760,2022-04-26,2022,4,West Bengal,Malda,23.191,88.5924,Methamphetamine,5.64,State Police
SZ005761,2021-07-14,2021,7,Kerala,Thiruvananthapuram,11.2678,76.3223,Cannabis (Ganja),130.55,BSF
SZ005762,2023-10-05,2023,10,Punjab,Gurdaspur,31.6045,75.4901,Methamphetamine,11.52,NCB
SZ005763,2018-04-05,2018,4,Haryana,Karnal,29.5449,76.1845,Methamphetamine,3.03,State Police
SZ005764,2022-07-10,2022,7,Jammu and Kashmir,Srinagar,34.479,77.0249,Poppy Husk,230.55,NCB
SZ005765,2023-09-27,2023,9,Haryana,Karnal,28.7898,76.0194,Heroin,5.49,Customs
SZ005766,2020-08-07,2020,8,Manipur,Imphal West,24.4411,93.4581,Methamphetamine,27.79,NCB
SZ005767,2023-10-13,2023,10,Odisha,Koraput,20.5778,84.8981,Methamphetamine,8.1,NCB
SZ005768,2019-06-01,2019,6,Rajasthan,Bikaner,27.0794,74.0431,Heroin,3.75,NCB
SZ005769,2020-12-09,2020,12,Assam,Guwahati,26.3463,92.6233,Pharmaceutical Opioids,8.4,NCB
SZ005770,2024-04-19,2024,4,Tamil Nadu,Tirunelveli,10.9587,79.4429,Heroin,2.64,NCB
SZ005771,2018-07-07,2018,7,Delhi,South Delhi,28.3584,76.3632,Heroin,1.8,State Police
SZ005772,2022-11-19,2022,11,Tamil Nadu,Chennai,10.4298,78.1651,Opium,19.43,Customs
SZ005773,2018-03-10,2018,3,Delhi,North West Delhi,28.387,76.6433,MDMA,0.4,NCB
SZ005774,2020-01-20,2020,1,Maharashtra,Thane,19.4666,75.9779,Poppy Husk,23.31,NCB
SZ005775,2022-03-03,2022,3,Gujarat,Ahmedabad,22.01,71.8213,Heroin,1.89,State Police
SZ005776,2019-02-24,2019,2,Rajasthan,Jaisalmer,26.7055,75.0004,Heroin,2.78,DRI
SZ005777,2019-03-14,2019,3,Andhra Pradesh,Guntur,16.0756,79.2573,Heroin,7.95,Customs
SZ005778,2021-10-06,2021,10,Punjab,Amritsar,30.5684,76.023,Charas/Hashish,3.47,BSF
SZ005779,2019-10-21,2019,10,Mizoram,Aizawl,23.0382,93.3318,Cannabis (Ganja),2.55,Customs
SZ005780,2021-07-17,2021,7,Manipur,Imphal West,24.5079,94.5591,Pharmaceutical Opioids,1.93,State Police
SZ005781,2024-06-12,2024,6,Karnataka,Mangaluru,15.4259,75.2363,Charas/Hashish,0.1,NCB
SZ005782,2021-01-24,2021,1,Manipur,Chandel,24.8717,94.1052,Heroin,5.97,NCB
SZ005783,2024-04-27,2024,4,Gujarat,Porbandar,21.6495,71.7832,Charas/Hashish,12.69,Customs
SZ005784,2024-10-03,2024,10,Manipur,Imphal West,24.4267,93.3058,Ketamine,2.87,State Police
SZ005785,2018-04-18,2018,4,Gujarat,Kutch,22.4811,71.4547,Heroin,9.68,Customs
SZ005786,2019-10-20,2019,10,Rajasthan,Barmer,26.3106,74.0381,Charas/Hashish,6.98,State Police
SZ005787,2022-11-10,2022,11,Andhra Pradesh,Guntur,16.4073,79.3357,Cocaine,2.82,NCB
SZ005788,2022-10-13,2022,10,Jammu and Kashmir,Poonch,34.2738,76.6244,Methamphetamine,5.35,BSF
SZ005789,2024-04-05,2024,4,West Bengal,Nadia,22.8573,88.2413,Methamphetamine,1.54,Customs
SZ005790,2023-08-09,2023,8,Haryana,Sirsa,29.7866,76.7307,Ketamine,4.11,Customs
SZ005791,2020-08-02,2020,8,Karnataka,Mysuru,15.0696,75.1854,Cannabis (Ganja),71.11,Customs
SZ005792,2021-08-14,2021,8,Manipur,Chandel,24.6613,93.5264,Methamphetamine,4.25,DRI
SZ005793,2018-12-22,2018,12,Punjab,Ferozepur,30.8691,75.4814,Pharmaceutical Opioids,2.78,NCB
SZ005794,2018-04-08,2018,4,Punjab,Amritsar,31.7527,75.1457,Heroin,2.95,State Police
SZ005795,2019-12-07,2019,12,Rajasthan,Barmer,26.761,74.5643,Pharmaceutical Opioids,6.25,NCB
SZ005796,2022-07-27,2022,7,Delhi,South Delhi,28.4442,77.1801,Poppy Husk,264.48,BSF
SZ005797,2024-02-04,2024,2,Odisha,Koraput,21.5552,84.6528,Cannabis (Ganja),46.92,BSF
SZ005798,2020-07-26,2020,7,Gujarat,Bhavnagar,22.8462,71.5,Pharmaceutical Opioids,0.23,BSF
SZ005799,2023-12-03,2023,12,Manipur,Imphal West,24.1889,93.2032,Cannabis (Ganja),125.59,BSF
SZ005800,2022-09-10,2022,9,Assam,Dibrugarh,26.6949,92.2677,Methamphetamine,2.71,NCB
SZ005801,2022-01-09,2022,1,Maharashtra,Mumbai,20.476,76.0887,Cannabis (Ganja),36.9,Customs
SZ005802,2022-05-08,2022,5,Manipur,Churachandpur,24.6294,93.4701,Cannabis (Ganja),0.67,State Police
SZ005803,2020-05-02,2020,5,Karnataka,Mangaluru,15.4799,74.9564,Charas/Hashish,2.14,State Police
SZ005804,2021-11-27,2021,11,Odisha,Cuttack,20.6169,85.7452,Heroin,1.43,NCB
SZ005805,2024-06-15,2024,6,Mizoram,Champhai,23.4983,92.1912,Charas/Hashish,15.42,NCB
SZ005806,2021-09-16,2021,9,Gujarat,Surat,21.7503,71.2314,Pharmaceutical Opioids,19.97,State Police
SZ005807,2022-08-24,2022,8,West Bengal,Malda,23.5578,87.4522,Heroin,3.75,Customs
SZ005808,2022-04-09,2022,4,Rajasthan,Bikaner,26.8642,73.6857,Cannabis (Ganja),72.11,State Police
SZ005809,2023-01-05,2023,1,Mizoram,Lunglei,23.8331,93.3917,Cannabis (Ganja),77.83,Coast Guard
SZ005810,2023-12-07,2023,12,Rajasthan,Bikaner,27.4743,74.85,Methamphetamine,1.56,State Police
SZ005811,2019-02-23,2019,2,Manipur,Imphal East,25.1624,94.0438,Methamphetamine,16.12,State Police
SZ005812,2018-10-22,2018,10,Delhi,East Delhi,28.724,77.2248,Ketamine,2.58,Customs
SZ005813,2022-03-06,2022,3,Odisha,Koraput,20.8167,85.7162,Heroin,2.14,BSF
SZ005814,2021-07-26,2021,7,Assam,Dibrugarh,25.965,92.3858,Cannabis (Ganja),55.51,BSF
SZ005815,2023-10-18,2023,10,Maharashtra,Nagpur,20.433,75.4955,Heroin,1.52,NCB
SZ005816,2022-10-16,2022,10,Tamil Nadu,Madurai,10.6973,78.8068,Cannabis (Ganja),34.31,DRI
SZ005817,2022-08-07,2022,8,Karnataka,Mysuru,15.451,75.3059,Charas/Hashish,12.56,State Police
SZ005818,2021-06-22,2021,6,Gujarat,Ahmedabad,22.6269,70.5881,Methamphetamine,14.11,State Police
SZ005819,2024-08-23,2024,8,Delhi,East Delhi,29.1111,77.8509,Methamphetamine,11.67,State Police
SZ005820,2023-11-15,2023,11,Rajasthan,Jaisalmer,27.393,74.0553,MDMA,3.15,State Police
SZ005821,2022-06-17,2022,6,Jammu and Kashmir,Baramulla,33.0039,77.3513,Heroin,1.1,State Police
SZ005822,2023-04-23,2023,4,Gujarat,Ahmedabad,22.2992,71.4149,Cannabis (Ganja),3.96,NCB
SZ005823,2024-07-18,2024,7,Assam,Dibrugarh,26.2046,92.886,Heroin,7.79,NCB
SZ005824,2024-03-06,2024,3,Kerala,Kollam,11.6201,76.5561,Heroin,3.38,NCB
SZ005825,2021-07-23,2021,7,Bihar,Patna,25.5907,85.7151,Heroin,9.09,BSF
SZ005826,2022-05-17,2022,5,Mizoram,Aizawl,23.7022,92.2473,Cannabis (Ganja),1.27,DRI
SZ005827,2018-02-23,2018,2,Bihar,Patna,24.7639,85.9239,Opium,24.96,State Police
SZ005828,2024-03-21,2024,3,Assam,Karimganj,26.9855,93.4401,Methamphetamine,5.16,Coast Guard
SZ005829,2024-11-10,2024,11,Gujarat,Kutch,22.3319,70.6834,Cocaine,0.24,Customs
SZ005830,2021-10-25,2021,10,Uttar Pradesh,Varanasi,26.9591,81.6697,Heroin,4.16,NCB
SZ005831,2021-08-14,2021,8,Punjab,Amritsar,31.7941,75.0575,Opium,21.43,NCB
SZ005832,2020-08-16,2020,8,Karnataka,Mangaluru,15.0892,74.9751,Opium,13.72,NCB
SZ005833,2023-01-10,2023,1,Delhi,New Delhi,28.6071,76.5045,Heroin,2.72,NCB
SZ005834,2018-02-25,2018,2,Odisha,Ganjam,21.4984,84.4706,Methamphetamine,4.64,State Police
SZ005835,2020-07-08,2020,7,Gujarat,Bhavnagar,21.6566,71.7971,Methamphetamine,9.64,NCB
SZ005836,2018-05-15,2018,5,Gujarat,Kutch,22.6501,71.1442,MDMA,3.18,BSF
SZ005837,2019-11-23,2019,11,Kerala,Kollam,11.453,76.6515,Heroin,2.96,Customs
SZ005838,2020-08-27,2020,8,Delhi,North West Delhi,28.5224,77.5276,Cannabis (Ganja),14.22,State Police
SZ005839,2023-08-17,2023,8,Punjab,Ludhiana,31.0017,75.1131,Heroin,1.72,NCB
SZ005840,2024-09-04,2024,9,Bihar,Muzaffarpur,24.9544,85.4385,Opium,6.26,State Police
SZ005841,2023-02-03,2023,2,Manipur,Chandel,24.2084,93.7339,Heroin,3.29,NCB
SZ005842,2022-07-17,2022,7,West Bengal,Malda,23.5382,87.7262,Cannabis (Ganja),21.98,State Police
SZ005843,2021-08-06,2021,8,Jammu and Kashmir,Jammu,34.1031,76.8137,Cannabis (Ganja),6.66,State Police
SZ005844,2024-04-20,2024,4,Punjab,Ludhiana,31.2386,74.574,Cannabis (Ganja),32.06,State Police
SZ005845,2024-09-26,2024,9,Telangana,Nizamabad,18.6944,79.1201,Heroin,1.87,NCB
SZ005846,2018-10-25,2018,10,Tamil Nadu,Coimbatore,10.5933,77.9528,Methamphetamine,1.47,Customs
SZ005847,2020-07-21,2020,7,Rajasthan,Kota,26.5408,73.9602,Methamphetamine,2.44,BSF
SZ005848,2019-01-15,2019,1,Manipur,Churachandpur,24.3708,94.6822,Heroin,8.72,State Police
SZ005849,2019-04-23,2019,4,West Bengal,North 24 Parganas,22.5344,88.6495,Ketamine,5.69,State Police
SZ005850,2024-11-27,2024,11,Karnataka,Bengaluru Urban,15.6012,75.2616,Opium,12.33,State Police
SZ005851,2021-02-20,2021,2,Madhya Pradesh,Gwalior,23.6549,79.1267,Opium,3.65,NCB
SZ005852,2018-03-04,2018,3,Delhi,South Delhi,28.733,76.7654,Cannabis (Ganja),28.98,NCB
SZ005853,2018-11-11,2018,11,Haryana,Karnal,29.5975,76.3466,Heroin,3.37,Customs
SZ005854,2018-01-20,2018,1,Bihar,Muzaffarpur,25.3218,84.9453,Heroin,0.34,NCB
SZ005855,2019-12-07,2019,12,Punjab,Ludhiana,30.4681,75.4091,Cannabis (Ganja),115.01,State Police
SZ005856,2024-04-01,2024,4,Andhra Pradesh,Vijayawada,15.7526,80.3648,Heroin,2.09,NCB
SZ005857,2018-02-17,2018,2,Bihar,Bhagalpur,25.8889,84.6387,Methamphetamine,0.64,BSF
SZ005858,2018-09-24,2018,9,Gujarat,Ahmedabad,22.7829,70.6375,Heroin,2.49,Customs
SZ005859,2018-04-12,2018,4,Mizoram,Aizawl,23.507,92.7957,Cannabis (Ganja),125.71,State Police
SZ005860,2021-08-27,2021,8,Karnataka,Mysuru,15.9315,75.5725,Opium,47.12,State Police
SZ005861,2021-07-04,2021,7,Rajasthan,Barmer,26.348,74.6699,Heroin,7.59,BSF
SZ005862,2021-05-16,2021,5,Rajasthan,Jodhpur,26.8828,74.9687,Poppy Husk,370.88,NCB
SZ005863,2023-07-09,2023,7,Delhi,North West Delhi,28.32,77.8591,Methamphetamine,0.05,Customs
SZ005864,2023-02-12,2023,2,Manipur,Imphal East,25.3886,93.5462,Heroin,0.47,NCB
SZ005865,2020-06-11,2020,6,Kerala,Thiruvananthapuram,10.3708,76.3243,Pharmaceutical Opioids,2.38,State Police
SZ005866,2022-10-16,2022,10,Rajasthan,Jodhpur,26.6841,73.9453,Opium,10.76,Coast Guard
SZ005867,2022-05-23,2022,5,West Bengal,Malda,22.3515,87.1499,Ketamine,2.4,NCB
SZ005868,2021-01-05,2021,1,Punjab,Ferozepur,30.4996,74.5493,Methamphetamine,10.23,NCB
SZ005869,2020-08-01,2020,8,Mizoram,Lunglei,23.0469,92.7503,Pharmaceutical Opioids,5.9,NCB
SZ005870,2022-08-05,2022,8,Tamil Nadu,Chennai,10.9328,79.4567,Cannabis (Ganja),58.83,State Police
SZ005871,2022-03-21,2022,3,Jammu and Kashmir,Jammu,34.0263,75.9016,Pharmaceutical Opioids,1.29,State Police
SZ005872,2020-12-20,2020,12,Assam,Cachar,25.9775,93.2224,Charas/Hashish,10.06,NCB
SZ005873,2019-11-23,2019,11,Mizoram,Champhai,22.4892,93.3631,Pharmaceutical Opioids,1.82,DRI
SZ005874,2024-05-06,2024,5,Maharashtra,Thane,19.4365,76.1191,Cannabis (Ganja),36.22,NCB
SZ005875,2019-12-18,2019,12,Uttar Pradesh,Ghaziabad,27.5668,81.66,Pharmaceutical Opioids,19.67,NCB
SZ005876,2021-05-19,2021,5,Assam,Karimganj,26.6798,92.7947,Methamphetamine,3.55,Customs
SZ005877,2023-05-22,2023,5,Manipur,Chandel,25.2493,94.3352,Ketamine,0.8,BSF
SZ005878,2022-12-03,2022,12,Rajasthan,Jodhpur,27.381,74.3527,Charas/Hashish,17.95,Customs
SZ005879,2019-12-27,2019,12,Gujarat,Kutch,22.1974,71.2429,Heroin,8.77,State Police
SZ005880,2018-07-01,2018,7,Punjab,Amritsar,30.9934,75.2765,Charas/Hashish,1.72,State Police
SZ005881,2021-01-10,2021,1,Jammu and Kashmir,Srinagar,33.2039,75.9678,Pharmaceutical Opioids,17.25,NCB
SZ005882,2019-03-05,2019,3,Rajasthan,Jaisalmer,26.8247,73.8262,Heroin,1.02,State Police
SZ005883,2020-05-17,2020,5,Jammu and Kashmir,Jammu,33.9704,76.2309,Cannabis (Ganja),2.01,State Police
SZ005884,2022-07-22,2022,7,Kerala,Kollam,10.6815,76.1291,Cannabis (Ganja),155.8,Customs
SZ005885,2024-04-23,2024,4,Andhra Pradesh,Guntur,16.188,79.9323,Poppy Husk,22.61,State Police
SZ005886,2022-04-17,2022,4,Karnataka,Mysuru,15.3699,76.0494,Ketamine,2.23,NCB
SZ005887,2020-02-01,2020,2,Gujarat,Ahmedabad,22.2458,70.732,Opium,5.68,BSF
SZ005888,2019-06-08,2019,6,Tamil Nadu,Madurai,10.8995,78.8175,Ketamine,1.39,State Police
SZ005889,2019-11-20,2019,11,Jammu and Kashmir,Baramulla,34.3744,76.4513,MDMA,1.42,NCB
SZ005890,2022-12-08,2022,12,Telangana,Nizamabad,18.4491,78.555,Charas/Hashish,3.89,State Police
SZ005891,2020-10-03,2020,10,Bihar,Gaya,24.8074,86.0159,Heroin,3.26,BSF
SZ005892,2019-05-22,2019,5,Jammu and Kashmir,Poonch,34.4269,76.9327,Cannabis (Ganja),178.12,State Police
SZ005893,2018-07-09,2018,7,Rajasthan,Barmer,26.2298,74.1704,Pharmaceutical Opioids,10.35,NCB
SZ005894,2023-05-05,2023,5,Rajasthan,Jaisalmer,27.3599,73.7252,Heroin,1.21,NCB
SZ005895,2019-07-02,2019,7,Jammu and Kashmir,Baramulla,33.106,76.0389,Charas/Hashish,6.13,NCB
SZ005896,2020-04-12,2020,4,Manipur,Chandel,24.47,93.3655,Cannabis (Ganja),80.63,State Police
SZ005897,2018-12-25,2018,12,Bihar,Bhagalpur,24.8766,85.9144,Cannabis (Ganja),174.47,BSF
SZ005898,2020-12-15,2020,12,Delhi,South Delhi,28.0601,76.3817,Cocaine,5.31,Customs
SZ005899,2020-09-26,2020,9,Manipur,Chandel,24.5048,93.2426,Heroin,4.94,NCB
SZ005900,2021-05-24,2021,5,Bihar,Patna,25.8092,85.1037,Pharmaceutical Opioids,1.96,Customs
SZ005901,2022-08-20,2022,8,Uttar Pradesh,Varanasi,26.2409,81.0971,Cannabis (Ganja),40.49,Customs
SZ005902,2018-02-27,2018,2,Maharashtra,Mumbai,19.0704,75.9023,Charas/Hashish,15.77,Customs
SZ005903,2019-07-25,2019,7,Punjab,Gurdaspur,31.236,75.3563,Opium,28.59,State Police
SZ005904,2020-06-07,2020,6,Manipur,Imphal East,24.2867,93.7092,Cannabis (Ganja),94.16,State Police
SZ005905,2023-10-13,2023,10,Kerala,Kozhikode,11.4492,76.9307,Heroin,6.8,BSF
SZ005906,2019-11-19,2019,11,Delhi,South Delhi,28.8924,77.8972,Cocaine,0.11,NCB
SZ005907,2019-05-01,2019,5,Uttar Pradesh,Kanpur,27.4225,80.8313,Methamphetamine,0.77,State Police
SZ005908,2024-12-07,2024,12,Andhra Pradesh,Anantapur,16.5282,80.1757,Opium,44.38,BSF
SZ005909,2020-06-26,2020,6,Punjab,Gurdaspur,30.4062,75.6133,MDMA,0.2,NCB
SZ005910,2023-07-23,2023,7,Rajasthan,Jodhpur,27.0918,73.4376,Cannabis (Ganja),19.82,Coast Guard
SZ005911,2020-04-18,2020,4,Kerala,Thiruvananthapuram,11.3904,76.2159,Poppy Husk,112.54,Coast Guard
SZ005912,2020-09-12,2020,9,Assam,Guwahati,25.7877,92.7772,Cannabis (Ganja),122.26,State Police
SZ005913,2023-02-14,2023,2,Gujarat,Kutch,22.1981,70.9208,Cannabis (Ganja),148.46,NCB
SZ005914,2020-02-24,2020,2,Delhi,North West Delhi,28.3175,76.5086,Pharmaceutical Opioids,4.45,Customs
SZ005915,2024-05-27,2024,5,Jammu and Kashmir,Srinagar,33.881,76.8019,Opium,1.19,State Police
SZ005916,2018-06-08,2018,6,Karnataka,Bengaluru Urban,16.0391,76.1647,Methamphetamine,1.67,State Police
SZ005917,2018-08-26,2018,8,Mizoram,Champhai,23.6872,93.0176,Heroin,0.89,BSF
SZ005918,2023-09-21,2023,9,Jammu and Kashmir,Jammu,34.1065,76.2617,Heroin,2.29,State Police
SZ005919,2018-09-17,2018,9,Haryana,Gurugram,29.3562,75.4431,MDMA,1.77,Customs
SZ005920,2021-02-21,2021,2,Odisha,Koraput,21.6406,84.6607,Charas/Hashish,34.64,State Police
SZ005921,2019-04-13,2019,4,Gujarat,Kutch,21.7143,70.8286,Heroin,1.88,NCB
SZ005922,2018-07-24,2018,7,Delhi,North West Delhi,27.9751,76.5762,Cannabis (Ganja),210.0,Coast Guard
SZ005923,2018-01-18,2018,1,Manipur,Churachandpur,25.2952,94.1782,Cannabis (Ganja),66.08,Customs
SZ005924,2023-03-16,2023,3,Manipur,Chandel,25.3409,93.6624,Heroin,3.52,State Police
SZ005925,2022-09-11,2022,9,Uttar Pradesh,Varanasi,26.5532,81.322,Heroin,0.63,State Police
SZ005926,2021-10-12,2021,10,Uttar Pradesh,Varanasi,27.2706,80.4819,Methamphetamine,3.52,Customs
SZ005927,2022-01-13,2022,1,Maharashtra,Nashik,19.9202,75.2426,Heroin,1.07,Coast Guard
SZ005928,2020-04-14,2020,4,Delhi,New Delhi,28.2305,77.5216,Methamphetamine,15.42,State Police
SZ005929,2020-07-22,2020,7,Telangana,Khammam,18.1791,78.501,Heroin,5.18,NCB
SZ005930,2018-02-14,2018,2,Punjab,Ludhiana,30.6044,75.8424,Methamphetamine,0.64,NCB
SZ005931,2023-02-08,2023,2,Madhya Pradesh,Gwalior,22.703,78.0741,Heroin,3.58,State Police
SZ005932,2023-01-06,2023,1,Andhra Pradesh,Guntur,15.178,79.2514,Methamphetamine,4.2,NCB
SZ005933,2020-02-18,2020,2,Punjab,Gurdaspur,30.4096,75.929,Cocaine,7.24,NCB
SZ005934,2018-12-12,2018,12,Gujarat,Bhavnagar,22.6679,70.8548,Cannabis (Ganja),261.35,Customs
SZ005935,2019-01-04,2019,1,Rajasthan,Bikaner,26.7043,74.7839,Heroin,0.87,BSF
SZ005936,2018-03-01,2018,3,Telangana,Hyderabad,17.6879,79.4953,Opium,12.74,DRI
SZ005937,2018-12-14,2018,12,Delhi,North West Delhi,28.0138,77.107,Heroin,2.32,NCB
SZ005938,2022-09-10,2022,9,Manipur,Imphal West,24.6506,94.3648,Opium,51.16,BSF
SZ005939,2021-12-22,2021,12,Gujarat,Kutch,21.6342,70.649,Charas/Hashish,4.96,State Police
SZ005940,2021-08-17,2021,8,Assam,Dibrugarh,25.8185,92.8309,Charas/Hashish,0.66,State Police
SZ005941,2021-12-14,2021,12,Jammu and Kashmir,Baramulla,33.7675,77.3708,MDMA,0.53,BSF
SZ005942,2018-03-13,2018,3,Haryana,Sirsa,29.4903,75.8369,Methamphetamine,0.69,BSF
SZ005943,2024-04-23,2024,4,Manipur,Imphal East,24.8238,94.0493,Charas/Hashish,7.39,State Police
SZ005944,2022-10-17,2022,10,Madhya Pradesh,Gwalior,23.4355,79.1572,Pharmaceutical Opioids,7.56,NCB
SZ005945,2021-10-01,2021,10,Tamil Nadu,Chennai,10.9158,78.8539,Heroin,0.19,State Police
SZ005946,2021-08-19,2021,8,Mizoram,Aizawl,23.5041,92.6077,Pharmaceutical Opioids,10.62,BSF
SZ005947,2022-12-26,2022,12,Bihar,Bhagalpur,24.8615,85.1909,Charas/Hashish,3.87,BSF
SZ005948,2021-03-18,2021,3,Mizoram,Aizawl,23.5278,92.6719,Cannabis (Ganja),2.23,NCB
SZ005949,2020-02-09,2020,2,Mizoram,Aizawl,23.1073,92.9848,Poppy Husk,52.6,Customs
SZ005950,2023-07-24,2023,7,Mizoram,Champhai,22.7804,93.435,Cannabis (Ganja),124.39,State Police
SZ005951,2022-06-15,2022,6,Assam,Karimganj,26.0105,92.7509,Charas/Hashish,9.15,NCB
SZ005952,2020-03-16,2020,3,Madhya Pradesh,Bhopal,22.5218,79.3404,Poppy Husk,16.06,Customs
SZ005953,2021-02-17,2021,2,Uttar Pradesh,Varanasi,26.5148,80.9423,Cannabis (Ganja),353.75,NCB
SZ005954,2024-12-05,2024,12,Mizoram,Lunglei,22.9255,92.1537,Opium,11.81,State Police
SZ005955,2019-02-14,2019,2,Telangana,Warangal,18.8326,79.3341,Opium,8.25,State Police
SZ005956,2021-06-22,2021,6,Punjab,Ferozepur,31.4413,76.0271,Charas/Hashish,5.17,State Police
SZ005957,2022-04-06,2022,4,Madhya Pradesh,Gwalior,22.8647,78.1752,Charas/Hashish,2.8,State Police
SZ005958,2021-12-11,2021,12,Punjab,Ludhiana,30.8508,75.4718,Heroin,4.13,BSF
SZ005959,2021-07-25,2021,7,Bihar,Bhagalpur,24.5522,85.9741,Cannabis (Ganja),117.53,NCB
SZ005960,2019-10-02,2019,10,Delhi,North West Delhi,28.7943,77.731,Heroin,4.47,Customs
SZ005961,2019-07-16,2019,7,Karnataka,Mangaluru,14.5302,75.623,Charas/Hashish,19.34,NCB
SZ005962,2022-04-23,2022,4,Maharashtra,Thane,20.2487,76.2461,Ketamine,4.96,Customs
SZ005963,2024-03-09,2024,3,Kerala,Kochi,11.3672,76.578,Cannabis (Ganja),51.23,NCB
SZ005964,2023-06-19,2023,6,Manipur,Churachandpur,24.9397,93.501,Heroin,10.49,NCB
SZ005965,2024-09-27,2024,9,Manipur,Chandel,23.9695,94.0588,Methamphetamine,2.77,State Police
SZ005966,2024-11-05,2024,11,Odisha,Ganjam,20.7111,84.5817,Cannabis (Ganja),267.8,State Police
SZ005967,2024-05-13,2024,5,Punjab,Amritsar,30.6365,74.9413,Heroin,8.36,DRI
SZ005968,2020-03-18,2020,3,Karnataka,Mysuru,15.4165,75.9673,Charas/Hashish,12.29,NCB
SZ005969,2022-01-22,2022,1,Gujarat,Ahmedabad,22.1849,70.5561,Cannabis (Ganja),29.44,BSF
SZ005970,2022-01-25,2022,1,Madhya Pradesh,Gwalior,23.13,77.9967,Opium,17.24,NCB
SZ005971,2023-02-03,2023,2,Assam,Karimganj,25.6527,92.5275,Cannabis (Ganja),35.99,State Police
SZ005972,2019-07-01,2019,7,Rajasthan,Jaisalmer,27.5173,73.9878,Charas/Hashish,6.32,Customs
SZ005973,2024-06-09,2024,6,Telangana,Hyderabad,18.7993,78.4881,Heroin,4.07,NCB
SZ005974,2018-03-04,2018,3,Maharashtra,Nashik,19.292,76.2695,Cannabis (Ganja),369.52,DRI
SZ005975,2022-12-10,2022,12,Manipur,Imphal West,25.3349,93.2676,Heroin,1.99,State Police
SZ005976,2024-04-25,2024,4,Karnataka,Bengaluru Urban,14.8484,75.3578,Heroin,0.25,BSF
SZ005977,2021-12-25,2021,12,West Bengal,Kolkata,23.4555,88.1747,Cannabis (Ganja),45.93,Customs
SZ005978,2018-11-07,2018,11,Madhya Pradesh,Indore,22.3579,77.9637,Cocaine,1.95,BSF
SZ005979,2022-04-01,2022,4,Bihar,Muzaffarpur,24.75,86.077,Heroin,2.64,NCB
SZ005980,2024-09-01,2024,9,Mizoram,Aizawl,22.7054,92.5166,Opium,7.9,Coast Guard
SZ005981,2021-01-06,2021,1,Manipur,Imphal East,25.0969,93.3835,Methamphetamine,8.2,NCB
SZ005982,2021-07-15,2021,7,Manipur,Chandel,25.4413,93.9016,Methamphetamine,6.51,Customs
SZ005983,2024-09-12,2024,9,Uttar Pradesh,Ghaziabad,27.421,81.1695,Cannabis (Ganja),13.81,NCB
SZ005984,2022-09-02,2022,9,West Bengal,Kolkata,22.6532,87.4423,Opium,5.94,Customs
SZ005985,2023-04-04,2023,4,Punjab,Tarn Taran,31.255,74.97,Heroin,10.57,NCB
SZ005986,2023-09-10,2023,9,Punjab,Ferozepur,31.4641,75.8367,Heroin,1.75,Customs
SZ005987,2019-05-03,2019,5,Jammu and Kashmir,Baramulla,33.9638,75.8529,Heroin,3.9,NCB
SZ005988,2020-06-21,2020,6,Andhra Pradesh,Visakhapatnam,15.4005,79.9795,Pharmaceutical Opioids,34.47,State Police
SZ005989,2023-03-14,2023,3,Bihar,Patna,24.3417,85.799,Charas/Hashish,1.0,NCB
SZ005990,2021-05-09,2021,5,Uttar Pradesh,Varanasi,26.8761,80.3023,Cocaine,1.0,State Police
SZ005991,2019-11-15,2019,11,Assam,Guwahati,26.017,93.5933,Cannabis (Ganja),27.06,State Police
SZ005992,2024-03-20,2024,3,Maharashtra,Pune,19.9717,76.2777,Cannabis (Ganja),444.09,NCB
SZ005993,2024-09-01,2024,9,Mizoram,Aizawl,23.094,92.9211,Heroin,7.15,NCB
SZ005994,2021-04-27,2021,4,Madhya Pradesh,Gwalior,23.4025,78.0963,Charas/Hashish,8.87,NCB
SZ005995,2023-12-25,2023,12,Haryana,Gurugram,28.9748,76.0038,Methamphetamine,18.47,State Police
SZ005996,2021-06-01,2021,6,Delhi,New Delhi,28.5253,77.8177,MDMA,3.74,Customs
SZ005997,2020-11-27,2020,11,Bihar,Bhagalpur,25.2524,85.6206,Heroin,5.68,NCB
SZ005998,2019-06-04,2019,6,Punjab,Tarn Taran,31.861,75.8864,Charas/Hashish,5.44,State Police
SZ005999,2024-08-09,2024,8,Bihar,Muzaffarpur,25.5711,85.7458,Methamphetamine,4.23,NCB
SZ006000,2024-01-27,2024,1,Punjab,Ludhiana,31.0239,74.5737,Opium,4.09,Coast Guard
SZ006001,2022-05-03,2022,5,Rajasthan,Bikaner,26.5256,73.5942,Pharmaceutical Opioids,6.13,Customs
SZ006002,2022-10-13,2022,10,Rajasthan,Kota,27.6628,74.5659,Cannabis (Ganja),39.53,State Police
SZ006003,2021-05-12,2021,5,Manipur,Churachandpur,25.3372,94.0586,Cannabis (Ganja),0.67,NCB
SZ006004,2020-12-17,2020,12,Rajasthan,Bikaner,26.7844,73.8315,Pharmaceutical Opioids,0.54,State Police
SZ006005,2024-02-06,2024,2,Karnataka,Mangaluru,15.3964,76.2602,Methamphetamine,7.26,State Police
SZ006006,2022-12-20,2022,12,Karnataka,Mysuru,15.9424,75.9505,Heroin,3.31,Coast Guard
SZ006007,2022-02-04,2022,2,Telangana,Warangal,17.7094,79.6284,Heroin,1.41,DRI
SZ006008,2021-04-19,2021,4,Jammu and Kashmir,Poonch,34.4905,76.7341,Heroin,7.36,NCB
SZ006009,2024-11-13,2024,11,Haryana,Sirsa,29.0554,76.7497,Cannabis (Ganja),35.67,NCB
SZ006010,2024-07-08,2024,7,Odisha,Koraput,20.9736,85.144,Charas/Hashish,10.46,Customs
SZ006011,2024-09-27,2024,9,Rajasthan,Jodhpur,27.3966,74.0459,Heroin,0.55,State Police
SZ006012,2021-11-17,2021,11,Tamil Nadu,Chennai,11.7297,78.6971,Ketamine,6.54,State Police
SZ006013,2022-09-07,2022,9,Maharashtra,Pune,19.4099,76.0788,Opium,24.62,State Police
SZ006014,2021-08-07,2021,8,Rajasthan,Bikaner,27.7841,74.8506,Heroin,0.95,DRI
SZ006015,2019-02-19,2019,2,Punjab,Tarn Taran,31.2837,74.6815,Poppy Husk,25.02,State Police
SZ006016,2022-05-18,2022,5,Jammu and Kashmir,Baramulla,33.5717,77.0923,Charas/Hashish,4.31,State Police
SZ006017,2018-07-03,2018,7,Maharashtra,Pune,19.3616,76.4509,Heroin,12.52,NCB
SZ006018,2023-12-07,2023,12,Uttar Pradesh,Lucknow,26.1494,81.6806,Pharmaceutical Opioids,17.29,NCB
SZ006019,2020-11-14,2020,11,Gujarat,Surat,22.1147,70.6758,Heroin,3.22,DRI
SZ006020,2023-10-14,2023,10,Kerala,Kozhikode,10.879,76.079,Methamphetamine,1.16,State Police
SZ006021,2019-10-16,2019,10,Punjab,Tarn Taran,30.8979,74.9621,Cocaine,0.16,NCB
SZ006022,2022-09-13,2022,9,Madhya Pradesh,Indore,22.5978,78.0625,Heroin,1.84,State Police
SZ006023,2018-01-10,2018,1,Andhra Pradesh,Anantapur,16.6494,79.228,Cannabis (Ganja),31.03,Customs
SZ006024,2020-04-13,2020,4,Madhya Pradesh,Gwalior,22.6436,79.4009,Opium,4.0,NCB
SZ006025,2022-07-26,2022,7,Karnataka,Mysuru,15.291,76.1945,Opium,6.74,BSF
SZ006026,2019-10-22,2019,10,Maharashtra,Nagpur,19.1142,75.0556,Cannabis (Ganja),71.52,NCB
SZ006027,2020-09-01,2020,9,Punjab,Amritsar,30.8695,75.9682,Cannabis (Ganja),8.84,State Police
SZ006028,2020-11-12,2020,11,Mizoram,Lunglei,23.8773,93.4703,Heroin,1.61,BSF
SZ006029,2024-08-10,2024,8,Tamil Nadu,Tirunelveli,11.2862,78.6147,Pharmaceutical Opioids,0.97,NCB
SZ006030,2024-03-17,2024,3,Gujarat,Surat,22.9448,71.5292,Heroin,6.66,NCB
SZ006031,2018-11-26,2018,11,Maharashtra,Nashik,19.5608,76.3755,Heroin,5.39,Coast Guard
SZ006032,2020-11-13,2020,11,Telangana,Hyderabad,17.833,79.2228,Cocaine,16.24,Customs
SZ006033,2020-06-13,2020,6,Gujarat,Kutch,21.76,70.4307,Heroin,14.69,State Police
SZ006034,2022-12-17,2022,12,Punjab,Gurdaspur,30.5482,75.6046,Opium,3.39,NCB
SZ006035,2019-10-08,2019,10,Rajasthan,Kota,27.627,74.6251,Heroin,0.13,NCB
SZ006036,2021-03-18,2021,3,Gujarat,Surat,22.9748,71.7262,Opium,20.64,Customs
SZ006037,2020-04-04,2020,4,Jammu and Kashmir,Poonch,34.4348,77.1524,Heroin,0.71,State Police
SZ006038,2019-09-01,2019,9,Odisha,Cuttack,21.2378,85.2668,Charas/Hashish,20.0,BSF
SZ006039,2018-04-16,2018,4,Gujarat,Kutch,23.037,71.0744,Charas/Hashish,4.56,NCB
SZ006040,2021-11-19,2021,11,Gujarat,Bhavnagar,22.5677,70.4006,Pharmaceutical Opioids,0.36,Coast Guard
SZ006041,2020-01-18,2020,1,Maharashtra,Thane,19.2184,76.4806,Cannabis (Ganja),42.39,State Police
SZ006042,2018-10-13,2018,10,Haryana,Gurugram,29.0557,75.8509,Charas/Hashish,2.7,NCB
SZ006043,2021-08-18,2021,8,Delhi,South Delhi,28.9191,76.6557,Ketamine,4.81,Customs
SZ006044,2019-09-12,2019,9,Punjab,Gurdaspur,31.0618,74.7317,Pharmaceutical Opioids,0.47,NCB
SZ006045,2023-02-14,2023,2,Uttar Pradesh,Agra,26.2204,80.8904,Opium,2.12,NCB
SZ006046,2018-11-09,2018,11,Punjab,Amritsar,30.4562,74.8148,Methamphetamine,10.18,NCB
SZ006047,2019-04-04,2019,4,Odisha,Cuttack,21.2196,84.3066,Methamphetamine,1.0,NCB
SZ006048,2022-10-06,2022,10,West Bengal,Malda,23.6276,87.5337,Cannabis (Ganja),15.85,BSF
SZ006049,2024-07-25,2024,7,Jammu and Kashmir,Baramulla,34.0869,77.3329,Heroin,2.04,State Police
SZ006050,2019-02-12,2019,2,Punjab,Amritsar,31.7518,74.9649,Methamphetamine,12.42,State Police
SZ006051,2023-08-21,2023,8,Rajasthan,Bikaner,27.7145,74.3899,Charas/Hashish,0.43,Coast Guard
SZ006052,2019-10-14,2019,10,Punjab,Gurdaspur,30.8897,75.2606,Charas/Hashish,0.34,State Police
SZ006053,2023-09-16,2023,9,Punjab,Amritsar,31.2597,75.8105,Poppy Husk,502.32,State Police
SZ006054,2018-09-10,2018,9,Maharashtra,Pune,20.504,75.7608,Heroin,17.47,State Police
SZ006055,2019-09-18,2019,9,Haryana,Karnal,28.5739,76.5649,Opium,0.36,NCB
SZ006056,2023-03-01,2023,3,Bihar,Bhagalpur,24.4216,85.4374,Cannabis (Ganja),177.64,DRI
SZ006057,2024-06-27,2024,6,Assam,Dibrugarh,25.5594,93.1247,Pharmaceutical Opioids,2.09,NCB
SZ006058,2023-03-26,2023,3,Mizoram,Lunglei,23.1664,93.1938,Cannabis (Ganja),113.08,NCB
SZ006059,2022-10-05,2022,10,Punjab,Ferozepur,30.4508,75.5802,Heroin,1.06,State Police
SZ006060,2019-02-01,2019,2,Manipur,Chandel,25.378,93.3823,Cannabis (Ganja),1.3,NCB
SZ006061,2022-12-14,2022,12,Karnataka,Bengaluru Urban,14.6944,76.0453,Charas/Hashish,0.73,Coast Guard
SZ006062,2023-10-18,2023,10,Maharashtra,Pune,20.5264,75.3067,Charas/Hashish,1.35,NCB
SZ006063,2024-08-17,2024,8,Rajasthan,Jaisalmer,27.2769,74.9704,Heroin,4.73,Customs
SZ006064,2021-02-07,2021,2,Karnataka,Bengaluru Urban,15.2716,75.7351,Opium,7.14,NCB
SZ006065,2023-05-20,2023,5,West Bengal,Malda,22.3393,87.7219,Opium,7.06,State Police
SZ006066,2019-12-23,2019,12,Kerala,Kochi,11.0884,75.4929,Heroin,0.86,NCB
SZ006067,2020-05-18,2020,5,Maharashtra,Nashik,20.4613,75.1909,Heroin,3.42,Customs
SZ006068,2019-04-14,2019,4,Telangana,Khammam,18.6431,78.7772,Methamphetamine,4.66,NCB
SZ006069,2022-05-27,2022,5,Odisha,Cuttack,21.1747,85.2992,Charas/Hashish,5.25,DRI
SZ006070,2022-03-10,2022,3,Maharashtra,Nagpur,20.4265,75.5934,Opium,17.12,Coast Guard
SZ006071,2024-08-05,2024,8,Delhi,East Delhi,28.3039,77.495,Methamphetamine,6.74,State Police
SZ006072,2024-05-12,2024,5,Mizoram,Lunglei,22.6562,93.3324,Cannabis (Ganja),252.38,BSF
SZ006073,2024-08-16,2024,8,Madhya Pradesh,Bhopal,23.317,79.2446,Heroin,10.06,State Police
SZ006074,2018-02-10,2018,2,Rajasthan,Jodhpur,26.4927,73.8069,MDMA,0.25,NCB
SZ006075,2024-11-08,2024,11,Manipur,Imphal East,24.6776,94.091,Cannabis (Ganja),86.33,NCB
SZ006076,2023-07-18,2023,7,Delhi,North West Delhi,28.7076,76.579,Charas/Hashish,4.52,BSF
SZ006077,2022-03-11,2022,3,Punjab,Tarn Taran,30.8076,74.7811,Opium,21.85,NCB
SZ006078,2023-01-13,2023,1,Punjab,Gurdaspur,31.5938,76.0394,Cannabis (Ganja),268.47,State Police
SZ006079,2024-04-15,2024,4,Andhra Pradesh,Visakhapatnam,16.1654,79.8865,Cocaine,0.57,State Police
SZ006080,2024-07-21,2024,7,Kerala,Kollam,11.0053,75.6015,Cannabis (Ganja),416.83,State Police
SZ006081,2018-07-20,2018,7,Rajasthan,Jaisalmer,26.6588,74.0148,Poppy Husk,2.81,State Police
SZ006082,2022-03-25,2022,3,Haryana,Sirsa,29.6793,75.2983,Heroin,2.19,State Police
SZ006083,2021-12-23,2021,12,Manipur,Imphal East,24.0972,93.8943,Opium,10.15,NCB
SZ006084,2021-07-16,2021,7,Delhi,East Delhi,28.1372,77.896,Charas/Hashish,21.78,Customs
SZ006085,2019-08-20,2019,8,Madhya Pradesh,Indore,23.5683,77.9616,MDMA,1.79,DRI
SZ006086,2024-02-18,2024,2,Haryana,Gurugram,29.0475,76.7796,MDMA,0.93,NCB
SZ006087,2020-06-17,2020,6,Bihar,Muzaffarpur,25.5018,85.1414,Cocaine,0.71,Customs
SZ006088,2018-11-05,2018,11,Rajasthan,Jodhpur,27.0081,74.6424,Heroin,10.11,Customs
SZ006089,2023-11-18,2023,11,Gujarat,Surat,22.1952,70.9774,Opium,13.76,State Police
SZ006090,2021-03-15,2021,3,Delhi,New Delhi,28.1136,77.0966,Methamphetamine,1.32,State Police
SZ006091,2020-08-26,2020,8,Assam,Guwahati,26.3503,93.1194,Charas/Hashish,11.59,State Police
SZ006092,2021-12-26,2021,12,Madhya Pradesh,Gwalior,23.58,78.5335,Pharmaceutical Opioids,2.57,DRI
SZ006093,2020-06-03,2020,6,Haryana,Gurugram,28.9341,76.093,Cannabis (Ganja),93.98,State Police
SZ006094,2022-08-19,2022,8,Karnataka,Mangaluru,15.3352,75.3167,MDMA,2.5,State Police
SZ006095,2023-03-22,2023,3,Mizoram,Lunglei,23.4763,92.7714,Cannabis (Ganja),221.75,Customs
SZ006096,2019-01-25,2019,1,Jammu and Kashmir,Srinagar,34.2533,77.0345,Charas/Hashish,3.99,Customs
SZ006097,2020-04-27,2020,4,Uttar Pradesh,Varanasi,26.7807,81.2166,Opium,42.28,Customs
SZ006098,2024-04-22,2024,4,Tamil Nadu,Madurai,11.9298,77.9207,Heroin,1.21,State Police
SZ006099,2024-07-20,2024,7,Assam,Guwahati,25.6665,93.5588,Heroin,1.29,NCB
SZ006100,2022-04-06,2022,4,Odisha,Ganjam,20.8221,85.0992,Cannabis (Ganja),176.46,State Police
SZ006101,2020-06-10,2020,6,Gujarat,Surat,21.919,70.6551,Cannabis (Ganja),120.02,Coast Guard
SZ006102,2024-10-22,2024,10,Assam,Cachar,26.9792,92.7128,Cannabis (Ganja),215.26,NCB
SZ006103,2019-12-15,2019,12,Rajasthan,Barmer,26.8604,74.0535,Opium,4.28,NCB
SZ006104,2023-09-15,2023,9,Tamil Nadu,Tirunelveli,11.1163,79.1787,Charas/Hashish,39.14,NCB
SZ006105,2021-07-05,2021,7,Jammu and Kashmir,Baramulla,33.7757,76.4172,Charas/Hashish,0.37,NCB
SZ006106,2024-03-23,2024,3,Gujarat,Porbandar,22.1806,71.871,Charas/Hashish,1.1,Customs
SZ006107,2023-09-02,2023,9,Karnataka,Bengaluru Urban,14.8036,75.0303,Cannabis (Ganja),99.1,Coast Guard
SZ006108,2019-07-15,2019,7,Karnataka,Bengaluru Urban,14.9316,76.0364,Heroin,2.22,NCB
SZ006109,2018-01-11,2018,1,Karnataka,Mysuru,15.0247,75.8011,Methamphetamine,3.05,NCB
SZ006110,2018-03-03,2018,3,Punjab,Ferozepur,31.7873,75.8758,Ketamine,5.09,Customs
SZ006111,2018-02-26,2018,2,Delhi,North West Delhi,29.0005,76.9222,Heroin,0.06,State Police
SZ006112,2020-07-04,2020,7,Manipur,Imphal East,25.0595,94.6004,Opium,8.02,State Police
SZ006113,2024-09-19,2024,9,Bihar,Gaya,24.9988,85.2552,MDMA,4.06,State Police
SZ006114,2024-03-18,2024,3,Jammu and Kashmir,Jammu,33.5489,76.8536,Heroin,2.66,NCB
SZ006115,2020-06-13,2020,6,Odisha,Bhubaneswar,21.0728,85.1825,Heroin,3.28,NCB
SZ006116,2019-02-11,2019,2,Karnataka,Bengaluru Urban,15.7947,76.2465,Cocaine,0.05,State Police
SZ006117,2023-04-23,2023,4,Delhi,South Delhi,28.4647,76.6662,MDMA,0.78,State Police
SZ006118,2024-06-17,2024,6,Delhi,South Delhi,28.4829,77.0459,Cocaine,1.9,DRI
SZ006119,2024-02-22,2024,2,Odisha,Bhubaneswar,21.1352,85.7815,Cocaine,8.46,Coast Guard
SZ006120,2022-11-20,2022,11,Punjab,Ferozepur,31.6315,75.1273,Cannabis (Ganja),497.67,NCB
SZ006121,2022-03-25,2022,3,Gujarat,Ahmedabad,21.8605,71.8467,Heroin,3.27,BSF
SZ006122,2019-04-26,2019,4,Rajasthan,Kota,26.3007,74.0405,Cannabis (Ganja),176.11,State Police
SZ006123,2024-10-12,2024,10,Uttar Pradesh,Kanpur,27.2559,80.2457,Charas/Hashish,7.62,State Police
SZ006124,2020-10-21,2020,10,Mizoram,Champhai,23.3741,93.4107,Pharmaceutical Opioids,16.48,NCB
SZ006125,2021-07-10,2021,7,Punjab,Ludhiana,30.3779,74.9798,Methamphetamine,15.9,State Police
SZ006126,2024-01-06,2024,1,Odisha,Ganjam,20.715,84.3259,Methamphetamine,11.3,NCB
SZ006127,2022-11-09,2022,11,West Bengal,Nadia,22.2536,88.3678,Charas/Hashish,6.19,State Police
SZ006128,2020-05-08,2020,5,Jammu and Kashmir,Poonch,34.1068,75.9257,Cocaine,2.29,NCB
SZ006129,2018-07-03,2018,7,Assam,Dibrugarh,25.6984,93.6245,Cocaine,3.22,NCB
SZ006130,2018-12-08,2018,12,Maharashtra,Nagpur,19.012,75.2394,Methamphetamine,0.21,NCB
SZ006131,2020-03-03,2020,3,Uttar Pradesh,Ghaziabad,26.9249,80.325,Cannabis (Ganja),2.46,NCB
SZ006132,2020-06-04,2020,6,Delhi,East Delhi,28.3018,76.3517,Cannabis (Ganja),96.3,BSF
SZ006133,2021-09-08,2021,9,Odisha,Bhubaneswar,21.48,85.5358,Methamphetamine,1.69,NCB
SZ006134,2019-10-14,2019,10,Delhi,North West Delhi,28.4675,76.9564,MDMA,2.58,Customs
SZ006135,2022-07-22,2022,7,Mizoram,Lunglei,23.4258,93.6223,Cocaine,1.58,Customs
SZ006136,2024-11-25,2024,11,Mizoram,Lunglei,23.9319,92.471,Cannabis (Ganja),139.39,State Police
SZ006137,2024-08-15,2024,8,Uttar Pradesh,Agra,26.9648,80.6013,Methamphetamine,1.2,NCB
SZ006138,2019-08-18,2019,8,Delhi,South Delhi,28.9551,76.495,Ketamine,0.9,State Police
SZ006139,2024-04-08,2024,4,Gujarat,Kutch,22.8098,71.0463,Heroin,1.37,BSF
SZ006140,2021-02-13,2021,2,Assam,Cachar,25.6033,92.7935,Methamphetamine,4.71,NCB
SZ006141,2020-09-11,2020,9,Jammu and Kashmir,Srinagar,33.7379,75.8095,Cannabis (Ganja),135.04,Customs
SZ006142,2022-09-14,2022,9,Rajasthan,Jodhpur,26.5004,74.8503,Methamphetamine,0.9,BSF
SZ006143,2022-08-12,2022,8,Manipur,Imphal West,24.2202,94.3866,Heroin,5.97,Coast Guard
SZ006144,2023-07-04,2023,7,Punjab,Gurdaspur,31.0956,75.8426,Heroin,0.14,NCB
SZ006145,2019-06-06,2019,6,Jammu and Kashmir,Srinagar,33.6851,76.0815,Cocaine,1.55,Customs
SZ006146,2024-10-11,2024,10,Delhi,South Delhi,28.2339,76.569,Cannabis (Ganja),127.96,Customs
SZ006147,2021-06-01,2021,6,Maharashtra,Nagpur,20.53,76.0475,Opium,20.75,NCB
SZ006148,2024-05-12,2024,5,Kerala,Kollam,10.2541,76.6361,Cocaine,1.18,State Police
SZ006149,2022-06-17,2022,6,Delhi,New Delhi,29.4909,76.552,Pharmaceutical Opioids,25.55,NCB
SZ006150,2022-05-24,2022,5,Karnataka,Belagavi,15.5963,75.2486,Methamphetamine,0.05,State Police
SZ006151,2020-08-10,2020,8,Andhra Pradesh,Visakhapatnam,15.3011,79.156,Pharmaceutical Opioids,8.72,State Police
SZ006152,2021-06-03,2021,6,Maharashtra,Nashik,20.4441,75.3853,Cannabis (Ganja),51.22,NCB
SZ006153,2021-12-17,2021,12,Maharashtra,Pune,19.7446,76.0328,Cannabis (Ganja),74.29,Coast Guard
SZ006154,2024-11-14,2024,11,Gujarat,Bhavnagar,22.1117,71.6018,Charas/Hashish,5.34,State Police
SZ006155,2024-01-13,2024,1,Rajasthan,Jaisalmer,27.2532,73.7537,Poppy Husk,566.76,State Police
SZ006156,2020-11-19,2020,11,Manipur,Chandel,25.073,94.438,Heroin,4.61,State Police
SZ006157,2019-07-19,2019,7,Delhi,South Delhi,28.5676,76.9588,MDMA,0.33,DRI
SZ006158,2023-10-19,2023,10,Andhra Pradesh,Visakhapatnam,15.4032,79.8074,Cannabis (Ganja),33.2,NCB
SZ006159,2019-03-04,2019,3,Jammu and Kashmir,Jammu,34.5571,76.2274,Cannabis (Ganja),11.42,Customs
SZ006160,2019-10-08,2019,10,Tamil Nadu,Coimbatore,11.5133,78.3449,Charas/Hashish,6.4,NCB
SZ006161,2020-06-12,2020,6,West Bengal,North 24 Parganas,23.2551,88.5949,Poppy Husk,292.87,State Police
SZ006162,2021-08-18,2021,8,Rajasthan,Kota,27.0474,74.0169,MDMA,4.37,NCB
SZ006163,2022-09-05,2022,9,West Bengal,North 24 Parganas,23.0226,87.4027,Charas/Hashish,1.46,BSF
SZ006164,2023-05-04,2023,5,Karnataka,Bengaluru Urban,14.59,75.554,Charas/Hashish,2.39,NCB
SZ006165,2024-12-17,2024,12,Jammu and Kashmir,Jammu,33.9472,76.5935,Charas/Hashish,0.13,State Police
SZ006166,2018-09-09,2018,9,Punjab,Amritsar,31.7121,74.5856,Cannabis (Ganja),40.63,NCB
SZ006167,2020-11-24,2020,11,Jammu and Kashmir,Poonch,34.3931,76.5351,Heroin,2.79,NCB
SZ006168,2023-04-24,2023,4,Assam,Dibrugarh,26.4969,92.5398,Cannabis (Ganja),113.14,NCB
SZ006169,2021-05-18,2021,5,Gujarat,Bhavnagar,22.5125,71.2619,Heroin,1.15,Customs
SZ006170,2019-01-25,2019,1,Jammu and Kashmir,Baramulla,34.2813,76.6044,Pharmaceutical Opioids,1.71,Coast Guard
SZ006171,2019-12-09,2019,12,Kerala,Kozhikode,10.3683,76.0675,Heroin,4.65,Coast Guard
SZ006172,2022-11-10,2022,11,Manipur,Churachandpur,25.288,93.8401,Opium,18.29,Customs
SZ006173,2023-12-23,2023,12,Manipur,Chandel,25.3656,93.5181,Charas/Hashish,0.48,NCB
SZ006174,2023-02-19,2023,2,Manipur,Imphal West,24.237,94.0752,Cannabis (Ganja),89.04,DRI
SZ006175,2020-07-20,2020,7,Jammu and Kashmir,Baramulla,33.046,75.901,MDMA,1.96,State Police
SZ006176,2024-08-04,2024,8,Mizoram,Champhai,22.9642,92.3989,MDMA,3.82,NCB
SZ006177,2024-01-02,2024,1,Odisha,Koraput,20.3559,85.4694,MDMA,0.95,State Police
SZ006178,2020-08-12,2020,8,Punjab,Ludhiana,31.1936,76.0722,Opium,2.66,State Police
SZ006179,2021-06-27,2021,6,Rajasthan,Barmer,26.5792,73.4753,Charas/Hashish,3.2,Customs
SZ006180,2023-12-15,2023,12,Maharashtra,Thane,19.198,75.579,Methamphetamine,3.1,State Police
SZ006181,2024-09-20,2024,9,Mizoram,Champhai,23.809,92.4754,Cannabis (Ganja),113.22,NCB
SZ006182,2018-11-21,2018,11,Jammu and Kashmir,Baramulla,33.2783,77.2154,Heroin,9.21,NCB
SZ006183,2022-10-13,2022,10,Maharashtra,Nashik,20.5418,75.9878,Cannabis (Ganja),61.77,State Police
SZ006184,2021-05-25,2021,5,Delhi,South Delhi,28.004,77.3068,Cannabis (Ganja),27.58,Customs
SZ006185,2023-10-03,2023,10,West Bengal,North 24 Parganas,23.0466,88.2936,Charas/Hashish,1.11,State Police
SZ006186,2023-11-01,2023,11,Manipur,Chandel,25.4131,94.2779,Cocaine,2.38,NCB
SZ006187,2021-05-02,2021,5,Mizoram,Lunglei,23.5533,93.2413,Opium,33.15,Customs
SZ006188,2018-10-05,2018,10,Gujarat,Ahmedabad,22.9589,70.4105,MDMA,1.62,DRI
SZ006189,2022-03-21,2022,3,Jammu and Kashmir,Srinagar,33.8501,76.331,Charas/Hashish,31.6,NCB
SZ006190,2023-11-09,2023,11,Rajasthan,Bikaner,26.5398,74.0172,Cannabis (Ganja),163.53,BSF
SZ006191,2020-10-10,2020,10,Haryana,Karnal,29.4038,75.8298,Methamphetamine,1.63,Customs
SZ006192,2024-10-04,2024,10,Andhra Pradesh,Visakhapatnam,16.4086,80.3699,Cannabis (Ganja),117.75,NCB
SZ006193,2019-08-02,2019,8,Mizoram,Lunglei,23.2374,93.4729,Charas/Hashish,4.09,NCB
SZ006194,2021-04-06,2021,4,Manipur,Chandel,24.6493,94.4411,Opium,32.6,NCB
SZ006195,2023-03-21,2023,3,Maharashtra,Thane,19.5712,75.609,Heroin,0.05,State Police
SZ006196,2021-11-01,2021,11,Kerala,Kochi,10.0901,76.7138,Opium,7.77,NCB
SZ006197,2024-08-26,2024,8,Kerala,Kollam,11.3025,75.9969,Cocaine,2.22,State Police
SZ006198,2018-06-01,2018,6,Mizoram,Champhai,23.341,93.329,Pharmaceutical Opioids,14.14,NCB
SZ006199,2023-08-04,2023,8,Gujarat,Ahmedabad,22.5798,71.0402,Cannabis (Ganja),147.07,State Police
SZ006200,2019-03-21,2019,3,Punjab,Ludhiana,31.4289,75.1202,Cannabis (Ganja),301.01,Customs
SZ006201,2021-02-04,2021,2,Rajasthan,Bikaner,27.5987,74.8598,Cannabis (Ganja),32.68,BSF
SZ006202,2023-04-21,2023,4,Punjab,Ludhiana,30.4058,75.8553,Cannabis (Ganja),66.61,State Police
SZ006203,2023-03-24,2023,3,Punjab,Gurdaspur,31.8742,74.8719,Ketamine,0.46,NCB
SZ006204,2020-05-17,2020,5,Jammu and Kashmir,Baramulla,33.4782,76.4861,Cannabis (Ganja),162.04,NCB
SZ006205,2023-11-02,2023,11,Jammu and Kashmir,Poonch,33.0929,77.0377,Opium,8.9,State Police
SZ006206,2018-06-27,2018,6,Maharashtra,Thane,20.0383,75.907,Heroin,3.71,NCB
SZ006207,2019-05-20,2019,5,West Bengal,Malda,22.45,87.3386,Pharmaceutical Opioids,20.87,State Police
SZ006208,2018-09-07,2018,9,Punjab,Ludhiana,30.4195,74.9296,Heroin,3.88,NCB
SZ006209,2018-05-18,2018,5,Mizoram,Aizawl,22.942,93.2054,Heroin,8.21,Customs
SZ006210,2022-04-12,2022,4,Assam,Cachar,25.514,92.6991,Cannabis (Ganja),159.14,State Police
SZ006211,2018-11-18,2018,11,Rajasthan,Bikaner,26.978,74.3618,Methamphetamine,12.87,NCB
SZ006212,2022-05-04,2022,5,Haryana,Karnal,28.9054,76.0759,Methamphetamine,2.09,Customs
SZ006213,2022-05-01,2022,5,Telangana,Hyderabad,18.7171,79.1092,Heroin,1.8,State Police
SZ006214,2023-09-07,2023,9,Odisha,Koraput,20.2053,85.6204,Heroin,4.38,NCB
SZ006215,2019-10-09,2019,10,Rajasthan,Kota,26.6431,74.4331,Cannabis (Ganja),99.81,DRI
SZ006216,2019-12-08,2019,12,Assam,Cachar,26.2265,93.0092,Charas/Hashish,9.99,Customs
SZ006217,2019-09-07,2019,9,West Bengal,North 24 Parganas,22.4813,87.1623,MDMA,2.64,Customs
SZ006218,2021-01-01,2021,1,Manipur,Imphal West,23.915,93.7482,Cannabis (Ganja),33.97,Coast Guard
SZ006219,2020-03-10,2020,3,Jammu and Kashmir,Jammu,34.4796,76.8063,Pharmaceutical Opioids,0.78,Customs
SZ006220,2022-04-03,2022,4,Gujarat,Kutch,22.7782,71.4219,Cocaine,1.32,DRI
SZ006221,2018-07-23,2018,7,Mizoram,Lunglei,22.5797,92.5568,Heroin,0.63,NCB
SZ006222,2021-01-26,2021,1,Andhra Pradesh,Visakhapatnam,16.4607,80.2883,Cannabis (Ganja),27.46,State Police
SZ006223,2024-11-04,2024,11,Punjab,Ferozepur,30.9545,75.4769,Cannabis (Ganja),28.26,NCB
SZ006224,2024-09-02,2024,9,Maharashtra,Thane,20.4824,76.4145,Heroin,13.17,NCB
SZ006225,2022-12-08,2022,12,West Bengal,Nadia,22.98,87.8414,Methamphetamine,3.6,NCB
SZ006226,2020-07-05,2020,7,Karnataka,Bengaluru Urban,15.4055,76.2206,Charas/Hashish,6.1,Coast Guard
SZ006227,2022-07-27,2022,7,West Bengal,Kolkata,23.4714,88.2534,Charas/Hashish,1.15,NCB
SZ006228,2024-11-08,2024,11,Telangana,Warangal,17.6728,79.3728,Poppy Husk,172.81,NCB
SZ006229,2020-11-21,2020,11,Andhra Pradesh,Vijayawada,16.0275,80.1593,Cannabis (Ganja),73.38,BSF
SZ006230,2021-10-11,2021,10,Mizoram,Champhai,23.1071,92.9541,Opium,9.74,State Police
SZ006231,2023-06-12,2023,6,Punjab,Tarn Taran,31.5576,75.8157,Opium,41.0,Customs
SZ006232,2024-06-03,2024,6,Tamil Nadu,Tirunelveli,10.5049,78.1083,Charas/Hashish,4.39,State Police
SZ006233,2022-09-10,2022,9,Assam,Dibrugarh,26.7728,92.9321,MDMA,0.23,NCB
SZ006234,2022-03-24,2022,3,Manipur,Imphal East,24.2531,93.8194,Opium,122.65,Customs
SZ006235,2022-02-18,2022,2,Rajasthan,Bikaner,26.9135,74.244,Methamphetamine,5.15,BSF
SZ006236,2019-01-03,2019,1,Punjab,Ferozepur,31.6671,75.3721,Poppy Husk,9.83,Customs
SZ006237,2024-06-06,2024,6,Maharashtra,Thane,19.1527,76.2541,Cocaine,6.06,NCB
SZ006238,2019-02-20,2019,2,Gujarat,Kutch,22.5751,70.6134,Heroin,2.77,NCB
SZ006239,2021-01-03,2021,1,Rajasthan,Kota,27.7722,74.6311,Pharmaceutical Opioids,3.03,DRI
SZ006240,2019-05-11,2019,5,Gujarat,Surat,22.3263,71.914,Charas/Hashish,11.96,NCB
SZ006241,2019-08-10,2019,8,Assam,Karimganj,26.0616,93.1652,Cocaine,1.9,Customs
SZ006242,2023-02-08,2023,2,Manipur,Chandel,24.6401,93.4113,Cannabis (Ganja),3.71,State Police
SZ006243,2020-12-04,2020,12,Haryana,Sirsa,28.7943,75.5393,Poppy Husk,126.42,NCB
SZ006244,2019-10-08,2019,10,Bihar,Muzaffarpur,24.6335,85.6118,Methamphetamine,15.05,State Police
SZ006245,2023-07-17,2023,7,Maharashtra,Thane,20.4914,75.7557,Heroin,10.38,NCB
SZ006246,2019-08-08,2019,8,Punjab,Amritsar,30.5691,75.6809,Methamphetamine,1.16,NCB
SZ006247,2018-07-14,2018,7,Gujarat,Porbandar,22.1808,71.3995,Heroin,2.03,NCB
SZ006248,2024-04-13,2024,4,Jammu and Kashmir,Baramulla,34.4819,75.9937,Cannabis (Ganja),2.52,NCB
SZ006249,2018-04-24,2018,4,Delhi,New Delhi,29.1225,76.9654,Methamphetamine,1.65,NCB
SZ006250,2022-09-17,2022,9,Madhya Pradesh,Bhopal,23.4445,79.4542,Heroin,1.94,Customs
SZ006251,2018-10-03,2018,10,Manipur,Chandel,23.9543,93.2875,Methamphetamine,0.5,NCB
SZ006252,2023-06-21,2023,6,Madhya Pradesh,Indore,23.3589,78.4433,Pharmaceutical Opioids,8.99,Customs
SZ006253,2023-12-23,2023,12,Andhra Pradesh,Guntur,15.9838,79.1917,Methamphetamine,3.46,State Police
SZ006254,2020-06-05,2020,6,Karnataka,Bengaluru Urban,14.8137,76.0256,Cannabis (Ganja),61.92,Customs
SZ006255,2021-04-01,2021,4,Mizoram,Aizawl,23.1508,92.4255,Cannabis (Ganja),128.36,NCB
SZ006256,2019-04-17,2019,4,Andhra Pradesh,Anantapur,15.9896,79.3011,Cannabis (Ganja),54.3,NCB
SZ006257,2023-08-11,2023,8,Mizoram,Aizawl,22.6609,92.1408,Charas/Hashish,1.25,NCB
SZ006258,2023-11-15,2023,11,Punjab,Tarn Taran,31.6526,74.5857,Heroin,5.57,NCB
SZ006259,2018-01-03,2018,1,Manipur,Imphal West,23.9846,94.5455,Opium,53.3,NCB
SZ006260,2018-06-07,2018,6,Maharashtra,Nagpur,19.273,75.8882,MDMA,0.06,NCB
SZ006261,2018-11-01,2018,11,Assam,Guwahati,26.8963,93.4219,Cannabis (Ganja),278.42,State Police
SZ006262,2023-03-21,2023,3,Manipur,Imphal East,25.1281,94.5514,Heroin,1.94,Customs
SZ006263,2019-11-17,2019,11,Tamil Nadu,Coimbatore,11.8201,77.9407,Pharmaceutical Opioids,26.55,NCB
SZ006264,2018-10-17,2018,10,Gujarat,Surat,22.6244,71.4719,Cannabis (Ganja),72.91,NCB
SZ006265,2018-09-15,2018,9,Manipur,Chandel,24.2606,94.3063,Opium,5.07,NCB
SZ006266,2019-04-08,2019,4,Bihar,Bhagalpur,24.7945,84.6101,Methamphetamine,3.65,Coast Guard
SZ006267,2019-05-21,2019,5,Manipur,Churachandpur,23.997,94.0907,Opium,0.06,NCB
SZ006268,2019-01-05,2019,1,Telangana,Nizamabad,17.775,78.6583,Heroin,1.98,NCB
SZ006269,2020-03-19,2020,3,Punjab,Amritsar,31.9379,75.6298,Heroin,3.21,DRI
SZ006270,2021-06-07,2021,6,Punjab,Ludhiana,31.2604,75.0314,Pharmaceutical Opioids,22.17,State Police
SZ006271,2023-07-12,2023,7,Bihar,Bhagalpur,24.6337,85.9029,Heroin,0.88,NCB
SZ006272,2020-01-01,2020,1,Assam,Karimganj,26.8778,93.056,Methamphetamine,3.71,NCB
SZ006273,2020-05-14,2020,5,Gujarat,Surat,21.5971,71.5727,Cannabis (Ganja),239.84,State Police
SZ006274,2022-12-25,2022,12,Assam,Cachar,25.8308,93.465,Methamphetamine,8.91,State Police
SZ006275,2023-05-17,2023,5,Andhra Pradesh,Visakhapatnam,15.9018,79.2997,Charas/Hashish,18.47,State Police
SZ006276,2020-01-17,2020,1,Punjab,Gurdaspur,31.3082,74.9024,Heroin,0.53,NCB
SZ006277,2020-12-27,2020,12,Odisha,Cuttack,21.6438,85.6413,Poppy Husk,9.35,NCB
SZ006278,2019-02-12,2019,2,West Bengal,Kolkata,23.7364,88.5467,Opium,2.03,BSF
SZ006279,2024-09-05,2024,9,Rajasthan,Jodhpur,27.3238,74.456,Cocaine,0.44,BSF
SZ006280,2023-10-06,2023,10,Manipur,Imphal East,25.0168,94.5157,Cocaine,2.16,State Police
SZ006281,2020-11-06,2020,11,Mizoram,Lunglei,23.1562,92.9298,Methamphetamine,16.71,NCB
SZ006282,2020-08-15,2020,8,Haryana,Faridabad,28.8138,76.2261,Heroin,3.36,Customs
SZ006283,2023-01-23,2023,1,West Bengal,Nadia,23.4877,88.5581,Cannabis (Ganja),88.92,Coast Guard
SZ006284,2021-09-12,2021,9,Jammu and Kashmir,Baramulla,34.1094,76.7609,MDMA,1.03,NCB
SZ006285,2018-03-09,2018,3,Maharashtra,Pune,19.2811,75.9002,Heroin,0.37,Coast Guard
SZ006286,2022-04-18,2022,4,Manipur,Imphal West,24.8344,93.984,Cocaine,1.92,BSF
SZ006287,2023-06-04,2023,6,West Bengal,North 24 Parganas,23.2117,87.3604,Methamphetamine,10.7,State Police
SZ006288,2021-08-26,2021,8,Karnataka,Bengaluru Urban,14.8926,75.9479,Heroin,6.57,BSF
SZ006289,2024-06-20,2024,6,Assam,Cachar,26.2789,93.2853,Opium,20.64,State Police
SZ006290,2018-11-06,2018,11,Gujarat,Surat,22.3599,71.7165,Ketamine,2.42,NCB
SZ006291,2019-04-15,2019,4,Bihar,Gaya,24.3111,85.0588,Charas/Hashish,16.08,Customs
SZ006292,2019-05-07,2019,5,Kerala,Thiruvananthapuram,10.8455,76.3445,Methamphetamine,6.48,State Police
SZ006293,2024-10-18,2024,10,Uttar Pradesh,Agra,26.1912,81.6733,Cannabis (Ganja),269.7,State Police
SZ006294,2021-01-10,2021,1,Tamil Nadu,Madurai,10.8304,78.2672,Cannabis (Ganja),39.0,State Police
SZ006295,2023-02-21,2023,2,Bihar,Muzaffarpur,25.48,84.5344,Cocaine,1.03,NCB
SZ006296,2024-06-10,2024,6,Gujarat,Porbandar,22.2405,71.0906,Cocaine,0.52,NCB
SZ006297,2020-03-08,2020,3,Delhi,South Delhi,28.2132,76.6958,MDMA,0.56,Customs
SZ006298,2023-08-09,2023,8,Gujarat,Surat,22.177,71.0616,Cannabis (Ganja),52.85,State Police
SZ006299,2024-09-25,2024,9,Telangana,Nizamabad,18.0632,79.1715,Cannabis (Ganja),374.72,Customs
SZ006300,2021-05-01,2021,5,Assam,Dibrugarh,25.5925,92.208,Poppy Husk,11.58,State Police
SZ006301,2022-11-11,2022,11,Maharashtra,Thane,19.9491,75.2104,Heroin,1.93,State Police
SZ006302,2022-08-25,2022,8,Kerala,Kollam,11.456,77.0092,Opium,5.83,State Police
SZ006303,2023-04-23,2023,4,Punjab,Amritsar,31.6114,75.2393,Cannabis (Ganja),93.51,State Police
SZ006304,2023-08-10,2023,8,Odisha,Bhubaneswar,20.4062,84.4831,Heroin,1.31,State Police
SZ006305,2018-10-23,2018,10,Gujarat,Ahmedabad,22.6665,71.7853,Heroin,1.67,NCB
SZ006306,2023-03-13,2023,3,Karnataka,Belagavi,15.0189,74.9629,Cocaine,0.54,NCB
SZ006307,2018-01-05,2018,1,Mizoram,Lunglei,23.5669,93.6971,Cocaine,3.87,DRI
SZ006308,2020-08-16,2020,8,Gujarat,Kutch,22.2354,71.5685,Heroin,1.05,Coast Guard
SZ006309,2020-11-14,2020,11,Bihar,Bhagalpur,24.7282,85.1346,Heroin,13.98,BSF
SZ006310,2020-03-03,2020,3,West Bengal,Malda,23.2594,87.3235,Charas/Hashish,11.49,Customs
SZ006311,2022-12-24,2022,12,Delhi,New Delhi,29.3046,77.1173,Heroin,3.63,DRI
SZ006312,2024-05-21,2024,5,Kerala,Kollam,10.3652,76.2824,Pharmaceutical Opioids,8.41,Customs
SZ006313,2019-06-26,2019,6,Maharashtra,Pune,18.986,76.5001,Methamphetamine,0.33,State Police
SZ006314,2024-01-26,2024,1,Assam,Dibrugarh,26.9885,92.4274,Heroin,7.18,Customs
SZ006315,2020-01-05,2020,1,Karnataka,Bengaluru Urban,15.0668,75.8367,Heroin,0.45,DRI
SZ006316,2024-04-21,2024,4,Haryana,Karnal,29.507,76.838,Heroin,4.0,State Police
SZ006317,2022-12-19,2022,12,Andhra Pradesh,Anantapur,15.321,80.5066,Poppy Husk,429.44,Coast Guard
SZ006318,2024-05-03,2024,5,Maharashtra,Nashik,19.3899,76.2867,Pharmaceutical Opioids,31.41,NCB
SZ006319,2021-08-21,2021,8,Haryana,Karnal,29.4364,75.4696,Heroin,2.72,NCB
SZ006320,2020-03-14,2020,3,West Bengal,Nadia,22.5333,87.4417,Cocaine,1.18,NCB
SZ006321,2024-02-26,2024,2,Tamil Nadu,Chennai,10.4742,78.8008,Cannabis (Ganja),399.0,NCB
SZ006322,2019-04-02,2019,4,Haryana,Karnal,29.7062,76.754,Opium,4.38,Customs
SZ006323,2018-08-24,2018,8,Rajasthan,Barmer,26.9418,74.6616,Heroin,7.39,State Police
SZ006324,2019-03-16,2019,3,Maharashtra,Mumbai,19.9609,76.2863,Methamphetamine,6.8,NCB
SZ006325,2024-12-19,2024,12,Madhya Pradesh,Bhopal,22.7813,78.1444,Heroin,10.85,State Police
SZ006326,2019-04-02,2019,4,Mizoram,Aizawl,22.751,93.6683,Methamphetamine,2.54,Customs
SZ006327,2023-04-21,2023,4,Uttar Pradesh,Ghaziabad,27.0574,80.6008,Pharmaceutical Opioids,0.22,DRI
SZ006328,2021-09-20,2021,9,Punjab,Ludhiana,31.1054,75.9951,Methamphetamine,11.29,State Police
SZ006329,2021-11-21,2021,11,Mizoram,Aizawl,23.0965,92.6776,Cannabis (Ganja),43.82,NCB
SZ006330,2022-11-02,2022,11,Manipur,Churachandpur,23.9253,93.265,Opium,1.35,Customs
SZ006331,2022-12-15,2022,12,Mizoram,Champhai,23.2538,92.9778,Cannabis (Ganja),211.36,BSF
SZ006332,2020-06-19,2020,6,Mizoram,Lunglei,23.3018,92.36,Cannabis (Ganja),25.46,Customs
SZ006333,2021-11-01,2021,11,Manipur,Imphal West,24.1083,93.6561,Cannabis (Ganja),390.53,NCB
SZ006334,2024-05-18,2024,5,Uttar Pradesh,Kanpur,26.972,81.428,Charas/Hashish,2.49,State Police
SZ006335,2019-05-10,2019,5,Jammu and Kashmir,Baramulla,34.4611,77.0997,Opium,35.35,DRI
SZ006336,2022-09-15,2022,9,Andhra Pradesh,Anantapur,16.4302,78.9506,Cannabis (Ganja),88.67,BSF
SZ006337,2018-03-03,2018,3,Maharashtra,Pune,20.0513,75.5745,Heroin,4.54,NCB
SZ006338,2018-01-25,2018,1,Delhi,South Delhi,28.2847,76.4711,Ketamine,5.64,Customs
SZ006339,2019-09-20,2019,9,Rajasthan,Kota,26.6638,74.5241,Cannabis (Ganja),43.46,Customs
SZ006340,2020-03-18,2020,3,Assam,Karimganj,26.6501,92.3611,Heroin,4.92,Coast Guard
SZ006341,2018-12-11,2018,12,Jammu and Kashmir,Poonch,33.8574,76.1347,Heroin,2.03,NCB
SZ006342,2019-02-15,2019,2,Jammu and Kashmir,Poonch,34.4761,77.3482,MDMA,1.18,NCB
SZ006343,2024-01-15,2024,1,Manipur,Chandel,24.9009,94.1541,Cannabis (Ganja),202.28,NCB
SZ006344,2023-06-15,2023,6,Tamil Nadu,Chennai,10.5959,77.9788,Methamphetamine,0.05,NCB
SZ006345,2021-03-14,2021,3,Gujarat,Bhavnagar,22.0901,71.0424,Opium,15.71,NCB
SZ006346,2022-02-04,2022,2,Kerala,Kozhikode,10.702,75.5308,Heroin,1.93,Customs
SZ006347,2020-12-15,2020,12,Delhi,South Delhi,29.2531,76.5423,Pharmaceutical Opioids,3.89,State Police
SZ006348,2019-02-02,2019,2,Bihar,Gaya,24.9513,85.7001,Cannabis (Ganja),60.43,NCB
SZ006349,2023-09-17,2023,9,Assam,Dibrugarh,25.6812,93.2929,MDMA,0.25,NCB
SZ006350,2024-08-13,2024,8,Gujarat,Bhavnagar,21.8707,70.53,Cannabis (Ganja),91.97,DRI
SZ006351,2018-07-27,2018,7,Maharashtra,Mumbai,19.9916,74.9371,Heroin,1.42,State Police
SZ006352,2020-08-05,2020,8,Odisha,Bhubaneswar,20.6226,84.87,Cannabis (Ganja),34.4,State Police
SZ006353,2022-03-17,2022,3,Gujarat,Kutch,22.6783,70.9226,Charas/Hashish,16.16,State Police
SZ006354,2023-11-16,2023,11,Telangana,Hyderabad,17.6217,79.1459,Opium,11.88,State Police
SZ006355,2023-01-14,2023,1,Manipur,Churachandpur,24.3844,93.7598,Opium,3.24,State Police
SZ006356,2023-08-18,2023,8,Gujarat,Kutch,22.0357,70.951,Heroin,6.06,DRI
SZ006357,2020-01-17,2020,1,Uttar Pradesh,Kanpur,26.3191,81.381,Charas/Hashish,1.8,NCB
SZ006358,2024-03-18,2024,3,Gujarat,Surat,22.1264,71.4229,Cannabis (Ganja),28.12,NCB
SZ006359,2019-01-27,2019,1,Kerala,Thiruvananthapuram,10.4689,76.0868,Methamphetamine,11.68,NCB
SZ006360,2021-11-15,2021,11,Punjab,Gurdaspur,31.3086,75.8465,MDMA,5.04,NCB
SZ006361,2021-04-15,2021,4,Madhya Pradesh,Neemuch,22.5733,79.1539,Charas/Hashish,5.23,BSF
SZ006362,2019-05-20,2019,5,Assam,Guwahati,25.8563,92.8424,Cannabis (Ganja),33.12,NCB
SZ006363,2023-05-02,2023,5,Delhi,East Delhi,29.1956,77.3249,MDMA,0.44,NCB
SZ006364,2020-10-12,2020,10,Uttar Pradesh,Agra,26.1375,81.3297,MDMA,0.7,Customs
SZ006365,2023-06-13,2023,6,Assam,Guwahati,26.6709,92.5808,Opium,17.56,BSF
SZ006366,2022-03-17,2022,3,Gujarat,Kutch,22.331,70.6794,Heroin,1.95,State Police
SZ006367,2024-08-06,2024,8,Andhra Pradesh,Guntur,15.3051,80.0075,Pharmaceutical Opioids,4.15,BSF
SZ006368,2023-11-22,2023,11,Kerala,Kollam,10.3698,76.5445,Cannabis (Ganja),208.11,NCB
SZ006369,2021-04-14,2021,4,Maharashtra,Nagpur,19.4446,75.4409,MDMA,5.78,NCB
SZ006370,2023-06-17,2023,6,Maharashtra,Nagpur,20.3064,75.0063,Heroin,5.92,BSF
SZ006371,2021-04-13,2021,4,Maharashtra,Nashik,18.9586,75.8336,Heroin,3.13,NCB
SZ006372,2022-12-17,2022,12,Punjab,Amritsar,31.7649,74.7398,Cocaine,0.61,Customs
SZ006373,2019-11-19,2019,11,Uttar Pradesh,Lucknow,26.7459,80.5389,Ketamine,0.16,NCB
SZ006374,2021-01-11,2021,1,Uttar Pradesh,Agra,26.3077,80.5064,Cannabis (Ganja),9.2,State Police
SZ006375,2023-10-21,2023,10,Rajasthan,Kota,26.3408,73.9799,Cannabis (Ganja),18.91,BSF
SZ006376,2024-05-25,2024,5,Assam,Dibrugarh,25.879,93.3271,Cannabis (Ganja),61.18,State Police
SZ006377,2023-12-19,2023,12,Punjab,Tarn Taran,31.3642,74.7371,Cannabis (Ganja),91.62,NCB
SZ006378,2019-05-18,2019,5,Gujarat,Bhavnagar,21.804,71.4688,Ketamine,3.94,NCB
SZ006379,2024-11-15,2024,11,Gujarat,Surat,22.0506,71.5116,Charas/Hashish,16.35,NCB
SZ006380,2024-09-09,2024,9,Rajasthan,Bikaner,27.5504,74.9187,Pharmaceutical Opioids,0.62,NCB
SZ006381,2018-10-25,2018,10,Uttar Pradesh,Kanpur,26.1908,80.5484,Cannabis (Ganja),37.29,NCB
SZ006382,2018-04-04,2018,4,Telangana,Warangal,18.0592,78.8364,MDMA,3.69,NCB
SZ006383,2020-11-24,2020,11,Telangana,Khammam,17.5052,79.7493,Methamphetamine,2.95,Coast Guard
SZ006384,2021-09-14,2021,9,Mizoram,Champhai,23.6601,93.5217,MDMA,2.44,Customs
SZ006385,2019-06-13,2019,6,Punjab,Ferozepur,30.4478,75.5349,Cocaine,0.17,NCB
SZ006386,2023-02-01,2023,2,Haryana,Karnal,28.2786,75.9224,Ketamine,0.15,NCB
SZ006387,2023-12-12,2023,12,Madhya Pradesh,Gwalior,22.3085,79.3058,Cannabis (Ganja),40.37,NCB
SZ006388,2023-04-17,2023,4,Maharashtra,Pune,20.4782,76.2798,Poppy Husk,409.41,BSF
SZ006389,2024-02-21,2024,2,Assam,Karimganj,26.1835,93.4701,Pharmaceutical Opioids,2.97,State Police
SZ006390,2023-11-08,2023,11,Rajasthan,Barmer,26.8471,74.4927,MDMA,3.94,NCB
SZ006391,2020-06-17,2020,6,Karnataka,Mysuru,15.1929,76.4292,Cannabis (Ganja),121.49,Customs
SZ006392,2018-11-21,2018,11,Odisha,Ganjam,21.5379,85.4251,Charas/Hashish,5.21,State Police
SZ006393,2023-09-13,2023,9,Bihar,Patna,24.4983,85.7094,Heroin,8.52,State Police
SZ006394,2018-11-17,2018,11,Tamil Nadu,Tirunelveli,11.1871,78.9666,Heroin,1.21,State Police
SZ006395,2022-03-25,2022,3,Tamil Nadu,Tirunelveli,11.8914,78.2433,Heroin,6.14,NCB
SZ006396,2024-05-12,2024,5,Kerala,Thiruvananthapuram,10.4149,75.6955,MDMA,0.43,Customs
SZ006397,2019-08-26,2019,8,Assam,Karimganj,26.0745,93.2327,Charas/Hashish,13.93,State Police
SZ006398,2023-01-10,2023,1,Bihar,Patna,25.043,85.6636,Pharmaceutical Opioids,11.02,DRI
SZ006399,2023-03-07,2023,3,Punjab,Tarn Taran,31.9108,74.8855,Ketamine,1.73,BSF
SZ006400,2024-05-05,2024,5,Karnataka,Mysuru,15.8476,75.3393,Cannabis (Ganja),4.5,State Police
SZ006401,2023-09-12,2023,9,Gujarat,Porbandar,22.9867,71.7979,Methamphetamine,0.76,NCB
SZ006402,2022-12-22,2022,12,Delhi,New Delhi,28.6821,76.5505,Pharmaceutical Opioids,4.07,NCB
SZ006403,2021-12-15,2021,12,Telangana,Hyderabad,18.5141,79.2279,Opium,16.28,Customs
SZ006404,2022-08-19,2022,8,Delhi,New Delhi,29.3243,76.7291,Cocaine,2.6,NCB
SZ006405,2020-09-08,2020,9,Punjab,Amritsar,31.2916,74.7395,Heroin,5.05,State Police
SZ006406,2024-12-24,2024,12,Delhi,North West Delhi,29.4091,76.7405,MDMA,0.83,Customs
SZ006407,2019-06-12,2019,6,Mizoram,Lunglei,23.8499,93.2301,MDMA,2.48,NCB
SZ006408,2023-01-07,2023,1,Rajasthan,Barmer,27.4124,74.4421,Cannabis (Ganja),18.85,NCB
SZ006409,2023-12-07,2023,12,Jammu and Kashmir,Jammu,33.0257,76.848,MDMA,0.28,DRI
SZ006410,2018-05-07,2018,5,Manipur,Imphal East,24.1568,93.461,Opium,11.4,BSF
SZ006411,2019-11-23,2019,11,Jammu and Kashmir,Srinagar,33.7102,77.3446,Cannabis (Ganja),74.9,NCB
SZ006412,2024-12-25,2024,12,Haryana,Gurugram,28.5865,76.0508,Cannabis (Ganja),123.98,NCB
SZ006413,2024-11-15,2024,11,West Bengal,Kolkata,23.6486,87.1859,Cannabis (Ganja),159.61,NCB
SZ006414,2023-05-11,2023,5,Gujarat,Surat,22.8694,71.2043,Poppy Husk,280.24,BSF
SZ006415,2021-05-19,2021,5,Uttar Pradesh,Kanpur,27.5954,80.2577,Heroin,2.04,NCB
SZ006416,2023-03-01,2023,3,Haryana,Faridabad,28.5281,75.3736,Charas/Hashish,8.47,NCB
SZ006417,2020-04-03,2020,4,Odisha,Ganjam,21.3202,85.868,Heroin,3.67,NCB
SZ006418,2023-03-09,2023,3,Rajasthan,Barmer,26.8913,74.0142,Charas/Hashish,16.14,State Police
SZ006419,2019-01-21,2019,1,Manipur,Imphal East,24.5647,93.8169,Heroin,0.3,NCB
SZ006420,2018-09-24,2018,9,Jammu and Kashmir,Baramulla,33.0929,75.9738,Poppy Husk,56.6,BSF
SZ006421,2024-08-06,2024,8,Telangana,Hyderabad,18.0592,78.8786,Opium,29.82,Customs
SZ006422,2020-08-13,2020,8,Kerala,Kollam,10.6129,76.2585,Cannabis (Ganja),27.22,NCB
SZ006423,2024-02-11,2024,2,Rajasthan,Bikaner,26.9973,74.3248,Heroin,11.29,Coast Guard
SZ006424,2020-05-22,2020,5,Manipur,Churachandpur,25.3664,93.6619,Heroin,7.81,Customs
SZ006425,2018-12-10,2018,12,Jammu and Kashmir,Jammu,33.5306,75.9026,Charas/Hashish,9.82,State Police
SZ006426,2021-07-08,2021,7,Maharashtra,Mumbai,19.5266,75.247,Cannabis (Ganja),35.94,State Police
SZ006427,2022-01-22,2022,1,Maharashtra,Nashik,20.2124,76.3539,Cannabis (Ganja),116.72,State Police
SZ006428,2023-03-16,2023,3,Mizoram,Champhai,22.5726,93.4393,Cocaine,0.56,State Police
SZ006429,2021-05-12,2021,5,West Bengal,Malda,22.5667,87.3382,Opium,5.06,State Police
SZ006430,2019-08-02,2019,8,Uttar Pradesh,Ghaziabad,26.6592,80.8792,Methamphetamine,0.54,State Police
SZ006431,2019-09-01,2019,9,Rajasthan,Bikaner,26.9436,74.9484,Cannabis (Ganja),73.49,NCB
SZ006432,2020-10-14,2020,10,Rajasthan,Kota,26.538,74.909,Heroin,1.37,State Police
SZ006433,2018-09-20,2018,9,Assam,Guwahati,26.4704,92.405,Cannabis (Ganja),35.85,State Police
SZ006434,2024-08-25,2024,8,Uttar Pradesh,Varanasi,26.3199,80.9028,Heroin,5.02,Coast Guard
SZ006435,2019-09-24,2019,9,Maharashtra,Pune,19.0354,75.8804,Cannabis (Ganja),4.54,Customs
SZ006436,2021-08-11,2021,8,Andhra Pradesh,Anantapur,15.4931,79.3488,Opium,0.34,Customs
SZ006437,2024-01-17,2024,1,Manipur,Imphal West,25.3793,94.3923,Heroin,1.43,State Police
SZ006438,2021-10-22,2021,10,Kerala,Thiruvananthapuram,10.7626,75.8324,MDMA,0.23,Customs
SZ006439,2024-06-27,2024,6,Rajasthan,Jodhpur,27.7402,74.5515,Heroin,0.37,Customs
SZ006440,2021-06-16,2021,6,Delhi,South Delhi,28.3908,77.1521,Methamphetamine,7.21,Customs
SZ006441,2020-06-13,2020,6,Punjab,Ludhiana,31.0788,75.8412,Cannabis (Ganja),52.78,BSF
SZ006442,2018-04-20,2018,4,Punjab,Tarn Taran,31.0392,75.7397,Cocaine,9.64,Customs
SZ006443,2024-04-23,2024,4,Uttar Pradesh,Agra,27.18,81.0434,Cannabis (Ganja),525.36,Customs
SZ006444,2022-05-08,2022,5,Gujarat,Surat,21.808,70.7801,Ketamine,0.86,State Police
SZ006445,2023-07-26,2023,7,Rajasthan,Bikaner,26.3013,73.5294,Pharmaceutical Opioids,12.69,State Police
SZ006446,2021-09-16,2021,9,Delhi,New Delhi,29.2713,77.2707,Cocaine,1.58,NCB
SZ006447,2023-08-24,2023,8,Rajasthan,Kota,27.7793,73.9772,Charas/Hashish,9.85,NCB
SZ006448,2024-03-01,2024,3,Telangana,Khammam,17.5939,78.271,Cannabis (Ganja),198.92,NCB
SZ006449,2019-03-11,2019,3,Assam,Cachar,26.5736,92.3581,Methamphetamine,2.51,DRI
SZ006450,2019-10-27,2019,10,Haryana,Karnal,29.1806,76.1327,Charas/Hashish,0.74,BSF
SZ006451,2023-10-27,2023,10,Delhi,East Delhi,28.2239,76.967,Methamphetamine,12.89,BSF
SZ006452,2022-10-03,2022,10,Andhra Pradesh,Visakhapatnam,16.63,80.2169,Cocaine,3.47,NCB
SZ006453,2018-10-23,2018,10,Haryana,Faridabad,28.7125,76.4581,Cannabis (Ganja),119.47,NCB
SZ006454,2018-05-01,2018,5,Madhya Pradesh,Gwalior,23.2207,78.629,Heroin,3.25,State Police
SZ006455,2021-07-01,2021,7,Bihar,Patna,24.5489,85.2978,Poppy Husk,67.27,Customs
SZ006456,2024-07-08,2024,7,Punjab,Gurdaspur,31.7451,75.1142,Cocaine,0.76,NCB
SZ006457,2020-04-02,2020,4,Punjab,Amritsar,31.1389,74.7536,Opium,6.55,State Police
SZ006458,2020-02-22,2020,2,Haryana,Karnal,29.8583,76.3274,Heroin,0.58,Customs
SZ006459,2024-10-21,2024,10,Manipur,Churachandpur,23.9866,93.6846,Heroin,8.88,NCB
SZ006460,2021-12-05,2021,12,Uttar Pradesh,Lucknow,26.8732,81.3293,Heroin,2.64,Customs
SZ006461,2024-06-24,2024,6,Punjab,Amritsar,30.8848,74.7527,Ketamine,9.47,NCB
SZ006462,2022-03-04,2022,3,Rajasthan,Jodhpur,27.7488,74.3216,Poppy Husk,205.61,NCB
SZ006463,2018-10-22,2018,10,Gujarat,Kutch,22.0822,71.3685,Heroin,3.13,Customs
SZ006464,2024-10-17,2024,10,Rajasthan,Bikaner,27.5186,73.6793,Cannabis (Ganja),275.05,NCB
SZ006465,2021-08-13,2021,8,Jammu and Kashmir,Srinagar,33.289,76.4057,Opium,14.69,NCB
SZ006466,2022-09-19,2022,9,Assam,Guwahati,26.6358,93.0595,Heroin,0.24,NCB
SZ006467,2020-05-11,2020,5,Tamil Nadu,Tirunelveli,11.7072,78.0995,Cannabis (Ganja),17.67,State Police
SZ006468,2024-04-09,2024,4,Rajasthan,Kota,27.5739,74.6434,Pharmaceutical Opioids,9.34,NCB
SZ006469,2018-03-19,2018,3,Odisha,Ganjam,21.1545,85.5238,Methamphetamine,2.33,NCB
SZ006470,2022-12-04,2022,12,Rajasthan,Barmer,26.6466,74.5038,Heroin,0.98,NCB
SZ006471,2024-09-07,2024,9,Jammu and Kashmir,Poonch,33.4113,76.9053,Heroin,0.62,State Police
SZ006472,2023-03-08,2023,3,Gujarat,Ahmedabad,21.7965,71.1817,Cocaine,0.28,DRI
SZ006473,2021-05-08,2021,5,Odisha,Bhubaneswar,20.4788,85.1548,Heroin,2.07,NCB
SZ006474,2018-02-09,2018,2,Karnataka,Mysuru,16.0777,75.2161,Cannabis (Ganja),457.75,NCB
SZ006475,2018-03-11,2018,3,West Bengal,Nadia,22.91,87.5935,Cannabis (Ganja),88.7,NCB
SZ006476,2024-06-13,2024,6,Maharashtra,Pune,19.2293,75.4057,Ketamine,2.38,Customs
SZ006477,2024-08-26,2024,8,Gujarat,Ahmedabad,22.4252,71.0619,Charas/Hashish,15.23,State Police
SZ006478,2020-01-21,2020,1,West Bengal,Nadia,23.0077,87.1908,Heroin,5.81,Coast Guard
SZ006479,2018-09-10,2018,9,Mizoram,Champhai,22.8334,92.9702,Ketamine,1.29,State Police
SZ006480,2019-09-15,2019,9,Telangana,Hyderabad,18.4004,78.4392,Cannabis (Ganja),6.75,NCB
SZ006481,2024-06-18,2024,6,Manipur,Chandel,24.798,93.4708,Heroin,2.66,NCB
SZ006482,2023-05-09,2023,5,Telangana,Nizamabad,18.2336,78.7181,Heroin,5.93,State Police
SZ006483,2023-01-18,2023,1,Jammu and Kashmir,Jammu,33.3507,76.934,Charas/Hashish,37.97,State Police
SZ006484,2022-07-17,2022,7,Uttar Pradesh,Agra,26.8178,81.7385,Cannabis (Ganja),312.76,Customs
SZ006485,2024-05-22,2024,5,Delhi,East Delhi,27.9912,76.4482,Cocaine,0.73,NCB
SZ006486,2023-12-22,2023,12,Manipur,Chandel,25.0568,94.7015,Pharmaceutical Opioids,13.38,NCB
SZ006487,2019-11-23,2019,11,Punjab,Amritsar,31.8549,75.1018,Cannabis (Ganja),206.18,State Police
SZ006488,2019-07-10,2019,7,Punjab,Ludhiana,30.9092,75.1244,Cocaine,0.14,Customs
SZ006489,2024-11-11,2024,11,Maharashtra,Nashik,19.3798,76.2316,Cannabis (Ganja),324.88,DRI
SZ006490,2019-10-01,2019,10,West Bengal,Kolkata,23.4283,87.8117,Cannabis (Ganja),118.01,State Police
SZ006491,2023-01-06,2023,1,West Bengal,Kolkata,22.4201,88.1139,Charas/Hashish,4.22,BSF
SZ006492,2018-03-09,2018,3,Tamil Nadu,Tirunelveli,10.8495,78.8207,Poppy Husk,111.15,NCB
SZ006493,2019-05-03,2019,5,Jammu and Kashmir,Poonch,34.0703,76.8337,Heroin,5.95,NCB
SZ006494,2023-04-17,2023,4,Karnataka,Bengaluru Urban,15.8929,75.0454,Opium,2.02,Coast Guard
SZ006495,2018-02-12,2018,2,Manipur,Churachandpur,25.3407,93.8509,Opium,19.98,Coast Guard
SZ006496,2023-02-03,2023,2,Bihar,Bhagalpur,24.9536,85.7363,Poppy Husk,272.81,NCB
SZ006497,2022-09-02,2022,9,Gujarat,Surat,21.6685,70.9385,Methamphetamine,13.24,NCB
SZ006498,2019-11-10,2019,11,Haryana,Faridabad,28.3099,76.8263,Pharmaceutical Opioids,2.17,NCB
SZ006499,2022-03-17,2022,3,Mizoram,Aizawl,22.8606,93.525,MDMA,1.8,Customs
SZ006500,2021-10-13,2021,10,Mizoram,Aizawl,22.478,92.7615,Opium,83.39,Customs
SZC006501,2018-08-21,2018,8,Punjab,Tarn Taran,31.6382,76.0927,Heroin,8.3,Customs
SZC006502,2018-09-03,2018,9,Rajasthan,Jaisalmer,27.7534,74.5756,Heroin,9.36,Customs
SZC006503,2018-10-09,2018,10,Gujarat,Surat,21.5891,70.4219,Heroin,18.62,NCB
SZC006504,2018-11-06,2018,11,Maharashtra,Thane,19.986,75.4636,Heroin,8.87,State Police
SZC006505,2018-08-09,2018,8,Punjab,Gurdaspur,31.0093,75.8774,Heroin,22.93,NCB
SZC006506,2018-09-09,2018,9,Rajasthan,Bikaner,26.6895,74.4882,Heroin,12.33,NCB
SZC006507,2018-10-15,2018,10,Gujarat,Bhavnagar,23.033,70.4469,Heroin,8.06,Customs
SZC006508,2018-11-24,2018,11,Maharashtra,Mumbai,19.8421,76.1334,Heroin,39.65,BSF
SZC006509,2018-01-21,2018,1,Punjab,Gurdaspur,30.529,75.4836,Heroin,22.14,NCB
SZC006510,2018-02-22,2018,2,Rajasthan,Kota,26.8285,73.5802,Heroin,19.44,Coast Guard
SZC006511,2018-03-19,2018,3,Gujarat,Surat,21.6997,71.9729,Heroin,9.61,State Police
SZC006512,2018-04-26,2018,4,Maharashtra,Pune,19.5094,75.2948,Heroin,19.15,State Police
SZC006513,2019-07-24,2019,7,Punjab,Tarn Taran,30.4349,75.4057,Heroin,15.19,State Police
SZC006514,2019-08-19,2019,8,Rajasthan,Jodhpur,27.1252,74.8214,Heroin,17.57,State Police
SZC006515,2019-09-10,2019,9,Gujarat,Kutch,22.8337,70.8057,Heroin,12.87,NCB
SZC006516,2019-10-21,2019,10,Maharashtra,Nagpur,19.3127,76.2373,Heroin,11.82,NCB
SZC006517,2019-04-08,2019,4,Punjab,Ludhiana,31.5866,74.7916,Heroin,27.49,Coast Guard
SZC006518,2019-05-09,2019,5,Rajasthan,Barmer,26.2703,74.6309,Heroin,22.32,DRI
SZC006519,2019-06-01,2019,6,Gujarat,Ahmedabad,22.1236,71.5126,Heroin,10.29,State Police
SZC006520,2019-07-10,2019,7,Maharashtra,Nashik,19.5274,76.429,Heroin,11.87,Customs
SZC006521,2019-03-24,2019,3,Punjab,Amritsar,31.6947,75.1269,Heroin,13.86,Customs
SZC006522,2019-04-10,2019,4,Rajasthan,Jodhpur,26.3343,74.6873,Heroin,17.37,State Police
SZC006523,2019-05-27,2019,5,Gujarat,Porbandar,22.443,70.8154,Heroin,17.54,State Police
SZC006524,2019-06-21,2019,6,Maharashtra,Mumbai,19.898,76.3121,Heroin,13.56,NCB
SZC006525,2020-07-10,2020,7,Punjab,Gurdaspur,31.7645,75.4331,Heroin,9.82,State Police
SZC006526,2020-08-15,2020,8,Rajasthan,Bikaner,26.7757,73.7717,Heroin,11.59,DRI
SZC006527,2020-09-05,2020,9,Gujarat,Bhavnagar,21.8823,71.3637,Heroin,8.37,NCB
SZC006528,2020-10-18,2020,10,Maharashtra,Mumbai,19.9678,75.8377,Heroin,14.57,State Police
SZC006529,2020-03-19,2020,3,Punjab,Ludhiana,31.4301,75.6935,Heroin,13.51,State Police
SZC006530,2020-04-26,2020,4,Rajasthan,Jodhpur,27.1524,74.1375,Heroin,23.64,NCB
SZC006531,2020-05-27,2020,5,Gujarat,Porbandar,22.2745,70.9369,Heroin,8.82,NCB
SZC006532,2020-06-12,2020,6,Maharashtra,Mumbai,18.966,75.1565,Heroin,10.67,State Police
SZC006533,2020-05-06,2020,5,Punjab,Ludhiana,31.1743,75.2096,Heroin,9.13,NCB
SZC006534,2020-06-04,2020,6,Rajasthan,Kota,27.0273,73.7274,Heroin,10.83,State Police
SZC006535,2020-07-16,2020,7,Gujarat,Bhavnagar,22.5807,70.7341,Heroin,11.9,NCB
SZC006536,2020-08-10,2020,8,Maharashtra,Nashik,19.5743,76.2603,Heroin,9.84,State Police
SZC006537,2021-06-13,2021,6,Punjab,Tarn Taran,31.8045,74.6854,Heroin,12.66,BSF
SZC006538,2021-07-14,2021,7,Rajasthan,Barmer,26.7834,74.9516,Heroin,14.42,Customs
SZC006539,2021-08-13,2021,8,Gujarat,Surat,21.7977,70.8306,Heroin,12.92,State Police
SZC006540,2021-09-10,2021,9,Maharashtra,Thane,19.9669,75.2196,Heroin,16.1,NCB
SZC006541,2021-05-03,2021,5,Punjab,Amritsar,30.5181,74.6762,Heroin,11.71,NCB
SZC006542,2021-06-22,2021,6,Rajasthan,Barmer,27.1097,74.3155,Heroin,10.99,NCB
SZC006543,2021-07-07,2021,7,Gujarat,Surat,22.1434,71.841,Heroin,8.73,NCB
SZC006544,2021-08-10,2021,8,Maharashtra,Thane,19.474,76.4487,Heroin,16.86,NCB
SZC006545,2021-05-19,2021,5,Punjab,Ferozepur,31.2093,74.795,Heroin,8.7,State Police
SZC006546,2021-06-17,2021,6,Rajasthan,Jaisalmer,27.6997,74.8462,Heroin,10.48,Customs
SZC006547,2021-07-20,2021,7,Gujarat,Ahmedabad,21.9777,70.7151,Heroin,8.75,State Police
SZC006548,2021-08-03,2021,8,Maharashtra,Thane,19.8635,75.1759,Heroin,12.54,NCB
SZC006549,2022-01-08,2022,1,Punjab,Ludhiana,31.6915,75.1457,Heroin,13.84,NCB
SZC006550,2022-02-20,2022,2,Rajasthan,Barmer,27.1963,74.2807,Heroin,42.11,Customs
SZC006551,2022-03-12,2022,3,Gujarat,Ahmedabad,22.4639,70.6563,Heroin,14.91,State Police
SZC006552,2022-04-01,2022,4,Maharashtra,Pune,19.0827,75.9706,Heroin,12.18,BSF
SZC006553,2022-07-06,2022,7,Punjab,Tarn Taran,30.6654,75.8516,Heroin,39.95,NCB
SZC006554,2022-08-17,2022,8,Rajasthan,Jodhpur,26.8196,74.8607,Heroin,16.16,BSF
SZC006555,2022-09-10,2022,9,Gujarat,Porbandar,22.5078,70.8444,Heroin,9.06,NCB
SZC006556,2022-10-01,2022,10,Maharashtra,Pune,20.0029,75.4233,Heroin,10.33,NCB
SZC006557,2022-04-01,2022,4,Punjab,Tarn Taran,31.1857,75.8691,Heroin,10.79,BSF
SZC006558,2022-05-14,2022,5,Rajasthan,Barmer,27.0571,74.3725,Heroin,13.77,State Police
SZC006559,2022-06-22,2022,6,Gujarat,Porbandar,22.3306,71.033,Heroin,15.45,Customs
SZC006560,2022-07-21,2022,7,Maharashtra,Mumbai,19.1671,74.9579,Heroin,27.49,State Police
SZC006561,2023-04-07,2023,4,Punjab,Ferozepur,30.3985,75.7726,Heroin,8.37,DRI
SZC006562,2023-05-17,2023,5,Rajasthan,Jodhpur,27.5616,74.7087,Heroin,28.09,NCB
SZC006563,2023-06-01,2023,6,Gujarat,Ahmedabad,22.9761,71.81,Heroin,13.61,NCB
SZC006564,2023-07-25,2023,7,Maharashtra,Pune,19.8002,76.2742,Heroin,8.06,State Police
SZC006565,2023-05-23,2023,5,Punjab,Ludhiana,30.4205,75.5516,Heroin,27.13,NCB
SZC006566,2023-06-08,2023,6,Rajasthan,Barmer,26.2443,73.7517,Heroin,11.09,NCB
SZC006567,2023-07-03,2023,7,Gujarat,Kutch,22.4389,71.4629,Heroin,8.87,Coast Guard
SZC006568,2023-08-09,2023,8,Maharashtra,Thane,19.1449,75.138,Heroin,10.46,State Police
SZC006569,2023-03-17,2023,3,Punjab,Ferozepur,31.6371,75.8884,Heroin,17.99,NCB
SZC006570,2023-04-21,2023,4,Rajasthan,Kota,27.6289,74.2606,Heroin,8.46,State Police
SZC006571,2023-05-17,2023,5,Gujarat,Ahmedabad,22.2974,71.8654,Heroin,11.5,NCB
SZC006572,2023-06-22,2023,6,Maharashtra,Pune,19.0234,75.5148,Heroin,11.85,NCB
SZC006573,2024-01-26,2024,1,Punjab,Gurdaspur,31.2954,74.6006,Heroin,10.92,State Police
SZC006574,2024-02-17,2024,2,Rajasthan,Jaisalmer,26.7907,74.8516,Heroin,9.15,NCB
SZC006575,2024-03-01,2024,3,Gujarat,Bhavnagar,22.084,71.134,Heroin,25.33,DRI
SZC006576,2024-04-11,2024,4,Maharashtra,Thane,19.0515,76.1041,Heroin,15.69,Customs
SZC006577,2024-01-24,2024,1,Punjab,Gurdaspur,31.2222,75.6808,Heroin,9.17,NCB
SZC006578,2024-02-25,2024,2,Rajasthan,Jaisalmer,26.4091,73.8696,Heroin,8.86,Customs
SZC006579,2024-03-20,2024,3,Gujarat,Bhavnagar,22.4469,71.8591,Heroin,18.42,State Police
SZC006580,2024-04-25,2024,4,Maharashtra,Thane,19.7075,74.9204,Heroin,17.67,DRI
SZC006581,2024-06-01,2024,6,Punjab,Gurdaspur,30.9293,75.1132,Heroin,17.1,State Police
SZC006582,2024-07-26,2024,7,Rajasthan,Kota,27.1305,74.2616,Heroin,22.15,NCB
SZC006583,2024-08-27,2024,8,Gujarat,Surat,22.6515,71.6431,Heroin,10.28,NCB
SZC006584,2024-09-22,2024,9,Maharashtra,Nagpur,20.5138,75.3881,Heroin,8.73,BSF
SZC006585,2018-05-19,2018,5,Manipur,Churachandpur,25.0111,94.0847,Methamphetamine,12.18,State Police
SZC006586,2018-06-13,2018,6,Mizoram,Aizawl,23.9551,93.0482,Methamphetamine,8.0,State Police
SZC006587,2018-07-05,2018,7,Assam,Cachar,25.7505,92.4901,Methamphetamine,12.3,State Police
SZC006588,2018-08-07,2018,8,West Bengal,Malda,22.7926,87.6627,Methamphetamine,13.23,Customs
SZC006589,2018-02-03,2018,2,Manipur,Churachandpur,24.3852,94.2594,Methamphetamine,10.55,Customs
SZC006590,2018-03-25,2018,3,Mizoram,Champhai,22.3935,92.6682,Methamphetamine,23.15,NCB
SZC006591,2018-04-10,2018,4,Assam,Guwahati,25.4407,92.1778,Methamphetamine,10.84,Customs
SZC006592,2018-05-01,2018,5,West Bengal,Nadia,22.5125,87.4146,Methamphetamine,16.85,Coast Guard
SZC006593,2018-02-19,2018,2,Manipur,Chandel,25.3459,94.5023,Methamphetamine,18.15,Coast Guard
SZC006594,2018-03-04,2018,3,Mizoram,Aizawl,23.9313,93.0624,Methamphetamine,9.2,State Police
SZC006595,2018-04-14,2018,4,Assam,Karimganj,26.3514,92.3798,Methamphetamine,13.87,NCB
SZC006596,2018-05-09,2018,5,West Bengal,Malda,22.8336,88.4556,Methamphetamine,15.11,State Police
SZC006597,2019-06-15,2019,6,Manipur,Chandel,24.7418,94.2455,Methamphetamine,9.09,NCB
SZC006598,2019-07-12,2019,7,Mizoram,Lunglei,23.8233,92.6258,Methamphetamine,17.95,State Police
SZC006599,2019-08-12,2019,8,Assam,Guwahati,26.8817,92.3658,Methamphetamine,8.3,NCB
SZC006600,2019-09-05,2019,9,West Bengal,Nadia,22.5982,88.1082,Methamphetamine,9.48,NCB
SZC006601,2019-01-26,2019,1,Manipur,Chandel,24.6899,94.1739,Methamphetamine,10.5,NCB
SZC006602,2019-02-19,2019,2,Mizoram,Lunglei,23.6821,92.9209,Methamphetamine,11.0,NCB
SZC006603,2019-03-20,2019,3,Assam,Guwahati,26.9593,92.8658,Methamphetamine,8.68,State Police
SZC006604,2019-04-09,2019,4,West Bengal,Malda,23.4399,87.8922,Methamphetamine,13.66,State Police
SZC006605,2019-06-02,2019,6,Manipur,Imphal East,24.6982,93.5138,Methamphetamine,22.72,NCB
SZC006606,2019-07-10,2019,7,Mizoram,Lunglei,23.2353,92.5618,Methamphetamine,18.92,State Police
SZC006607,2019-08-22,2019,8,Assam,Cachar,26.5838,92.4076,Methamphetamine,8.65,State Police
SZC006608,2019-09-27,2019,9,West Bengal,North 24 Parganas,23.3032,87.0783,Methamphetamine,8.33,Coast Guard
SZC006609,2020-06-08,2020,6,Manipur,Chandel,24.0686,93.8071,Methamphetamine,11.53,NCB
SZC006610,2020-07-13,2020,7,Mizoram,Champhai,22.528,92.5568,Methamphetamine,16.8,NCB
SZC006611,2020-08-18,2020,8,Assam,Cachar,26.7576,93.3072,Methamphetamine,23.71,Customs
SZC006612,2020-09-05,2020,9,West Bengal,Malda,22.2017,88.2039,Methamphetamine,17.86,Coast Guard
SZC006613,2020-08-20,2020,8,Manipur,Imphal East,25.1712,93.7834,Methamphetamine,9.8,State Police
SZC006614,2020-09-04,2020,9,Mizoram,Aizawl,23.4168,93.2724,Methamphetamine,23.31,BSF
SZC006615,2020-10-03,2020,10,Assam,Karimganj,26.4398,92.3737,Methamphetamine,8.71,State Police
SZC006616,2020-11-02,2020,11,West Bengal,North 24 Parganas,22.5335,88.6518,Methamphetamine,10.32,State Police
SZC006617,2020-08-04,2020,8,Manipur,Chandel,24.0003,93.2431,Methamphetamine,19.38,NCB
SZC006618,2020-09-13,2020,9,Mizoram,Champhai,23.5335,93.0106,Methamphetamine,11.75,BSF
SZC006619,2020-10-24,2020,10,Assam,Cachar,25.466,93.2701,Methamphetamine,10.3,NCB
SZC006620,2020-11-11,2020,11,West Bengal,Malda,22.9242,87.7795,Methamphetamine,8.14,Coast Guard
SZC006621,2021-08-01,2021,8,Manipur,Churachandpur,24.7386,93.4719,Methamphetamine,10.0,Customs
SZC006622,2021-09-13,2021,9,Mizoram,Champhai,22.411,92.3174,Methamphetamine,11.35,State Police
SZC006623,2021-10-03,2021,10,Assam,Cachar,26.9132,93.4989,Methamphetamine,13.87,State Police
SZC006624,2021-11-24,2021,11,West Bengal,Malda,22.6791,87.1602,Methamphetamine,13.42,Coast Guard
SZC006625,2021-06-13,2021,6,Manipur,Imphal West,24.4593,93.1329,Methamphetamine,17.22,NCB
SZC006626,2021-07-05,2021,7,Mizoram,Aizawl,22.4113,93.4509,Methamphetamine,22.01,Customs
SZC006627,2021-08-09,2021,8,Assam,Cachar,26.8915,92.2516,Methamphetamine,17.07,State Police
SZC006628,2021-09-11,2021,9,West Bengal,North 24 Parganas,23.7504,88.4062,Methamphetamine,36.54,State Police
SZC006629,2021-01-04,2021,1,Manipur,Chandel,25.3446,93.5069,Methamphetamine,15.76,BSF
SZC006630,2021-02-16,2021,2,Mizoram,Champhai,23.2375,92.5357,Methamphetamine,41.87,Customs
SZC006631,2021-03-27,2021,3,Assam,Cachar,25.6371,93.4845,Methamphetamine,8.25,BSF
SZC006632,2021-04-21,2021,4,West Bengal,Kolkata,22.8207,87.3538,Methamphetamine,11.41,NCB
SZC006633,2022-05-23,2022,5,Manipur,Chandel,23.9866,93.3209,Methamphetamine,10.58,BSF
SZC006634,2022-06-10,2022,6,Mizoram,Champhai,22.4101,92.9866,Methamphetamine,13.7,Customs
SZC006635,2022-07-02,2022,7,Assam,Karimganj,25.9152,93.5597,Methamphetamine,12.98,Customs
SZC006636,2022-08-24,2022,8,West Bengal,Nadia,23.1358,87.8884,Methamphetamine,10.82,NCB
SZC006637,2022-06-10,2022,6,Manipur,Imphal West,25.4091,94.6429,Methamphetamine,8.09,Coast Guard
SZC006638,2022-07-12,2022,7,Mizoram,Aizawl,22.6735,93.5345,Methamphetamine,8.14,NCB
SZC006639,2022-08-13,2022,8,Assam,Guwahati,26.1639,93.1864,Methamphetamine,13.01,State Police
SZC006640,2022-09-26,2022,9,West Bengal,Kolkata,22.5384,87.2827,Methamphetamine,26.9,State Police
SZC006641,2022-05-15,2022,5,Manipur,Imphal West,24.7238,93.8879,Methamphetamine,12.92,State Police
SZC006642,2022-06-26,2022,6,Mizoram,Lunglei,23.8666,93.0795,Methamphetamine,8.67,NCB
SZC006643,2022-07-02,2022,7,Assam,Karimganj,26.5025,92.9724,Methamphetamine,9.57,State Police
SZC006644,2022-08-08,2022,8,West Bengal,Malda,23.6261,87.7359,Methamphetamine,17.26,Customs
SZC006645,2023-01-21,2023,1,Manipur,Imphal East,25.2071,93.9693,Methamphetamine,17.44,State Police
SZC006646,2023-02-19,2023,2,Mizoram,Champhai,23.4278,93.367,Methamphetamine,11.64,NCB
SZC006647,2023-03-07,2023,3,Assam,Guwahati,25.7002,92.2123,Methamphetamine,14.23,NCB
SZC006648,2023-04-19,2023,4,West Bengal,Nadia,22.6919,88.4915,Methamphetamine,10.01,NCB
SZC006649,2023-08-26,2023,8,Manipur,Imphal West,24.4737,94.3698,Methamphetamine,24.27,Customs
SZC006650,2023-09-16,2023,9,Mizoram,Champhai,23.1602,93.4879,Methamphetamine,12.5,Customs
SZC006651,2023-10-25,2023,10,Assam,Karimganj,26.8735,92.4251,Methamphetamine,10.25,NCB
SZC006652,2023-11-13,2023,11,West Bengal,Malda,23.6247,87.3476,Methamphetamine,8.2,State Police
SZC006653,2023-05-02,2023,5,Manipur,Churachandpur,25.4114,93.5771,Methamphetamine,11.46,NCB
SZC006654,2023-06-11,2023,6,Mizoram,Lunglei,22.6039,92.1911,Methamphetamine,12.28,NCB
SZC006655,2023-07-17,2023,7,Assam,Cachar,25.6571,92.7227,Methamphetamine,9.54,Customs
SZC006656,2023-08-24,2023,8,West Bengal,Malda,23.7053,88.2572,Methamphetamine,13.65,Coast Guard
SZC006657,2024-04-08,2024,4,Manipur,Churachandpur,24.4114,93.8852,Methamphetamine,10.28,NCB
SZC006658,2024-05-14,2024,5,Mizoram,Lunglei,23.28,92.5154,Methamphetamine,12.66,NCB
SZC006659,2024-06-10,2024,6,Assam,Cachar,25.9388,93.2698,Methamphetamine,13.72,State Police
SZC006660,2024-07-04,2024,7,West Bengal,Malda,23.1574,87.9111,Methamphetamine,9.07,NCB
SZC006661,2024-03-03,2024,3,Manipur,Imphal East,24.2001,94.2634,Methamphetamine,25.47,NCB
SZC006662,2024-04-22,2024,4,Mizoram,Lunglei,23.8126,92.8889,Methamphetamine,19.36,State Police
SZC006663,2024-05-09,2024,5,Assam,Cachar,26.5648,93.2936,Methamphetamine,11.98,NCB
SZC006664,2024-06-22,2024,6,West Bengal,North 24 Parganas,23.0409,88.5693,Methamphetamine,16.71,NCB
SZC006665,2024-01-27,2024,1,Manipur,Imphal East,23.9103,94.5484,Methamphetamine,11.79,State Police
SZC006666,2024-02-08,2024,2,Mizoram,Champhai,22.964,93.7218,Methamphetamine,15.04,Customs
SZC006667,2024-03-18,2024,3,Assam,Cachar,25.4414,93.4158,Methamphetamine,11.28,NCB
SZC006668,2024-04-04,2024,4,West Bengal,Nadia,23.4011,87.7143,Methamphetamine,30.89,State Police
