transaction_id,date,year,sender_state,receiver_state,sender_account,receiver_account,amount_inr,transaction_type,channel,risk_score,flagged
TX0000001,2020-09-24,2020,Rajasthan,Madhya Pradesh,ACC452087,ACC427007,392091.96,Trade Invoice Payment,Hawala Network,0.17,False
TX0000002,2021-11-06,2021,Odisha,Kerala,ACC368689,ACC478934,1987247.48,Remittance,UPI,0.21,False
TX0000003,2021-10-08,2021,Tamil Nadu,Bihar,ACC970519,ACC207093,540954.46,Trade Invoice Payment,Crypto Exchange,0.24,False
TX0000004,2019-10-02,2019,Maharashtra,Kerala,ACC330622,ACC478138,411256.42,Trade Invoice Payment,Cash,0.2,False
TX0000005,2023-06-27,2023,Karnataka,Mizoram,ACC463553,ACC243488,27378.94,Shell Company Transfer,UPI,0.57,False
TX0000006,2023-12-12,2023,Odisha,Odisha,ACC686314,ACC417805,77010.73,Trade Invoice Payment,Hawala Network,0.19,False
TX0000007,2019-01-04,2019,Jammu and Kashmir,Manipur,ACC195763,ACC514478,80955.59,Hawala-linked Transfer,Cash,0.72,True
TX0000008,2020-04-16,2020,Bihar,Bihar,ACC915525,ACC449841,84107.88,Shell Company Transfer,Bank Transfer,0.59,False
TX0000009,2022-05-05,2022,Manipur,Maharashtra,ACC287832,ACC308413,87471.33,Remittance,Hawala Network,0.21,False
TX0000010,2024-01-25,2024,Gujarat,Uttar Pradesh,ACC628262,ACC422784,356619.1,Crypto Off-ramp,Cash,0.74,True
TX0000011,2024-09-19,2024,Andhra Pradesh,Telangana,ACC621704,ACC942660,45306.83,Trade Invoice Payment,UPI,0.16,False
TX0000012,2023-04-19,2023,Maharashtra,West Bengal,ACC778468,ACC938778,350233.86,Remittance,Hawala Network,0.18,False
TX0000013,2023-06-15,2023,Andhra Pradesh,Maharashtra,ACC308458,ACC896206,10472.74,Crypto Off-ramp,UPI,0.69,True
TX0000014,2023-11-23,2023,Mizoram,Karnataka,ACC850268,ACC633619,342781.05,Trade Invoice Payment,UPI,0.29,False
TX0000015,2019-01-17,2019,Bihar,Karnataka,ACC625264,ACC891644,44520.46,Trade Invoice Payment,Cash,0.3,False
TX0000016,2023-04-08,2023,Kerala,Delhi,ACC559528,ACC809474,63159.05,Trade Invoice Payment,Bank Transfer,0.13,False
TX0000017,2023-08-08,2023,Uttar Pradesh,Odisha,ACC626898,ACC864207,109671.68,Shell Company Transfer,UPI,0.64,False
TX0000018,2020-08-20,2020,Gujarat,Madhya Pradesh,ACC613414,ACC405520,111248.95,Remittance,Cash,0.12,False
TX0000019,2019-06-06,2019,West Bengal,Madhya Pradesh,ACC746236,ACC886374,24140.47,Cash Deposit,Crypto Exchange,0.23,False
TX0000020,2024-09-23,2024,Odisha,Manipur,ACC563706,ACC617547,111493.48,Remittance,Bank Transfer,0.19,False
TX0000021,2022-06-21,2022,Tamil Nadu,Maharashtra,ACC608455,ACC441978,110998.17,Hawala-linked Transfer,Crypto Exchange,0.58,False
TX0000022,2021-01-13,2021,Uttar Pradesh,Jammu and Kashmir,ACC939098,ACC863111,18984.71,Remittance,UPI,0.12,False
TX0000023,2019-05-26,2019,Uttar Pradesh,Uttar Pradesh,ACC324123,ACC376493,583529.43,Cash Deposit,Cash,0.01,False
TX0000024,2021-10-09,2021,Gujarat,Delhi,ACC311730,ACC742830,48543.55,Trade Invoice Payment,Crypto Exchange,0.22,False
TX0000025,2018-07-11,2018,Manipur,Tamil Nadu,ACC318330,ACC180889,285733.4,Hawala-linked Transfer,Crypto Exchange,0.71,True
TX0000026,2023-03-19,2023,Assam,Punjab,ACC734983,ACC504753,1230158.25,Hawala-linked Transfer,Crypto Exchange,0.68,True
TX0000027,2024-02-07,2024,Andhra Pradesh,Haryana,ACC144242,ACC145746,27460.26,Shell Company Transfer,UPI,0.56,False
TX0000028,2021-10-03,2021,Kerala,Kerala,ACC447328,ACC731612,33175.12,Trade Invoice Payment,Cash,0.02,False
TX0000029,2019-09-20,2019,Odisha,Manipur,ACC986462,ACC769772,237765.31,Remittance,Bank Transfer,0.28,False
TX0000030,2023-12-01,2023,Karnataka,Madhya Pradesh,ACC410071,ACC593217,121909.96,Remittance,UPI,0.26,False
TX0000031,2023-05-11,2023,Odisha,Rajasthan,ACC555147,ACC750692,90571.98,Trade Invoice Payment,Hawala Network,0.24,False
TX0000032,2022-09-10,2022,Mizoram,Manipur,ACC434793,ACC814293,136373.34,Cash Deposit,UPI,0.18,False
TX0000033,2018-03-06,2018,Delhi,Bihar,ACC951563,ACC229597,315193.12,Trade Invoice Payment,Bank Transfer,0.12,False
TX0000034,2024-09-23,2024,Tamil Nadu,Mizoram,ACC418220,ACC213433,232124.26,Trade Invoice Payment,Crypto Exchange,0.27,False
TX0000035,2024-11-06,2024,Uttar Pradesh,Tamil Nadu,ACC518888,ACC932165,2490425.16,Hawala-linked Transfer,Bank Transfer,0.92,True
TX0000036,2020-06-12,2020,Jammu and Kashmir,Rajasthan,ACC809698,ACC235676,24900.79,Crypto Off-ramp,UPI,0.58,False
TX0000037,2020-05-05,2020,Gujarat,Bihar,ACC723997,ACC565922,232295.9,Remittance,Cash,0.15,False
TX0000038,2018-10-16,2018,Manipur,Telangana,ACC804153,ACC452179,124040.33,Cash Deposit,Bank Transfer,0.18,False
TX0000039,2020-10-16,2020,Rajasthan,Kerala,ACC358715,ACC892968,18604.92,Trade Invoice Payment,UPI,0.16,False
TX0000040,2018-02-07,2018,Tamil Nadu,Odisha,ACC966233,ACC486895,625093.12,Trade Invoice Payment,Crypto Exchange,0.14,False
TX0000041,2021-02-02,2021,Jammu and Kashmir,Manipur,ACC121300,ACC894055,132808.35,Trade Invoice Payment,Hawala Network,0.23,False
TX0000042,2023-03-18,2023,Tamil Nadu,Mizoram,ACC992428,ACC246886,18491.59,Hawala-linked Transfer,Crypto Exchange,0.73,True
TX0000043,2022-08-04,2022,Maharashtra,Assam,ACC367266,ACC434829,8105.83,Remittance,Crypto Exchange,0.17,False
TX0000044,2021-02-07,2021,Bihar,Rajasthan,ACC254183,ACC441332,22957.55,Crypto Off-ramp,UPI,0.7,True
TX0000045,2019-04-18,2019,Bihar,Kerala,ACC850832,ACC342869,90651.59,Remittance,Crypto Exchange,0.21,False
TX0000046,2018-10-06,2018,West Bengal,Madhya Pradesh,ACC814585,ACC557816,21819.16,Hawala-linked Transfer,Hawala Network,0.71,True
TX0000047,2020-10-09,2020,Tamil Nadu,Punjab,ACC697000,ACC207698,114886.15,Trade Invoice Payment,Bank Transfer,0.12,False
TX0000048,2019-05-15,2019,Madhya Pradesh,Rajasthan,ACC473858,ACC815128,182876.15,Hawala-linked Transfer,Cash,0.69,True
TX0000049,2018-02-11,2018,Rajasthan,Manipur,ACC317763,ACC921088,206075.61,Cash Deposit,Cash,0.18,False
TX0000050,2020-08-02,2020,Bihar,Delhi,ACC179097,ACC129341,2347508.1,Cash Deposit,Bank Transfer,0.37,False
TX0000051,2020-07-01,2020,Andhra Pradesh,Karnataka,ACC263038,ACC913058,172178.69,Trade Invoice Payment,Cash,0.1,False
TX0000052,2022-10-20,2022,Uttar Pradesh,Gujarat,ACC859982,ACC188034,391637.59,Hawala-linked Transfer,Bank Transfer,0.71,True
TX0000053,2019-06-09,2019,Madhya Pradesh,West Bengal,ACC907701,ACC268830,12089.77,Trade Invoice Payment,Cash,0.27,False
TX0000054,2021-01-11,2021,Rajasthan,Manipur,ACC270212,ACC804838,134651.28,Trade Invoice Payment,Cash,0.11,False
TX0000055,2020-04-16,2020,Rajasthan,Telangana,ACC440133,ACC543843,84603.49,Shell Company Transfer,Bank Transfer,0.74,True
TX0000056,2019-11-21,2019,Punjab,Delhi,ACC762541,ACC321822,163610.45,Remittance,Bank Transfer,0.23,False
TX0000057,2023-01-18,2023,Assam,Punjab,ACC621438,ACC430099,423703.62,Cash Deposit,UPI,0.16,False
TX0000058,2021-09-22,2021,Gujarat,West Bengal,ACC569553,ACC187889,117742.59,Remittance,Hawala Network,0.21,False
TX0000059,2024-12-05,2024,West Bengal,Bihar,ACC853187,ACC340704,420977.96,Remittance,Cash,0.26,False
TX0000060,2020-02-07,2020,Andhra Pradesh,Haryana,ACC264104,ACC959775,135742.23,Trade Invoice Payment,Crypto Exchange,0.3,False
TX0000061,2018-05-04,2018,Madhya Pradesh,Maharashtra,ACC988544,ACC911323,32930.25,Cash Deposit,UPI,0.2,False
TX0000062,2020-02-14,2020,Rajasthan,Rajasthan,ACC406951,ACC774194,231101.4,Trade Invoice Payment,Crypto Exchange,0.17,False
TX0000063,2023-02-18,2023,Delhi,Maharashtra,ACC971602,ACC218015,650486.07,Crypto Off-ramp,Bank Transfer,0.73,True
TX0000064,2018-10-22,2018,Delhi,Bihar,ACC331617,ACC623928,215193.97,Remittance,UPI,0.19,False
TX0000065,2021-11-18,2021,Uttar Pradesh,Haryana,ACC795691,ACC514253,661139.07,Shell Company Transfer,Bank Transfer,0.64,False
TX0000066,2018-09-20,2018,Karnataka,Tamil Nadu,ACC371375,ACC890824,135552.73,Hawala-linked Transfer,Crypto Exchange,0.66,True
TX0000067,2022-11-19,2022,West Bengal,Kerala,ACC731871,ACC705753,314116.13,Trade Invoice Payment,Hawala Network,0.12,False
TX0000068,2018-05-21,2018,Haryana,Bihar,ACC336033,ACC301131,21296.81,Crypto Off-ramp,UPI,0.67,True
TX0000069,2024-11-24,2024,West Bengal,Bihar,ACC337028,ACC285570,412578.45,Trade Invoice Payment,Crypto Exchange,0.28,False
TX0000070,2024-07-14,2024,Haryana,Gujarat,ACC560576,ACC817869,414382.64,Trade Invoice Payment,Cash,0.23,False
TX0000071,2023-09-03,2023,Gujarat,Gujarat,ACC515850,ACC238552,47095.25,Trade Invoice Payment,Cash,0.02,False
TX0000072,2024-05-14,2024,Andhra Pradesh,West Bengal,ACC734347,ACC711673,362225.6,Cash Deposit,UPI,0.2,False
TX0000073,2022-03-23,2022,Kerala,Assam,ACC459815,ACC731887,70215.4,Shell Company Transfer,Bank Transfer,0.6,False
TX0000074,2018-06-25,2018,Manipur,Karnataka,ACC192825,ACC917032,86162.51,Remittance,UPI,0.15,False
TX0000075,2020-01-02,2020,Telangana,Assam,ACC745859,ACC492174,225641.93,Trade Invoice Payment,Hawala Network,0.23,False
TX0000076,2023-08-25,2023,Jammu and Kashmir,Telangana,ACC901501,ACC788609,135603.37,Trade Invoice Payment,Bank Transfer,0.19,False
TX0000077,2019-11-03,2019,Telangana,Andhra Pradesh,ACC738837,ACC704171,55326.52,Trade Invoice Payment,Crypto Exchange,0.16,False
TX0000078,2020-04-11,2020,Karnataka,Punjab,ACC983260,ACC559473,508499.78,Trade Invoice Payment,Hawala Network,0.2,False
TX0000079,2019-03-04,2019,Rajasthan,Kerala,ACC770252,ACC675568,143211.6,Hawala-linked Transfer,Crypto Exchange,0.59,False
TX0000080,2022-08-06,2022,Mizoram,Punjab,ACC255705,ACC470662,121232.88,Hawala-linked Transfer,Cash,0.71,True
TX0000081,2024-02-26,2024,Tamil Nadu,Madhya Pradesh,ACC420583,ACC300404,16891.52,Trade Invoice Payment,Crypto Exchange,0.23,False
TX0000082,2019-07-24,2019,Kerala,West Bengal,ACC417185,ACC950816,133554.64,Remittance,Hawala Network,0.11,False
TX0000083,2018-12-06,2018,Haryana,Karnataka,ACC907479,ACC127393,327688.4,Remittance,UPI,0.19,False
TX0000084,2019-11-24,2019,Andhra Pradesh,Bihar,ACC998370,ACC149622,262394.79,Trade Invoice Payment,UPI,0.21,False
TX0000085,2019-12-25,2019,Kerala,Assam,ACC646307,ACC325381,206326.07,Trade Invoice Payment,Cash,0.29,False
TX0000086,2022-07-05,2022,Kerala,Gujarat,ACC579536,ACC768817,22015.89,Trade Invoice Payment,UPI,0.15,False
TX0000087,2020-11-14,2020,Karnataka,Telangana,ACC595331,ACC327177,209909.99,Trade Invoice Payment,Hawala Network,0.21,False
TX0000088,2024-03-17,2024,Assam,Karnataka,ACC421173,ACC556382,11440.8,Trade Invoice Payment,UPI,0.27,False
TX0000089,2021-03-14,2021,Jammu and Kashmir,Kerala,ACC795542,ACC296206,625568.09,Remittance,Crypto Exchange,0.12,False
TX0000090,2024-11-26,2024,West Bengal,Uttar Pradesh,ACC857663,ACC639400,83773.98,Remittance,Bank Transfer,0.1,False
TX0000091,2023-12-15,2023,Telangana,Kerala,ACC137484,ACC155150,29996.49,Remittance,Crypto Exchange,0.21,False
TX0000092,2020-03-23,2020,Gujarat,Tamil Nadu,ACC397313,ACC562401,183807.68,Hawala-linked Transfer,Hawala Network,0.71,True
TX0000093,2021-05-22,2021,Jammu and Kashmir,Bihar,ACC565659,ACC621043,159758.07,Remittance,Bank Transfer,0.24,False
TX0000094,2020-05-16,2020,Madhya Pradesh,Maharashtra,ACC707535,ACC764259,16833.16,Trade Invoice Payment,UPI,0.18,False
TX0000095,2020-03-07,2020,Odisha,Delhi,ACC401619,ACC471704,70794.25,Hawala-linked Transfer,Hawala Network,0.74,True
TX0000096,2018-10-16,2018,Haryana,Gujarat,ACC482904,ACC682042,69307.98,Trade Invoice Payment,UPI,0.24,False
TX0000097,2018-02-22,2018,Gujarat,Bihar,ACC400857,ACC922145,59329.16,Trade Invoice Payment,UPI,0.1,False
TX0000098,2022-12-18,2022,Bihar,Delhi,ACC932446,ACC301141,31909.09,Cash Deposit,Cash,0.12,False
TX0000099,2024-05-05,2024,Gujarat,Bihar,ACC796043,ACC884756,334832.69,Trade Invoice Payment,UPI,0.23,False
TX0000100,2021-01-05,2021,Kerala,Andhra Pradesh,ACC373032,ACC586273,13475.31,Cash Deposit,Cash,0.17,False
TX0000101,2021-01-06,2021,Jammu and Kashmir,Gujarat,ACC852949,ACC273857,677580.66,Trade Invoice Payment,Cash,0.12,False
TX0000102,2018-12-17,2018,Manipur,Manipur,ACC964729,ACC982686,19018.88,Trade Invoice Payment,Bank Transfer,0.05,False
TX0000103,2024-05-01,2024,Assam,Assam,ACC274004,ACC194736,30765.88,Remittance,Hawala Network,0.16,False
TX0000104,2022-06-01,2022,Jammu and Kashmir,Tamil Nadu,ACC613571,ACC425107,70238.46,Remittance,Hawala Network,0.29,False
TX0000105,2018-04-26,2018,Jammu and Kashmir,Telangana,ACC712053,ACC637541,32048.4,Cash Deposit,Cash,0.3,False
TX0000106,2022-08-19,2022,Telangana,Jammu and Kashmir,ACC495572,ACC890775,629188.86,Remittance,Crypto Exchange,0.26,False
TX0000107,2019-12-09,2019,West Bengal,Tamil Nadu,ACC611483,ACC867841,223781.86,Remittance,Cash,0.24,False
TX0000108,2021-12-13,2021,Andhra Pradesh,Gujarat,ACC134466,ACC742106,37922.22,Remittance,Bank Transfer,0.11,False
TX0000109,2020-11-01,2020,Assam,Tamil Nadu,ACC931066,ACC881667,184061.4,Trade Invoice Payment,Crypto Exchange,0.23,False
TX0000110,2021-08-10,2021,Odisha,Madhya Pradesh,ACC754205,ACC245433,11422.51,Trade Invoice Payment,Cash,0.29,False
TX0000111,2021-12-14,2021,Bihar,Delhi,ACC806151,ACC403082,115242.98,Cash Deposit,Hawala Network,0.12,False
TX0000112,2018-01-18,2018,Maharashtra,West Bengal,ACC710552,ACC173896,136495.8,Cash Deposit,Hawala Network,0.25,False
TX0000113,2018-10-23,2018,Tamil Nadu,Telangana,ACC628770,ACC258177,7288.73,Remittance,Crypto Exchange,0.2,False
TX0000114,2022-05-01,2022,West Bengal,Odisha,ACC636380,ACC428799,27026.07,Trade Invoice Payment,Cash,0.14,False
TX0000115,2018-11-01,2018,Maharashtra,Uttar Pradesh,ACC728245,ACC936505,38032.51,Remittance,Hawala Network,0.18,False
TX0000116,2023-09-11,2023,Uttar Pradesh,Odisha,ACC118978,ACC490139,24462.1,Remittance,UPI,0.29,False
TX0000117,2022-01-25,2022,West Bengal,Madhya Pradesh,ACC389430,ACC809313,208896.43,Hawala-linked Transfer,UPI,0.69,True
TX0000118,2024-11-13,2024,Punjab,Punjab,ACC523262,ACC637215,49649.7,Cash Deposit,Crypto Exchange,0.2,False
TX0000119,2021-05-03,2021,Kerala,West Bengal,ACC952122,ACC734587,483978.86,Cash Deposit,UPI,0.26,False
TX0000120,2022-02-04,2022,Assam,Rajasthan,ACC633049,ACC487901,30316.25,Trade Invoice Payment,Bank Transfer,0.17,False
TX0000121,2019-06-11,2019,Tamil Nadu,Jammu and Kashmir,ACC348411,ACC975088,57550.49,Cash Deposit,Cash,0.22,False
TX0000122,2022-10-04,2022,Kerala,Maharashtra,ACC137815,ACC717123,13607.17,Trade Invoice Payment,Bank Transfer,0.29,False
TX0000123,2019-11-22,2019,Bihar,Uttar Pradesh,ACC958476,ACC840980,34921.23,Trade Invoice Payment,Hawala Network,0.18,False
TX0000124,2019-11-14,2019,Haryana,Tamil Nadu,ACC388147,ACC617134,432937.36,Cash Deposit,Hawala Network,0.18,False
TX0000125,2018-11-21,2018,Jammu and Kashmir,Andhra Pradesh,ACC964987,ACC423019,919632.53,Hawala-linked Transfer,Bank Transfer,0.72,True
TX0000126,2019-11-09,2019,Delhi,Assam,ACC522615,ACC184597,164068.83,Hawala-linked Transfer,UPI,0.63,False
TX0000127,2022-01-21,2022,Maharashtra,Bihar,ACC243590,ACC421096,42293.57,Shell Company Transfer,UPI,0.56,False
TX0000128,2023-09-09,2023,Delhi,Jammu and Kashmir,ACC494027,ACC460419,312500.27,Hawala-linked Transfer,UPI,0.56,False
TX0000129,2019-03-23,2019,Jammu and Kashmir,Delhi,ACC596004,ACC545863,365682.87,Shell Company Transfer,Cash,0.64,False
TX0000130,2018-02-11,2018,Mizoram,West Bengal,ACC988267,ACC731282,10875.61,Trade Invoice Payment,Cash,0.16,False
TX0000131,2022-12-07,2022,Tamil Nadu,Madhya Pradesh,ACC990650,ACC227821,88883.01,Trade Invoice Payment,Bank Transfer,0.22,False
TX0000132,2020-08-26,2020,Odisha,Odisha,ACC780689,ACC798632,54050.95,Cash Deposit,Cash,0.02,False
TX0000133,2022-09-15,2022,Mizoram,Delhi,ACC583002,ACC264887,58530.79,Cash Deposit,Hawala Network,0.1,False
TX0000134,2023-02-07,2023,Telangana,Rajasthan,ACC283368,ACC203335,409764.24,Shell Company Transfer,Bank Transfer,0.58,False
TX0000135,2018-03-24,2018,Odisha,Madhya Pradesh,ACC213730,ACC888866,122419.62,Cash Deposit,Bank Transfer,0.14,False
TX0000136,2020-01-09,2020,Bihar,Karnataka,ACC893906,ACC368664,185224.94,Remittance,Crypto Exchange,0.18,False
TX0000137,2024-11-20,2024,Manipur,Bihar,ACC910480,ACC691948,10356.89,Trade Invoice Payment,Hawala Network,0.27,False
TX0000138,2019-01-01,2019,Gujarat,Assam,ACC359337,ACC903405,4338.94,Trade Invoice Payment,Hawala Network,0.24,False
TX0000139,2021-10-18,2021,Uttar Pradesh,Manipur,ACC126141,ACC163366,652359.04,Remittance,Crypto Exchange,0.13,False
TX0000140,2023-05-18,2023,Uttar Pradesh,Kerala,ACC643972,ACC508560,563620.87,Shell Company Transfer,Bank Transfer,0.73,True
TX0000141,2024-02-04,2024,Odisha,Kerala,ACC516978,ACC556107,26882.76,Cash Deposit,Cash,0.21,False
TX0000142,2020-05-22,2020,Kerala,Gujarat,ACC726424,ACC423656,30468.57,Remittance,Bank Transfer,0.13,False
TX0000143,2018-05-17,2018,Kerala,Haryana,ACC379025,ACC870528,9046.78,Cash Deposit,UPI,0.19,False
TX0000144,2018-02-15,2018,Andhra Pradesh,Odisha,ACC440347,ACC323285,25193.69,Crypto Off-ramp,Hawala Network,0.58,False
TX0000145,2023-11-20,2023,Haryana,Telangana,ACC938371,ACC430436,179344.12,Cash Deposit,Crypto Exchange,0.23,False
TX0000146,2022-11-07,2022,Jammu and Kashmir,Telangana,ACC578108,ACC736011,50233.69,Trade Invoice Payment,Hawala Network,0.28,False
TX0000147,2019-02-20,2019,Assam,Punjab,ACC785012,ACC287879,158816.8,Crypto Off-ramp,UPI,0.71,True
TX0000148,2022-05-27,2022,Uttar Pradesh,Punjab,ACC710363,ACC325422,38539.96,Cash Deposit,Hawala Network,0.22,False
TX0000149,2022-11-13,2022,Haryana,Manipur,ACC801305,ACC951780,170486.48,Hawala-linked Transfer,Hawala Network,0.65,True
TX0000150,2018-12-21,2018,Andhra Pradesh,Haryana,ACC617864,ACC126880,124090.5,Trade Invoice Payment,UPI,0.18,False
TX0000151,2023-12-03,2023,Haryana,Telangana,ACC979884,ACC601835,53866.96,Trade Invoice Payment,Hawala Network,0.16,False
TX0000152,2020-04-07,2020,Andhra Pradesh,Maharashtra,ACC359878,ACC424078,228813.91,Trade Invoice Payment,Cash,0.1,False
TX0000153,2022-03-26,2022,Tamil Nadu,Kerala,ACC161356,ACC361694,173397.27,Remittance,Cash,0.3,False
TX0000154,2019-11-11,2019,Delhi,Kerala,ACC611860,ACC973714,102706.61,Cash Deposit,Hawala Network,0.11,False
TX0000155,2023-11-23,2023,Gujarat,Assam,ACC178707,ACC958044,133657.04,Remittance,Crypto Exchange,0.18,False
TX0000156,2022-01-26,2022,Kerala,Telangana,ACC541487,ACC198911,238919.52,Remittance,Crypto Exchange,0.23,False
TX0000157,2021-04-24,2021,Jammu and Kashmir,Rajasthan,ACC654068,ACC127221,96658.77,Remittance,Crypto Exchange,0.15,False
TX0000158,2024-04-08,2024,Andhra Pradesh,Madhya Pradesh,ACC940395,ACC316001,51082.56,Remittance,Hawala Network,0.29,False
TX0000159,2019-03-22,2019,West Bengal,Gujarat,ACC432132,ACC935428,607941.82,Remittance,UPI,0.27,False
TX0000160,2022-08-19,2022,Karnataka,Gujarat,ACC982170,ACC470507,313916.03,Trade Invoice Payment,Cash,0.29,False
TX0000161,2023-10-02,2023,Mizoram,West Bengal,ACC974455,ACC811286,27349.79,Remittance,Hawala Network,0.27,False
TX0000162,2020-01-04,2020,Madhya Pradesh,Tamil Nadu,ACC834882,ACC421883,35836.8,Cash Deposit,Crypto Exchange,0.17,False
TX0000163,2021-10-16,2021,Jammu and Kashmir,Uttar Pradesh,ACC592984,ACC133235,52456.11,Trade Invoice Payment,Crypto Exchange,0.16,False
TX0000164,2019-06-21,2019,Andhra Pradesh,Rajasthan,ACC705179,ACC856143,128741.83,Trade Invoice Payment,UPI,0.11,False
TX0000165,2020-02-03,2020,Assam,Tamil Nadu,ACC950246,ACC789431,305991.25,Cash Deposit,Bank Transfer,0.18,False
TX0000166,2024-06-04,2024,Uttar Pradesh,Odisha,ACC100861,ACC468409,343839.57,Cash Deposit,Hawala Network,0.29,False
TX0000167,2019-06-01,2019,Andhra Pradesh,Uttar Pradesh,ACC894049,ACC573810,17693.68,Trade Invoice Payment,Hawala Network,0.23,False
TX0000168,2023-08-22,2023,Jammu and Kashmir,Uttar Pradesh,ACC915795,ACC146064,286247.2,Remittance,Hawala Network,0.2,False
TX0000169,2023-10-03,2023,Uttar Pradesh,Karnataka,ACC182351,ACC208887,286964.33,Hawala-linked Transfer,Bank Transfer,0.61,False
TX0000170,2019-12-03,2019,Bihar,Odisha,ACC757843,ACC646682,74236.28,Remittance,Bank Transfer,0.29,False
TX0000171,2019-09-17,2019,Odisha,Punjab,ACC353041,ACC696641,31543.38,Remittance,Crypto Exchange,0.24,False
TX0000172,2020-01-27,2020,Jammu and Kashmir,Uttar Pradesh,ACC747817,ACC359162,21634.05,Shell Company Transfer,Crypto Exchange,0.69,True
TX0000173,2020-05-23,2020,Maharashtra,Karnataka,ACC624538,ACC571392,15887.65,Shell Company Transfer,Cash,0.72,True
TX0000174,2024-10-23,2024,Gujarat,Karnataka,ACC561907,ACC250580,113323.02,Crypto Off-ramp,Hawala Network,0.56,False
TX0000175,2020-04-27,2020,Karnataka,Maharashtra,ACC947528,ACC526820,293687.44,Remittance,Crypto Exchange,0.24,False
TX0000176,2023-01-04,2023,Karnataka,Uttar Pradesh,ACC799969,ACC688592,187161.87,Trade Invoice Payment,Crypto Exchange,0.19,False
TX0000177,2020-09-24,2020,Madhya Pradesh,Andhra Pradesh,ACC120106,ACC227867,315225.28,Hawala-linked Transfer,Bank Transfer,0.63,False
TX0000178,2020-07-01,2020,Karnataka,Punjab,ACC319293,ACC599772,747040.46,Trade Invoice Payment,UPI,0.15,False
TX0000179,2022-11-13,2022,Assam,Manipur,ACC398065,ACC868312,238911.61,Trade Invoice Payment,UPI,0.25,False
TX0000180,2020-08-19,2020,Rajasthan,Andhra Pradesh,ACC308965,ACC264111,19503.04,Cash Deposit,Crypto Exchange,0.25,False
TX0000181,2023-09-26,2023,Rajasthan,Haryana,ACC599747,ACC857104,114691.9,Hawala-linked Transfer,UPI,0.69,True
TX0000182,2019-07-07,2019,Bihar,Haryana,ACC545903,ACC962276,185717.46,Remittance,Crypto Exchange,0.21,False
TX0000183,2023-05-18,2023,Madhya Pradesh,Karnataka,ACC994073,ACC801983,49282.79,Trade Invoice Payment,Hawala Network,0.15,False
TX0000184,2018-05-11,2018,Tamil Nadu,Bihar,ACC696598,ACC149651,82451.64,Remittance,Cash,0.28,False
TX0000185,2021-04-01,2021,Jammu and Kashmir,Maharashtra,ACC921269,ACC498426,318187.02,Trade Invoice Payment,Hawala Network,0.12,False
TX0000186,2021-04-12,2021,Maharashtra,Manipur,ACC600304,ACC474423,184872.27,Trade Invoice Payment,UPI,0.26,False
TX0000187,2021-07-17,2021,Uttar Pradesh,Odisha,ACC507332,ACC593854,106949.99,Hawala-linked Transfer,Hawala Network,0.66,True
TX0000188,2018-02-12,2018,Punjab,Uttar Pradesh,ACC180632,ACC383113,7069.8,Cash Deposit,UPI,0.13,False
TX0000189,2020-04-26,2020,Andhra Pradesh,Maharashtra,ACC377122,ACC299311,361899.54,Crypto Off-ramp,UPI,0.65,True
TX0000190,2022-05-01,2022,Delhi,Punjab,ACC179202,ACC955616,442619.38,Cash Deposit,Hawala Network,0.23,False
TX0000191,2018-02-26,2018,Telangana,Tamil Nadu,ACC405240,ACC854479,138448.9,Shell Company Transfer,Hawala Network,0.66,True
TX0000192,2022-04-27,2022,Rajasthan,Delhi,ACC165340,ACC577589,61719.3,Hawala-linked Transfer,UPI,0.7,True
TX0000193,2024-02-07,2024,Delhi,Madhya Pradesh,ACC871875,ACC386121,34237.72,Trade Invoice Payment,Cash,0.3,False
TX0000194,2024-03-20,2024,Telangana,Uttar Pradesh,ACC377789,ACC753923,385256.63,Cash Deposit,Cash,0.11,False
TX0000195,2023-06-03,2023,Telangana,Jammu and Kashmir,ACC418461,ACC684614,52384.27,Remittance,Bank Transfer,0.26,False
TX0000196,2021-08-14,2021,Delhi,Andhra Pradesh,ACC301984,ACC950097,89205.08,Trade Invoice Payment,Crypto Exchange,0.16,False
TX0000197,2019-06-05,2019,Gujarat,Andhra Pradesh,ACC542096,ACC307475,35481.1,Cash Deposit,Hawala Network,0.22,False
TX0000198,2019-05-11,2019,West Bengal,Bihar,ACC794672,ACC231129,727733.03,Remittance,Hawala Network,0.22,False
TX0000199,2019-12-11,2019,Jammu and Kashmir,Assam,ACC458798,ACC320362,208318.42,Shell Company Transfer,Cash,0.67,True
TX0000200,2019-01-10,2019,Haryana,Andhra Pradesh,ACC713544,ACC553641,12967.82,Trade Invoice Payment,UPI,0.11,False
TX0000201,2024-02-16,2024,Maharashtra,Gujarat,ACC576212,ACC914867,19240.95,Remittance,Bank Transfer,0.25,False
TX0000202,2020-11-26,2020,Telangana,Rajasthan,ACC950255,ACC611014,102636.74,Trade Invoice Payment,Hawala Network,0.25,False
TX0000203,2018-12-03,2018,Delhi,Jammu and Kashmir,ACC626335,ACC708857,93903.39,Trade Invoice Payment,Crypto Exchange,0.27,False
TX0000204,2020-09-26,2020,Mizoram,Andhra Pradesh,ACC930814,ACC894979,252436.32,Remittance,UPI,0.14,False
TX0000205,2024-10-17,2024,Manipur,Assam,ACC389366,ACC574803,38200.76,Remittance,Cash,0.2,False
TX0000206,2019-12-23,2019,Haryana,Bihar,ACC642835,ACC718409,29788.15,Crypto Off-ramp,Cash,0.59,False
TX0000207,2024-10-23,2024,Mizoram,Bihar,ACC316331,ACC636439,325015.49,Remittance,UPI,0.27,False
TX0000208,2022-06-10,2022,Maharashtra,West Bengal,ACC758891,ACC346903,82641.97,Hawala-linked Transfer,UPI,0.61,False
TX0000209,2023-08-02,2023,Punjab,Kerala,ACC625050,ACC129088,83772.95,Trade Invoice Payment,Hawala Network,0.26,False
TX0000210,2019-04-24,2019,Uttar Pradesh,Kerala,ACC152863,ACC846781,122473.91,Remittance,Cash,0.23,False
TX0000211,2023-01-22,2023,Jammu and Kashmir,Tamil Nadu,ACC463460,ACC184219,523672.03,Trade Invoice Payment,Hawala Network,0.1,False
TX0000212,2022-04-23,2022,West Bengal,Tamil Nadu,ACC756223,ACC706660,55418.3,Remittance,UPI,0.27,False
TX0000213,2024-09-26,2024,Kerala,Kerala,ACC820990,ACC918430,119169.16,Remittance,Hawala Network,0.02,False
TX0000214,2019-09-27,2019,Jammu and Kashmir,Maharashtra,ACC683963,ACC801118,348912.1,Hawala-linked Transfer,Hawala Network,0.63,False
TX0000215,2021-09-08,2021,Uttar Pradesh,Mizoram,ACC448525,ACC225552,71786.15,Hawala-linked Transfer,Hawala Network,0.73,True
TX0000216,2024-09-27,2024,Maharashtra,West Bengal,ACC973250,ACC851469,246992.33,Crypto Off-ramp,Hawala Network,0.59,False
TX0000217,2022-02-02,2022,Rajasthan,Manipur,ACC372712,ACC614904,46756.76,Trade Invoice Payment,Crypto Exchange,0.25,False
TX0000218,2023-10-11,2023,Mizoram,Andhra Pradesh,ACC994354,ACC334957,7812.04,Remittance,Hawala Network,0.23,False
TX0000219,2021-08-26,2021,Uttar Pradesh,Assam,ACC626542,ACC785811,27560.43,Trade Invoice Payment,Crypto Exchange,0.22,False
TX0000220,2022-07-15,2022,Telangana,Mizoram,ACC174373,ACC423167,247392.54,Remittance,Crypto Exchange,0.22,False
TX0000221,2020-12-17,2020,West Bengal,Uttar Pradesh,ACC817790,ACC803261,12064.86,Remittance,Hawala Network,0.2,False
TX0000222,2019-12-01,2019,Kerala,Punjab,ACC714188,ACC895274,701531.81,Remittance,Bank Transfer,0.17,False
TX0000223,2021-09-18,2021,Madhya Pradesh,Kerala,ACC128435,ACC370301,62152.4,Remittance,UPI,0.12,False
TX0000224,2024-02-13,2024,West Bengal,Maharashtra,ACC579443,ACC117586,19665.3,Remittance,Bank Transfer,0.18,False
TX0000225,2018-10-15,2018,Delhi,West Bengal,ACC751125,ACC829829,379986.27,Remittance,Cash,0.12,False
TX0000226,2021-03-02,2021,Telangana,Assam,ACC570380,ACC731578,15297.1,Shell Company Transfer,UPI,0.75,True
TX0000227,2019-05-23,2019,Jammu and Kashmir,West Bengal,ACC272356,ACC579683,125742.11,Hawala-linked Transfer,Cash,0.75,True
TX0000228,2018-01-01,2018,Andhra Pradesh,Assam,ACC718396,ACC321999,29496.8,Trade Invoice Payment,Crypto Exchange,0.28,False
TX0000229,2019-06-17,2019,Madhya Pradesh,Haryana,ACC367059,ACC451266,114733.65,Hawala-linked Transfer,Hawala Network,0.67,True
TX0000230,2019-05-17,2019,Rajasthan,Mizoram,ACC659565,ACC394535,1423.73,Crypto Off-ramp,Crypto Exchange,0.67,True
TX0000231,2018-08-25,2018,Haryana,Gujarat,ACC938775,ACC734638,42948.07,Cash Deposit,Hawala Network,0.13,False
TX0000232,2020-07-09,2020,Punjab,Madhya Pradesh,ACC854477,ACC967317,114237.09,Cash Deposit,UPI,0.22,False
TX0000233,2021-12-18,2021,Assam,Telangana,ACC285551,ACC508312,309305.0,Crypto Off-ramp,Hawala Network,0.62,False
TX0000234,2022-08-06,2022,Jammu and Kashmir,Bihar,ACC592807,ACC655069,1147902.48,Remittance,Bank Transfer,0.29,False
TX0000235,2019-08-05,2019,Rajasthan,Odisha,ACC336521,ACC180355,31411.2,Hawala-linked Transfer,Hawala Network,0.72,True
TX0000236,2024-10-26,2024,Odisha,Assam,ACC281442,ACC847701,260741.75,Remittance,Hawala Network,0.21,False
TX0000237,2019-04-16,2019,West Bengal,Delhi,ACC643289,ACC164712,964821.54,Remittance,Cash,0.29,False
TX0000238,2019-03-05,2019,West Bengal,Delhi,ACC440339,ACC790871,43147.84,Crypto Off-ramp,Bank Transfer,0.68,True
TX0000239,2024-03-25,2024,Haryana,Uttar Pradesh,ACC504084,ACC920549,355462.19,Trade Invoice Payment,UPI,0.22,False
TX0000240,2023-06-12,2023,Uttar Pradesh,Telangana,ACC497771,ACC422398,11297.55,Crypto Off-ramp,Bank Transfer,0.71,True
TX0000241,2019-10-03,2019,Odisha,Telangana,ACC429944,ACC678802,413377.68,Remittance,Crypto Exchange,0.26,False
TX0000242,2020-03-25,2020,Assam,Gujarat,ACC224603,ACC775658,166483.81,Trade Invoice Payment,Crypto Exchange,0.21,False
TX0000243,2021-12-20,2021,Assam,Mizoram,ACC103086,ACC276652,497416.08,Hawala-linked Transfer,Hawala Network,0.67,True
TX0000244,2023-04-21,2023,Uttar Pradesh,Rajasthan,ACC407982,ACC152312,900534.72,Trade Invoice Payment,Crypto Exchange,0.18,False
TX0000245,2020-07-09,2020,Delhi,Andhra Pradesh,ACC389129,ACC481160,118465.62,Cash Deposit,Crypto Exchange,0.12,False
TX0000246,2020-05-19,2020,West Bengal,Andhra Pradesh,ACC285795,ACC717827,3154.35,Trade Invoice Payment,Hawala Network,0.19,False
TX0000247,2024-12-05,2024,Uttar Pradesh,Manipur,ACC627747,ACC509249,4728.38,Cash Deposit,Hawala Network,0.25,False
TX0000248,2018-05-13,2018,Haryana,Gujarat,ACC439099,ACC888423,173997.82,Remittance,Hawala Network,0.22,False
TX0000249,2023-09-17,2023,Kerala,Telangana,ACC576550,ACC424867,30786.45,Remittance,Cash,0.24,False
TX0000250,2020-04-06,2020,Delhi,Tamil Nadu,ACC945537,ACC668301,39938.42,Remittance,Hawala Network,0.19,False
TX0000251,2018-05-27,2018,Madhya Pradesh,Karnataka,ACC553606,ACC415865,265439.84,Remittance,Cash,0.29,False
TX0000252,2020-01-09,2020,Mizoram,Telangana,ACC238645,ACC338102,20879.88,Cash Deposit,Crypto Exchange,0.25,False
TX0000253,2022-10-16,2022,Kerala,Mizoram,ACC358802,ACC328800,43403.74,Remittance,Bank Transfer,0.15,False
TX0000254,2019-11-24,2019,Uttar Pradesh,Delhi,ACC218331,ACC400804,69634.99,Trade Invoice Payment,Crypto Exchange,0.13,False
TX0000255,2024-08-21,2024,Andhra Pradesh,Tamil Nadu,ACC882295,ACC334333,290652.72,Trade Invoice Payment,Crypto Exchange,0.22,False
TX0000256,2024-04-09,2024,Assam,Tamil Nadu,ACC404951,ACC348414,110371.41,Remittance,Cash,0.15,False
TX0000257,2022-12-08,2022,Assam,Assam,ACC991715,ACC346638,121190.72,Remittance,UPI,0.18,False
TX0000258,2020-01-14,2020,Maharashtra,Karnataka,ACC751680,ACC583260,62329.2,Trade Invoice Payment,Cash,0.27,False
TX0000259,2022-11-08,2022,Maharashtra,Madhya Pradesh,ACC602655,ACC601056,14150.33,Cash Deposit,Crypto Exchange,0.3,False
TX0000260,2024-12-27,2024,Manipur,Kerala,ACC282365,ACC672420,131563.69,Cash Deposit,Bank Transfer,0.28,False
TX0000261,2024-05-13,2024,Tamil Nadu,Kerala,ACC920700,ACC701053,2130280.26,Remittance,Bank Transfer,0.42,False
TX0000262,2021-09-13,2021,Karnataka,West Bengal,ACC877638,ACC230198,22491.69,Trade Invoice Payment,Hawala Network,0.23,False
TX0000263,2024-08-15,2024,Delhi,Mizoram,ACC843049,ACC159812,47600.71,Remittance,Bank Transfer,0.14,False
TX0000264,2021-05-03,2021,Assam,Tamil Nadu,ACC486606,ACC945563,38848.68,Trade Invoice Payment,UPI,0.2,False
TX0000265,2021-04-17,2021,Andhra Pradesh,Haryana,ACC140301,ACC813873,46269.86,Trade Invoice Payment,Crypto Exchange,0.11,False
TX0000266,2022-08-03,2022,Punjab,Bihar,ACC396546,ACC774743,124461.76,Trade Invoice Payment,UPI,0.16,False
TX0000267,2020-10-19,2020,Delhi,Assam,ACC287103,ACC664371,48372.62,Cash Deposit,Bank Transfer,0.15,False
TX0000268,2024-10-21,2024,Delhi,Manipur,ACC542009,ACC771256,100133.68,Trade Invoice Payment,Bank Transfer,0.12,False
TX0000269,2020-07-21,2020,Andhra Pradesh,Mizoram,ACC270787,ACC404340,159720.11,Trade Invoice Payment,Crypto Exchange,0.19,False
TX0000270,2018-04-13,2018,Andhra Pradesh,Uttar Pradesh,ACC476411,ACC277327,202466.86,Trade Invoice Payment,Bank Transfer,0.11,False
TX0000271,2019-06-26,2019,Manipur,Karnataka,ACC826193,ACC627978,90871.37,Trade Invoice Payment,Cash,0.11,False
TX0000272,2024-11-18,2024,Haryana,Odisha,ACC898272,ACC369181,212324.63,Cash Deposit,Crypto Exchange,0.18,False
TX0000273,2021-01-09,2021,Jammu and Kashmir,Jammu and Kashmir,ACC230650,ACC253514,191581.54,Hawala-linked Transfer,Crypto Exchange,0.57,False
TX0000274,2024-07-04,2024,Telangana,Maharashtra,ACC378325,ACC239869,23627.83,Remittance,Hawala Network,0.21,False
TX0000275,2019-05-14,2019,Madhya Pradesh,Bihar,ACC423264,ACC454432,92068.53,Trade Invoice Payment,UPI,0.19,False
TX0000276,2021-12-08,2021,Tamil Nadu,Karnataka,ACC993251,ACC400914,743619.0,Hawala-linked Transfer,Crypto Exchange,0.57,False
TX0000277,2024-02-27,2024,Gujarat,Maharashtra,ACC169624,ACC408546,52044.62,Hawala-linked Transfer,Cash,0.61,False
TX0000278,2023-12-23,2023,Bihar,Assam,ACC663460,ACC455304,156003.03,Remittance,Bank Transfer,0.19,False
TX0000279,2022-12-22,2022,Andhra Pradesh,Manipur,ACC442117,ACC144882,226463.12,Trade Invoice Payment,Crypto Exchange,0.13,False
TX0000280,2018-09-09,2018,Karnataka,Madhya Pradesh,ACC716092,ACC113813,35500.38,Cash Deposit,Crypto Exchange,0.2,False
TX0000281,2018-12-03,2018,Mizoram,Mizoram,ACC349094,ACC518996,628420.15,Trade Invoice Payment,Bank Transfer,0.05,False
TX0000282,2020-11-16,2020,Haryana,Uttar Pradesh,ACC587156,ACC955669,8659.49,Trade Invoice Payment,Bank Transfer,0.12,False
TX0000283,2018-06-03,2018,Bihar,Karnataka,ACC229939,ACC980440,25450.23,Hawala-linked Transfer,UPI,0.56,False
TX0000284,2019-01-03,2019,Maharashtra,Odisha,ACC374641,ACC400427,61678.41,Trade Invoice Payment,Bank Transfer,0.1,False
TX0000285,2020-10-13,2020,Madhya Pradesh,Rajasthan,ACC445077,ACC441661,151926.81,Crypto Off-ramp,Hawala Network,0.7,True
TX0000286,2024-05-12,2024,Uttar Pradesh,Assam,ACC306853,ACC508764,225669.39,Hawala-linked Transfer,UPI,0.73,True
TX0000287,2020-06-09,2020,Mizoram,Assam,ACC953991,ACC512141,1681309.22,Trade Invoice Payment,UPI,0.23,False
TX0000288,2022-07-09,2022,Punjab,Punjab,ACC911943,ACC701454,1319843.32,Cash Deposit,Bank Transfer,0.15,False
TX0000289,2018-12-23,2018,Gujarat,Andhra Pradesh,ACC422980,ACC158474,499000.36,Cash Deposit,Crypto Exchange,0.29,False
TX0000290,2021-06-01,2021,Gujarat,Assam,ACC691052,ACC170486,149562.08,Remittance,Hawala Network,0.18,False
TX0000291,2018-05-09,2018,Kerala,Punjab,ACC492532,ACC686673,286333.25,Crypto Off-ramp,Cash,0.58,False
TX0000292,2021-12-24,2021,Telangana,Maharashtra,ACC375028,ACC342220,82819.5,Trade Invoice Payment,Crypto Exchange,0.28,False
TX0000293,2018-04-05,2018,Maharashtra,West Bengal,ACC900958,ACC311514,55381.78,Remittance,Bank Transfer,0.13,False
TX0000294,2018-05-09,2018,Uttar Pradesh,Bihar,ACC300349,ACC850864,4003.35,Remittance,Hawala Network,0.29,False
TX0000295,2023-01-19,2023,Delhi,Uttar Pradesh,ACC503839,ACC550448,75759.95,Remittance,Hawala Network,0.25,False
TX0000296,2018-05-01,2018,Maharashtra,Bihar,ACC133373,ACC221438,240116.81,Trade Invoice Payment,UPI,0.1,False
TX0000297,2018-01-16,2018,Jammu and Kashmir,Rajasthan,ACC290035,ACC512093,81335.85,Hawala-linked Transfer,Cash,0.73,True
TX0000298,2020-08-07,2020,Delhi,Gujarat,ACC482085,ACC912375,17985.77,Remittance,Bank Transfer,0.18,False
TX0000299,2024-01-26,2024,Assam,Kerala,ACC883612,ACC362249,165515.61,Shell Company Transfer,Crypto Exchange,0.74,True
TX0000300,2021-11-24,2021,Bihar,Madhya Pradesh,ACC659934,ACC896402,295615.15,Cash Deposit,UPI,0.26,False
TX0000301,2021-12-06,2021,Karnataka,Bihar,ACC344135,ACC205866,141086.74,Remittance,Crypto Exchange,0.21,False
TX0000302,2021-05-09,2021,Karnataka,Assam,ACC756971,ACC126917,68700.33,Cash Deposit,UPI,0.14,False
TX0000303,2021-03-21,2021,Mizoram,Haryana,ACC135491,ACC729308,72689.27,Remittance,Hawala Network,0.25,False
TX0000304,2022-03-12,2022,Delhi,Jammu and Kashmir,ACC174196,ACC878679,119301.29,Trade Invoice Payment,Cash,0.29,False
TX0000305,2022-12-10,2022,Rajasthan,Odisha,ACC420124,ACC584827,468963.43,Trade Invoice Payment,Crypto Exchange,0.15,False
TX0000306,2020-06-13,2020,Haryana,Telangana,ACC219318,ACC716868,633001.3,Hawala-linked Transfer,Hawala Network,0.7,True
TX0000307,2023-01-26,2023,Mizoram,Manipur,ACC290288,ACC541324,11080.91,Trade Invoice Payment,Cash,0.23,False
TX0000308,2023-02-16,2023,Mizoram,West Bengal,ACC357354,ACC422818,73992.72,Trade Invoice Payment,UPI,0.26,False
TX0000309,2020-04-16,2020,Haryana,Tamil Nadu,ACC681786,ACC792201,133621.74,Trade Invoice Payment,Cash,0.3,False
TX0000310,2020-09-17,2020,Gujarat,Punjab,ACC751369,ACC643604,298621.69,Remittance,Bank Transfer,0.13,False
TX0000311,2022-02-15,2022,Andhra Pradesh,Madhya Pradesh,ACC762213,ACC584574,1789810.64,Crypto Off-ramp,Bank Transfer,0.71,True
TX0000312,2021-06-11,2021,Punjab,Haryana,ACC673208,ACC211053,122970.15,Trade Invoice Payment,Crypto Exchange,0.15,False
TX0000313,2018-09-11,2018,Uttar Pradesh,Mizoram,ACC992486,ACC608875,6007.57,Trade Invoice Payment,Hawala Network,0.22,False
TX0000314,2020-10-02,2020,Odisha,Kerala,ACC329669,ACC832757,515969.06,Remittance,Bank Transfer,0.15,False
TX0000315,2018-11-01,2018,Jammu and Kashmir,Bihar,ACC865389,ACC627461,228862.25,Trade Invoice Payment,Crypto Exchange,0.15,False
TX0000316,2021-02-12,2021,Assam,Odisha,ACC916662,ACC364450,130272.99,Trade Invoice Payment,Crypto Exchange,0.23,False
TX0000317,2024-06-22,2024,Madhya Pradesh,Uttar Pradesh,ACC975930,ACC638756,43697.09,Hawala-linked Transfer,UPI,0.68,True
TX0000318,2020-02-14,2020,Gujarat,Odisha,ACC493825,ACC761437,30769.32,Trade Invoice Payment,Cash,0.18,False
TX0000319,2023-01-11,2023,Haryana,Karnataka,ACC243401,ACC303093,143703.89,Remittance,Hawala Network,0.12,False
TX0000320,2023-10-26,2023,Andhra Pradesh,Maharashtra,ACC136817,ACC406120,61479.56,Remittance,UPI,0.18,False
TX0000321,2020-10-19,2020,Bihar,Jammu and Kashmir,ACC285907,ACC675984,44077.73,Hawala-linked Transfer,Cash,0.64,False
TX0000322,2021-03-22,2021,Gujarat,Kerala,ACC237808,ACC646886,1423631.86,Cash Deposit,UPI,0.12,False
TX0000323,2024-04-17,2024,Jammu and Kashmir,West Bengal,ACC419095,ACC106872,85429.78,Trade Invoice Payment,Bank Transfer,0.21,False
TX0000324,2018-12-03,2018,Haryana,Punjab,ACC567788,ACC852847,411572.4,Hawala-linked Transfer,Bank Transfer,0.55,False
TX0000325,2022-07-09,2022,Maharashtra,Andhra Pradesh,ACC743290,ACC442417,276082.7,Shell Company Transfer,Hawala Network,0.7,True
TX0000326,2021-05-19,2021,Telangana,Assam,ACC267938,ACC320435,86685.58,Trade Invoice Payment,Bank Transfer,0.3,False
TX0000327,2022-12-02,2022,Mizoram,Andhra Pradesh,ACC675101,ACC442879,125775.23,Hawala-linked Transfer,UPI,0.73,True
TX0000328,2022-09-19,2022,Odisha,Kerala,ACC790176,ACC525616,86281.96,Cash Deposit,Crypto Exchange,0.1,False
TX0000329,2024-02-20,2024,Uttar Pradesh,Gujarat,ACC617420,ACC973201,10318.73,Trade Invoice Payment,UPI,0.16,False
TX0000330,2019-09-02,2019,Gujarat,Mizoram,ACC693946,ACC209190,484986.84,Trade Invoice Payment,Crypto Exchange,0.18,False
TX0000331,2022-01-20,2022,Haryana,Kerala,ACC412824,ACC355165,19577.05,Remittance,Bank Transfer,0.13,False
TX0000332,2022-02-21,2022,Andhra Pradesh,Odisha,ACC755822,ACC334852,91959.29,Trade Invoice Payment,Hawala Network,0.12,False
TX0000333,2019-03-26,2019,Gujarat,Rajasthan,ACC478605,ACC409412,32259.76,Remittance,Hawala Network,0.26,False
TX0000334,2018-10-27,2018,Manipur,Rajasthan,ACC453558,ACC279880,34577.81,Crypto Off-ramp,Crypto Exchange,0.58,False
TX0000335,2021-09-11,2021,Telangana,Madhya Pradesh,ACC592674,ACC683981,198686.09,Remittance,Bank Transfer,0.21,False
TX0000336,2021-10-21,2021,Kerala,Uttar Pradesh,ACC714392,ACC680516,730837.47,Hawala-linked Transfer,Hawala Network,0.56,False
TX0000337,2024-07-01,2024,Jammu and Kashmir,Uttar Pradesh,ACC710556,ACC912199,120558.68,Trade Invoice Payment,Crypto Exchange,0.21,False
TX0000338,2019-10-08,2019,Tamil Nadu,Uttar Pradesh,ACC868876,ACC871731,40001.1,Trade Invoice Payment,Cash,0.11,False
TX0000339,2019-04-19,2019,Kerala,West Bengal,ACC740219,ACC565028,43815.08,Remittance,UPI,0.25,False
TX0000340,2021-04-07,2021,Tamil Nadu,Maharashtra,ACC722055,ACC612831,96247.56,Trade Invoice Payment,Hawala Network,0.26,False
TX0000341,2020-05-18,2020,Tamil Nadu,Rajasthan,ACC272819,ACC289388,582567.86,Cash Deposit,Crypto Exchange,0.24,False
TX0000342,2023-09-26,2023,Bihar,Karnataka,ACC570460,ACC903592,39455.4,Cash Deposit,Bank Transfer,0.29,False
TX0000343,2019-11-17,2019,Tamil Nadu,Maharashtra,ACC898989,ACC461912,50033.64,Remittance,Crypto Exchange,0.2,False
TX0000344,2018-08-26,2018,Jammu and Kashmir,Manipur,ACC486688,ACC357634,390951.48,Remittance,Hawala Network,0.21,False
TX0000345,2020-06-08,2020,Madhya Pradesh,Kerala,ACC945793,ACC707602,143653.03,Trade Invoice Payment,Crypto Exchange,0.11,False
TX0000346,2023-05-09,2023,Assam,Jammu and Kashmir,ACC878963,ACC722689,79339.59,Cash Deposit,Hawala Network,0.12,False
TX0000347,2022-11-14,2022,Haryana,Andhra Pradesh,ACC392586,ACC120909,19262.55,Crypto Off-ramp,Cash,0.71,True
TX0000348,2018-02-13,2018,Uttar Pradesh,Mizoram,ACC604837,ACC724806,17481.98,Remittance,Cash,0.18,False
TX0000349,2018-03-27,2018,Telangana,Karnataka,ACC757059,ACC208510,34491.81,Trade Invoice Payment,Hawala Network,0.12,False
TX0000350,2020-11-09,2020,Madhya Pradesh,Mizoram,ACC620391,ACC442747,17051.68,Hawala-linked Transfer,Crypto Exchange,0.64,False
TX0000351,2021-02-09,2021,Rajasthan,Uttar Pradesh,ACC254604,ACC897093,107239.21,Crypto Off-ramp,UPI,0.73,True
TX0000352,2021-03-24,2021,Rajasthan,Odisha,ACC494112,ACC414817,198919.19,Crypto Off-ramp,UPI,0.74,True
TX0000353,2022-01-18,2022,Maharashtra,Delhi,ACC189084,ACC827620,142539.03,Hawala-linked Transfer,Bank Transfer,0.75,True
TX0000354,2021-07-17,2021,Assam,Manipur,ACC351562,ACC481900,20041.4,Remittance,Cash,0.15,False
TX0000355,2023-09-02,2023,Madhya Pradesh,Tamil Nadu,ACC559937,ACC668357,94214.03,Remittance,Cash,0.13,False
TX0000356,2019-09-03,2019,Odisha,Manipur,ACC666950,ACC444828,99139.58,Crypto Off-ramp,Bank Transfer,0.73,True
TX0000357,2018-01-03,2018,Haryana,Telangana,ACC177932,ACC977456,14628.06,Hawala-linked Transfer,Cash,0.63,False
TX0000358,2022-04-10,2022,Rajasthan,Uttar Pradesh,ACC319882,ACC570132,149588.94,Crypto Off-ramp,Hawala Network,0.61,False
TX0000359,2020-08-25,2020,Telangana,Haryana,ACC660868,ACC230470,175560.56,Cash Deposit,Crypto Exchange,0.2,False
TX0000360,2019-01-11,2019,Assam,Odisha,ACC950512,ACC379587,153546.39,Shell Company Transfer,Hawala Network,0.65,True
TX0000361,2019-02-11,2019,Manipur,Andhra Pradesh,ACC262609,ACC127976,108011.44,Crypto Off-ramp,Hawala Network,0.58,False
TX0000362,2021-02-12,2021,Bihar,Jammu and Kashmir,ACC675422,ACC460939,163704.05,Remittance,Hawala Network,0.16,False
TX0000363,2023-02-21,2023,Delhi,West Bengal,ACC129318,ACC595536,64633.05,Trade Invoice Payment,Bank Transfer,0.15,False
TX0000364,2020-03-15,2020,Manipur,Kerala,ACC227219,ACC245015,7879.7,Trade Invoice Payment,Hawala Network,0.1,False
TX0000365,2024-10-07,2024,Telangana,Uttar Pradesh,ACC422682,ACC936634,57510.3,Trade Invoice Payment,Hawala Network,0.23,False
TX0000366,2020-04-15,2020,Haryana,Maharashtra,ACC469948,ACC104491,567452.33,Trade Invoice Payment,Cash,0.21,False
TX0000367,2022-04-24,2022,Delhi,Andhra Pradesh,ACC271005,ACC894932,21399.38,Shell Company Transfer,Crypto Exchange,0.74,True
TX0000368,2020-09-02,2020,Uttar Pradesh,West Bengal,ACC437760,ACC784358,20603.69,Trade Invoice Payment,Crypto Exchange,0.29,False
TX0000369,2020-06-12,2020,Manipur,Haryana,ACC544480,ACC692609,35521.25,Trade Invoice Payment,UPI,0.24,False
TX0000370,2018-06-18,2018,Punjab,Punjab,ACC119631,ACC662185,215798.71,Remittance,UPI,0.0,False
TX0000371,2018-04-07,2018,Uttar Pradesh,Maharashtra,ACC403078,ACC899661,22861.75,Remittance,Cash,0.18,False
TX0000372,2021-07-13,2021,Kerala,Gujarat,ACC507188,ACC157885,206436.41,Cash Deposit,Hawala Network,0.25,False
TX0000373,2021-11-20,2021,Madhya Pradesh,Rajasthan,ACC842569,ACC849872,13134.75,Trade Invoice Payment,UPI,0.2,False
TX0000374,2019-04-20,2019,Bihar,Madhya Pradesh,ACC360511,ACC141627,817793.99,Remittance,Cash,0.2,False
TX0000375,2019-11-13,2019,Andhra Pradesh,Jammu and Kashmir,ACC282593,ACC176995,26401.1,Trade Invoice Payment,Bank Transfer,0.19,False
TX0000376,2023-06-17,2023,Manipur,Odisha,ACC128427,ACC974408,26121.93,Shell Company Transfer,UPI,0.63,False
TX0000377,2023-01-10,2023,Punjab,Bihar,ACC670972,ACC700226,52165.3,Remittance,Bank Transfer,0.21,False
TX0000378,2018-11-04,2018,Jammu and Kashmir,Delhi,ACC802481,ACC865569,100224.87,Crypto Off-ramp,Cash,0.64,False
TX0000379,2018-09-24,2018,West Bengal,Tamil Nadu,ACC469462,ACC183248,79899.71,Hawala-linked Transfer,Hawala Network,0.69,True
TX0000380,2024-05-02,2024,West Bengal,Gujarat,ACC941340,ACC436021,10977.77,Crypto Off-ramp,Cash,0.68,True
TX0000381,2024-02-22,2024,Odisha,Mizoram,ACC380336,ACC271792,16220.7,Trade Invoice Payment,Cash,0.1,False
TX0000382,2020-12-09,2020,Manipur,West Bengal,ACC219293,ACC292849,47252.44,Shell Company Transfer,Crypto Exchange,0.71,True
TX0000383,2019-10-08,2019,Jammu and Kashmir,Odisha,ACC130964,ACC267232,79462.03,Crypto Off-ramp,UPI,0.66,True
TX0000384,2023-12-08,2023,Rajasthan,Karnataka,ACC791333,ACC375175,35692.36,Trade Invoice Payment,Bank Transfer,0.19,False
TX0000385,2018-03-20,2018,Mizoram,Manipur,ACC392522,ACC123522,654409.27,Trade Invoice Payment,Crypto Exchange,0.22,False
TX0000386,2021-04-03,2021,Tamil Nadu,Andhra Pradesh,ACC647295,ACC987914,294387.69,Shell Company Transfer,Cash,0.73,True
TX0000387,2020-09-16,2020,Uttar Pradesh,Punjab,ACC232137,ACC925512,495041.68,Hawala-linked Transfer,Crypto Exchange,0.66,True
TX0000388,2020-08-17,2020,Delhi,West Bengal,ACC922052,ACC692858,96593.18,Cash Deposit,Cash,0.22,False
TX0000389,2020-09-23,2020,Odisha,Punjab,ACC921804,ACC194662,89654.92,Shell Company Transfer,Crypto Exchange,0.64,False
TX0000390,2021-11-09,2021,Maharashtra,Maharashtra,ACC727172,ACC153221,63144.66,Hawala-linked Transfer,Cash,0.62,False
TX0000391,2024-02-10,2024,Karnataka,West Bengal,ACC311927,ACC837899,100167.05,Trade Invoice Payment,Cash,0.24,False
TX0000392,2019-07-10,2019,Uttar Pradesh,Mizoram,ACC270315,ACC844611,312937.47,Trade Invoice Payment,Cash,0.21,False
TX0000393,2019-12-08,2019,Rajasthan,Bihar,ACC281573,ACC571451,33402.71,Hawala-linked Transfer,Cash,0.59,False
TX0000394,2019-08-27,2019,Odisha,Uttar Pradesh,ACC840542,ACC170519,49700.26,Remittance,Cash,0.28,False
TX0000395,2022-01-04,2022,Rajasthan,West Bengal,ACC737467,ACC782588,147591.8,Trade Invoice Payment,Bank Transfer,0.26,False
TX0000396,2022-01-02,2022,Odisha,Telangana,ACC988587,ACC277040,1870165.71,Remittance,UPI,0.24,False
TX0000397,2020-03-26,2020,Tamil Nadu,Assam,ACC399290,ACC191687,150194.39,Trade Invoice Payment,Cash,0.21,False
TX0000398,2019-12-18,2019,Karnataka,Gujarat,ACC317601,ACC586440,26009.83,Remittance,Crypto Exchange,0.21,False
TX0000399,2023-05-24,2023,Delhi,Odisha,ACC988512,ACC132782,8198.4,Trade Invoice Payment,Hawala Network,0.24,False
TX0000400,2019-03-27,2019,Jammu and Kashmir,Mizoram,ACC649336,ACC121691,48490.53,Hawala-linked Transfer,Hawala Network,0.57,False
TX0000401,2022-10-01,2022,Mizoram,Mizoram,ACC758271,ACC585259,241320.04,Remittance,Cash,0.17,False
TX0000402,2023-08-14,2023,Odisha,Kerala,ACC869147,ACC189494,698806.8,Remittance,UPI,0.27,False
TX0000403,2018-05-03,2018,Jammu and Kashmir,Assam,ACC327342,ACC713752,238142.13,Trade Invoice Payment,UPI,0.27,False
TX0000404,2019-03-11,2019,Uttar Pradesh,Bihar,ACC633462,ACC268268,77981.52,Remittance,Crypto Exchange,0.2,False
TX0000405,2021-05-01,2021,Tamil Nadu,Uttar Pradesh,ACC731920,ACC346674,191399.41,Hawala-linked Transfer,Cash,0.64,False
TX0000406,2018-02-13,2018,Jammu and Kashmir,Assam,ACC501807,ACC326945,33166.44,Hawala-linked Transfer,Bank Transfer,0.7,True
TX0000407,2022-10-25,2022,Gujarat,Jammu and Kashmir,ACC255102,ACC174798,9897.68,Trade Invoice Payment,UPI,0.27,False
TX0000408,2019-01-08,2019,Haryana,Jammu and Kashmir,ACC254235,ACC229301,22161.0,Trade Invoice Payment,Cash,0.15,False
TX0000409,2018-08-18,2018,Manipur,Karnataka,ACC787515,ACC201305,390132.34,Shell Company Transfer,Bank Transfer,0.58,False
TX0000410,2018-05-08,2018,Punjab,Kerala,ACC496890,ACC472537,179827.31,Trade Invoice Payment,Crypto Exchange,0.17,False
TX0000411,2023-09-17,2023,Madhya Pradesh,Tamil Nadu,ACC527719,ACC754366,92738.12,Remittance,Bank Transfer,0.1,False
TX0000412,2022-03-01,2022,Kerala,Kerala,ACC811912,ACC708637,22814.21,Remittance,Crypto Exchange,0.07,False
TX0000413,2024-07-12,2024,Maharashtra,Telangana,ACC515905,ACC650839,124169.62,Crypto Off-ramp,UPI,0.63,False
TX0000414,2019-09-25,2019,Punjab,Delhi,ACC507779,ACC438803,45110.68,Trade Invoice Payment,UPI,0.18,False
TX0000415,2019-07-21,2019,Uttar Pradesh,Manipur,ACC925607,ACC395781,81388.31,Remittance,Crypto Exchange,0.16,False
TX0000416,2024-02-05,2024,Mizoram,Odisha,ACC953892,ACC332780,345890.83,Trade Invoice Payment,UPI,0.17,False
TX0000417,2020-10-03,2020,West Bengal,Haryana,ACC195076,ACC908287,178223.02,Hawala-linked Transfer,Crypto Exchange,0.64,False
TX0000418,2021-02-03,2021,Punjab,Rajasthan,ACC297061,ACC626397,32925.78,Crypto Off-ramp,UPI,0.73,True
TX0000419,2020-06-07,2020,Karnataka,Kerala,ACC252905,ACC451712,101074.16,Trade Invoice Payment,UPI,0.2,False
TX0000420,2023-02-10,2023,Uttar Pradesh,Madhya Pradesh,ACC844700,ACC427660,30269.64,Remittance,UPI,0.16,False
TX0000421,2022-06-18,2022,Rajasthan,Gujarat,ACC384632,ACC434891,239527.13,Remittance,Cash,0.13,False
TX0000422,2024-11-10,2024,Odisha,Jammu and Kashmir,ACC478760,ACC890750,21137.94,Hawala-linked Transfer,UPI,0.66,True
TX0000423,2023-12-20,2023,West Bengal,Haryana,ACC555442,ACC199064,183626.35,Shell Company Transfer,Crypto Exchange,0.6,False
TX0000424,2018-11-02,2018,Assam,Assam,ACC200001,ACC941625,66801.45,Cash Deposit,UPI,0.03,False
TX0000425,2022-03-20,2022,Bihar,Gujarat,ACC960197,ACC404972,41918.05,Remittance,UPI,0.1,False
TX0000426,2024-02-24,2024,Telangana,Delhi,ACC276789,ACC388677,153498.19,Cash Deposit,Hawala Network,0.28,False
TX0000427,2018-07-02,2018,Gujarat,Mizoram,ACC212329,ACC691923,63570.27,Hawala-linked Transfer,Bank Transfer,0.64,False
TX0000428,2023-08-16,2023,Rajasthan,Telangana,ACC256774,ACC386797,77943.02,Trade Invoice Payment,Bank Transfer,0.23,False
TX0000429,2018-09-14,2018,Kerala,Mizoram,ACC279489,ACC364529,64781.51,Remittance,Crypto Exchange,0.16,False
TX0000430,2018-07-13,2018,Telangana,Punjab,ACC944384,ACC347088,21493.57,Trade Invoice Payment,UPI,0.17,False
TX0000431,2020-08-26,2020,Odisha,Bihar,ACC941870,ACC641470,181463.36,Cash Deposit,Cash,0.27,False
TX0000432,2024-09-27,2024,Kerala,Maharashtra,ACC607781,ACC810274,124067.65,Hawala-linked Transfer,UPI,0.59,False
TX0000433,2024-12-22,2024,Uttar Pradesh,Manipur,ACC215817,ACC114590,32692.96,Remittance,UPI,0.3,False
TX0000434,2019-07-06,2019,Telangana,Tamil Nadu,ACC901934,ACC465038,175647.69,Cash Deposit,Crypto Exchange,0.17,False
TX0000435,2023-08-07,2023,Mizoram,Odisha,ACC577986,ACC251747,228792.22,Cash Deposit,Crypto Exchange,0.28,False
TX0000436,2024-04-24,2024,Assam,West Bengal,ACC488888,ACC468084,138593.89,Remittance,Hawala Network,0.14,False
TX0000437,2022-02-20,2022,Gujarat,Delhi,ACC935715,ACC331978,74880.03,Remittance,UPI,0.23,False
TX0000438,2018-10-26,2018,Andhra Pradesh,Odisha,ACC573691,ACC876794,19547.4,Trade Invoice Payment,Bank Transfer,0.11,False
TX0000439,2021-11-08,2021,Madhya Pradesh,Rajasthan,ACC299562,ACC639953,22553.8,Trade Invoice Payment,Hawala Network,0.17,False
TX0000440,2023-03-13,2023,Assam,Maharashtra,ACC924453,ACC154583,99093.14,Remittance,Hawala Network,0.21,False
TX0000441,2024-07-27,2024,Karnataka,Uttar Pradesh,ACC998631,ACC213568,92400.79,Trade Invoice Payment,Hawala Network,0.23,False
TX0000442,2023-07-01,2023,Rajasthan,Uttar Pradesh,ACC352363,ACC140878,44140.57,Remittance,Cash,0.24,False
TX0000443,2023-01-18,2023,Assam,Andhra Pradesh,ACC458016,ACC528311,470465.95,Crypto Off-ramp,Hawala Network,0.74,True
TX0000444,2024-08-13,2024,Jammu and Kashmir,Bihar,ACC132978,ACC136702,332739.95,Cash Deposit,Bank Transfer,0.29,False
TX0000445,2022-02-06,2022,Rajasthan,Haryana,ACC150399,ACC352112,16138.11,Trade Invoice Payment,Bank Transfer,0.13,False
TX0000446,2019-06-14,2019,Tamil Nadu,Haryana,ACC140457,ACC739721,39299.58,Remittance,Bank Transfer,0.16,False
TX0000447,2018-08-16,2018,Madhya Pradesh,Kerala,ACC355661,ACC839648,937807.75,Remittance,Crypto Exchange,0.26,False
TX0000448,2023-06-05,2023,Tamil Nadu,Rajasthan,ACC959564,ACC299829,216556.34,Remittance,Bank Transfer,0.19,False
TX0000449,2019-11-10,2019,Andhra Pradesh,Maharashtra,ACC455488,ACC955922,311420.38,Cash Deposit,Crypto Exchange,0.13,False
TX0000450,2020-12-19,2020,Bihar,Uttar Pradesh,ACC442363,ACC457192,256434.7,Cash Deposit,Hawala Network,0.18,False
TX0000451,2024-01-08,2024,Uttar Pradesh,Andhra Pradesh,ACC621320,ACC105111,203339.46,Trade Invoice Payment,Cash,0.27,False
TX0000452,2019-03-09,2019,Haryana,Bihar,ACC520330,ACC793815,97328.5,Trade Invoice Payment,Crypto Exchange,0.12,False
TX0000453,2021-09-14,2021,Tamil Nadu,Maharashtra,ACC845047,ACC485068,156603.27,Cash Deposit,Hawala Network,0.2,False
TX0000454,2024-08-26,2024,Odisha,Karnataka,ACC366771,ACC814394,74962.41,Remittance,Bank Transfer,0.26,False
TX0000455,2020-07-25,2020,Haryana,Delhi,ACC467819,ACC317956,17954.5,Trade Invoice Payment,Crypto Exchange,0.14,False
TX0000456,2021-06-10,2021,Haryana,Gujarat,ACC796462,ACC827978,19003.84,Cash Deposit,Bank Transfer,0.13,False
TX0000457,2019-01-03,2019,Tamil Nadu,Rajasthan,ACC721256,ACC197397,402263.4,Trade Invoice Payment,UPI,0.17,False
TX0000458,2021-10-15,2021,Tamil Nadu,Mizoram,ACC279702,ACC592382,691366.69,Cash Deposit,Crypto Exchange,0.14,False
TX0000459,2024-07-25,2024,Assam,Rajasthan,ACC236794,ACC170615,49144.31,Trade Invoice Payment,Crypto Exchange,0.3,False
TX0000460,2018-04-26,2018,Telangana,Gujarat,ACC997946,ACC157024,426988.4,Trade Invoice Payment,Hawala Network,0.14,False
TX0000461,2022-04-23,2022,Madhya Pradesh,Manipur,ACC418920,ACC327598,569770.14,Hawala-linked Transfer,Crypto Exchange,0.65,True
TX0000462,2018-12-08,2018,Manipur,Uttar Pradesh,ACC779483,ACC510446,87182.49,Hawala-linked Transfer,Bank Transfer,0.67,True
TX0000463,2018-03-20,2018,Karnataka,Andhra Pradesh,ACC767977,ACC196756,257345.17,Hawala-linked Transfer,Crypto Exchange,0.57,False
TX0000464,2022-08-14,2022,Andhra Pradesh,Uttar Pradesh,ACC117043,ACC446875,53043.98,Hawala-linked Transfer,Bank Transfer,0.64,False
TX0000465,2019-04-24,2019,Maharashtra,Punjab,ACC656609,ACC994988,90068.79,Trade Invoice Payment,Cash,0.28,False
TX0000466,2023-08-03,2023,Mizoram,Haryana,ACC172294,ACC472909,262151.42,Remittance,Cash,0.26,False
TX0000467,2020-06-20,2020,Manipur,Bihar,ACC729310,ACC489810,8356.55,Hawala-linked Transfer,UPI,0.74,True
TX0000468,2023-04-01,2023,Rajasthan,Karnataka,ACC297770,ACC155334,279957.62,Remittance,Hawala Network,0.14,False
TX0000469,2023-04-11,2023,Madhya Pradesh,Assam,ACC674240,ACC212100,50290.84,Trade Invoice Payment,Crypto Exchange,0.25,False
TX0000470,2018-02-26,2018,Manipur,Assam,ACC344804,ACC587486,122969.85,Remittance,Bank Transfer,0.21,False
TX0000471,2023-09-14,2023,Odisha,Mizoram,ACC808532,ACC754984,139693.82,Hawala-linked Transfer,Crypto Exchange,0.74,True
TX0000472,2020-08-07,2020,Mizoram,Tamil Nadu,ACC940524,ACC192740,21192.76,Cash Deposit,UPI,0.25,False
TX0000473,2024-10-23,2024,Haryana,Odisha,ACC203909,ACC202355,140884.51,Remittance,Bank Transfer,0.21,False
TX0000474,2023-10-17,2023,Delhi,West Bengal,ACC545857,ACC976909,82042.97,Crypto Off-ramp,Bank Transfer,0.67,True
TX0000475,2022-05-06,2022,Delhi,Maharashtra,ACC708486,ACC896709,2998.05,Shell Company Transfer,Hawala Network,0.61,False
TX0000476,2021-12-13,2021,Haryana,Mizoram,ACC741562,ACC771039,37345.32,Cash Deposit,Crypto Exchange,0.23,False
TX0000477,2024-03-05,2024,Telangana,Kerala,ACC490773,ACC966337,54009.87,Trade Invoice Payment,Crypto Exchange,0.23,False
TX0000478,2024-07-15,2024,Odisha,Haryana,ACC670443,ACC762844,36669.42,Shell Company Transfer,Bank Transfer,0.59,False
TX0000479,2020-08-10,2020,Mizoram,Rajasthan,ACC942884,ACC155126,345017.23,Trade Invoice Payment,UPI,0.17,False
TX0000480,2021-05-13,2021,Tamil Nadu,Assam,ACC429887,ACC138278,47129.31,Trade Invoice Payment,Hawala Network,0.21,False
TX0000481,2020-11-06,2020,Punjab,Rajasthan,ACC338355,ACC448811,170105.4,Hawala-linked Transfer,UPI,0.57,False
TX0000482,2021-03-26,2021,Telangana,Manipur,ACC928770,ACC536458,186471.62,Crypto Off-ramp,Hawala Network,0.69,True
TX0000483,2020-10-23,2020,Delhi,Jammu and Kashmir,ACC126781,ACC761769,104010.94,Trade Invoice Payment,Bank Transfer,0.3,False
TX0000484,2020-08-05,2020,Maharashtra,Punjab,ACC165117,ACC283116,3215636.92,Hawala-linked Transfer,Crypto Exchange,0.82,True
TX0000485,2023-08-25,2023,Haryana,Kerala,ACC726878,ACC602616,38700.5,Trade Invoice Payment,Bank Transfer,0.21,False
TX0000486,2019-10-25,2019,Madhya Pradesh,Delhi,ACC999681,ACC101359,78896.63,Remittance,Hawala Network,0.24,False
TX0000487,2018-03-20,2018,Assam,Haryana,ACC240715,ACC371220,11260.14,Trade Invoice Payment,Cash,0.15,False
TX0000488,2024-01-22,2024,West Bengal,Karnataka,ACC766700,ACC291862,55680.33,Cash Deposit,Cash,0.26,False
TX0000489,2018-02-24,2018,Rajasthan,Telangana,ACC283829,ACC691742,135245.25,Trade Invoice Payment,UPI,0.22,False
TX0000490,2023-09-18,2023,Odisha,West Bengal,ACC510778,ACC265386,1057629.34,Cash Deposit,Bank Transfer,0.15,False
TX0000491,2019-07-13,2019,Karnataka,Bihar,ACC706761,ACC363464,146497.2,Cash Deposit,UPI,0.2,False
TX0000492,2024-10-24,2024,Assam,Madhya Pradesh,ACC225119,ACC146591,198645.72,Cash Deposit,Bank Transfer,0.13,False
TX0000493,2021-03-19,2021,Uttar Pradesh,Madhya Pradesh,ACC609544,ACC628875,323732.0,Trade Invoice Payment,Hawala Network,0.19,False
TX0000494,2018-09-14,2018,Rajasthan,Jammu and Kashmir,ACC383932,ACC262977,88652.17,Hawala-linked Transfer,Hawala Network,0.57,False
TX0000495,2018-03-04,2018,Jammu and Kashmir,Punjab,ACC207224,ACC929283,24995.76,Trade Invoice Payment,Cash,0.14,False
TX0000496,2022-03-26,2022,West Bengal,Mizoram,ACC776566,ACC364255,16149.79,Trade Invoice Payment,Bank Transfer,0.19,False
TX0000497,2022-05-19,2022,Manipur,Delhi,ACC376722,ACC895534,33414.95,Shell Company Transfer,Bank Transfer,0.62,False
TX0000498,2022-01-21,2022,Telangana,Tamil Nadu,ACC192851,ACC674492,40912.94,Hawala-linked Transfer,UPI,0.71,True
TX0000499,2024-04-27,2024,Punjab,Rajasthan,ACC968067,ACC732198,58234.99,Remittance,Crypto Exchange,0.13,False
TX0000500,2023-03-25,2023,West Bengal,Uttar Pradesh,ACC274236,ACC520578,125247.22,Remittance,UPI,0.11,False
TX0000501,2022-12-25,2022,Kerala,Delhi,ACC895069,ACC121440,100818.35,Trade Invoice Payment,Bank Transfer,0.26,False
TX0000502,2018-06-22,2018,Mizoram,Manipur,ACC877621,ACC673274,375034.57,Hawala-linked Transfer,UPI,0.73,True
TX0000503,2022-01-23,2022,Assam,Rajasthan,ACC945503,ACC595157,40497.01,Hawala-linked Transfer,Hawala Network,0.75,True
TX0000504,2024-05-13,2024,West Bengal,Jammu and Kashmir,ACC583413,ACC279575,14352.89,Cash Deposit,Bank Transfer,0.23,False
TX0000505,2021-06-09,2021,Haryana,Delhi,ACC786874,ACC998857,88528.48,Cash Deposit,Hawala Network,0.19,False
TX0000506,2019-02-19,2019,Odisha,Manipur,ACC441686,ACC537996,144487.46,Trade Invoice Payment,UPI,0.12,False
TX0000507,2023-12-06,2023,Assam,Odisha,ACC608657,ACC966598,38120.79,Remittance,Crypto Exchange,0.26,False
TX0000508,2019-06-22,2019,Maharashtra,Karnataka,ACC757836,ACC150476,237269.23,Trade Invoice Payment,Hawala Network,0.15,False
TX0000509,2024-11-12,2024,Uttar Pradesh,Mizoram,ACC448926,ACC769854,47217.3,Remittance,Bank Transfer,0.29,False
TX0000510,2021-02-10,2021,Tamil Nadu,Haryana,ACC648152,ACC996129,171864.24,Trade Invoice Payment,UPI,0.13,False
TX0000511,2021-05-20,2021,Andhra Pradesh,Uttar Pradesh,ACC657640,ACC161934,235450.33,Hawala-linked Transfer,Bank Transfer,0.66,True
TX0000512,2018-08-07,2018,Manipur,Telangana,ACC646972,ACC385354,60772.37,Remittance,Hawala Network,0.12,False
TX0000513,2020-04-27,2020,Punjab,Manipur,ACC584305,ACC603909,9670.78,Shell Company Transfer,Crypto Exchange,0.56,False
TX0000514,2019-09-11,2019,Rajasthan,Assam,ACC447151,ACC370324,532095.24,Trade Invoice Payment,Hawala Network,0.14,False
TX0000515,2024-10-24,2024,Mizoram,Rajasthan,ACC906855,ACC538134,2200.64,Hawala-linked Transfer,Crypto Exchange,0.75,True
TX0000516,2018-03-17,2018,Manipur,Gujarat,ACC524756,ACC929446,140483.65,Trade Invoice Payment,Bank Transfer,0.12,False
TX0000517,2021-07-17,2021,Madhya Pradesh,Tamil Nadu,ACC944590,ACC964194,115273.55,Trade Invoice Payment,UPI,0.24,False
TX0000518,2018-02-11,2018,Punjab,Manipur,ACC967618,ACC586261,324087.01,Shell Company Transfer,Cash,0.67,True
TX0000519,2024-11-21,2024,Odisha,Kerala,ACC944793,ACC447129,199726.63,Shell Company Transfer,Cash,0.63,False
TX0000520,2019-03-12,2019,Odisha,Gujarat,ACC219543,ACC679189,26273.1,Trade Invoice Payment,Crypto Exchange,0.16,False
TX0000521,2020-03-21,2020,Bihar,Odisha,ACC994312,ACC854769,165568.0,Remittance,Hawala Network,0.23,False
TX0000522,2021-04-10,2021,Kerala,Bihar,ACC307567,ACC655267,70107.56,Remittance,Bank Transfer,0.22,False
TX0000523,2021-10-08,2021,West Bengal,Andhra Pradesh,ACC742263,ACC441255,62452.14,Remittance,Hawala Network,0.28,False
TX0000524,2018-05-13,2018,Karnataka,Bihar,ACC968996,ACC868230,13479.48,Trade Invoice Payment,Cash,0.1,False
TX0000525,2024-10-18,2024,Haryana,Punjab,ACC196322,ACC862242,38067.52,Trade Invoice Payment,Bank Transfer,0.11,False
TX0000526,2023-02-22,2023,Rajasthan,Haryana,ACC187818,ACC128079,96338.07,Remittance,Crypto Exchange,0.12,False
TX0000527,2018-08-04,2018,Uttar Pradesh,Odisha,ACC373198,ACC968393,158080.36,Crypto Off-ramp,UPI,0.73,True
TX0000528,2018-03-20,2018,Jammu and Kashmir,Punjab,ACC646319,ACC358431,31164.21,Shell Company Transfer,Bank Transfer,0.74,True
TX0000529,2023-02-22,2023,Gujarat,Haryana,ACC704175,ACC533030,31722.27,Trade Invoice Payment,UPI,0.12,False
TX0000530,2020-01-15,2020,Telangana,Bihar,ACC745748,ACC956316,143705.96,Trade Invoice Payment,Cash,0.19,False
TX0000531,2022-02-07,2022,Punjab,Gujarat,ACC238602,ACC811658,35079.04,Cash Deposit,Hawala Network,0.11,False
TX0000532,2018-09-07,2018,Punjab,Gujarat,ACC114762,ACC964929,212162.53,Trade Invoice Payment,Bank Transfer,0.29,False
TX0000533,2020-02-09,2020,West Bengal,Jammu and Kashmir,ACC498339,ACC988370,427396.58,Trade Invoice Payment,UPI,0.13,False
TX0000534,2024-11-15,2024,West Bengal,Uttar Pradesh,ACC926014,ACC598142,44123.32,Cash Deposit,Bank Transfer,0.26,False
TX0000535,2018-08-26,2018,Haryana,Mizoram,ACC657599,ACC317375,163812.36,Remittance,UPI,0.13,False
TX0000536,2022-04-20,2022,Gujarat,Andhra Pradesh,ACC737247,ACC284948,40383.26,Hawala-linked Transfer,Cash,0.69,True
TX0000537,2019-02-04,2019,Rajasthan,Bihar,ACC433485,ACC485312,160853.17,Trade Invoice Payment,Cash,0.19,False
TX0000538,2018-02-07,2018,Haryana,Punjab,ACC754604,ACC402320,52957.45,Cash Deposit,Crypto Exchange,0.17,False
TX0000539,2019-12-25,2019,Punjab,Jammu and Kashmir,ACC637423,ACC800207,164334.64,Trade Invoice Payment,UPI,0.21,False
TX0000540,2018-01-24,2018,Rajasthan,Rajasthan,ACC123146,ACC535280,240908.27,Trade Invoice Payment,Hawala Network,0.09,False
TX0000541,2018-01-21,2018,Punjab,Mizoram,ACC327683,ACC830135,30452.16,Trade Invoice Payment,Bank Transfer,0.11,False
TX0000542,2019-08-26,2019,Gujarat,Kerala,ACC501482,ACC748023,30685.04,Cash Deposit,Crypto Exchange,0.15,False
TX0000543,2021-03-04,2021,Odisha,Telangana,ACC723713,ACC154356,28730.1,Cash Deposit,Cash,0.13,False
TX0000544,2018-01-14,2018,West Bengal,Assam,ACC522802,ACC102806,1052961.72,Trade Invoice Payment,UPI,0.26,False
TX0000545,2024-08-14,2024,Telangana,Assam,ACC147498,ACC371732,133474.7,Trade Invoice Payment,Bank Transfer,0.12,False
TX0000546,2022-05-06,2022,Kerala,Punjab,ACC768212,ACC404086,19576.27,Trade Invoice Payment,Crypto Exchange,0.24,False
TX0000547,2023-06-20,2023,Assam,Assam,ACC801345,ACC827497,210361.64,Trade Invoice Payment,Hawala Network,0.01,False
TX0000548,2024-08-20,2024,Odisha,Assam,ACC176327,ACC668896,4434.13,Crypto Off-ramp,Crypto Exchange,0.55,False
TX0000549,2022-01-22,2022,Haryana,Kerala,ACC640624,ACC212526,1743935.28,Trade Invoice Payment,Hawala Network,0.12,False
TX0000550,2018-07-16,2018,Maharashtra,Tamil Nadu,ACC710512,ACC737369,413754.18,Trade Invoice Payment,Bank Transfer,0.15,False
TX0000551,2023-11-16,2023,West Bengal,Karnataka,ACC963831,ACC156718,202482.15,Hawala-linked Transfer,Hawala Network,0.58,False
TX0000552,2020-01-15,2020,Tamil Nadu,Delhi,ACC886558,ACC637865,394106.47,Trade Invoice Payment,UPI,0.28,False
TX0000553,2021-06-02,2021,Manipur,Kerala,ACC356654,ACC460760,19829.79,Trade Invoice Payment,Cash,0.26,False
TX0000554,2024-04-12,2024,Punjab,Mizoram,ACC775836,ACC913922,171292.13,Shell Company Transfer,Crypto Exchange,0.71,True
TX0000555,2021-02-21,2021,West Bengal,Rajasthan,ACC250597,ACC193868,2115596.59,Trade Invoice Payment,Hawala Network,0.52,False
TX0000556,2023-11-24,2023,Odisha,Punjab,ACC640522,ACC433126,154674.29,Remittance,UPI,0.13,False
TX0000557,2018-09-04,2018,Jammu and Kashmir,Bihar,ACC238641,ACC914414,14217.69,Trade Invoice Payment,UPI,0.17,False
TX0000558,2019-01-22,2019,Delhi,Assam,ACC138134,ACC889812,69672.33,Hawala-linked Transfer,Crypto Exchange,0.7,True
TX0000559,2024-01-22,2024,Telangana,Jammu and Kashmir,ACC981239,ACC717624,1035278.65,Cash Deposit,Hawala Network,0.23,False
TX0000560,2024-05-17,2024,Assam,Manipur,ACC726264,ACC942926,551634.34,Trade Invoice Payment,Crypto Exchange,0.29,False
TX0000561,2020-12-06,2020,Punjab,Tamil Nadu,ACC611162,ACC198378,14021.12,Hawala-linked Transfer,Bank Transfer,0.57,False
TX0000562,2019-07-11,2019,Maharashtra,Gujarat,ACC145014,ACC361054,36767.32,Cash Deposit,Hawala Network,0.25,False
TX0000563,2021-07-21,2021,Odisha,Andhra Pradesh,ACC795421,ACC724932,138064.38,Hawala-linked Transfer,Crypto Exchange,0.62,False
TX0000564,2019-07-14,2019,Haryana,Maharashtra,ACC350651,ACC784152,565567.79,Shell Company Transfer,Crypto Exchange,0.7,True
TX0000565,2024-11-19,2024,Madhya Pradesh,Kerala,ACC834103,ACC360388,289170.17,Remittance,Hawala Network,0.21,False
TX0000566,2019-12-12,2019,Kerala,Andhra Pradesh,ACC812283,ACC741958,83962.89,Hawala-linked Transfer,Bank Transfer,0.73,True
TX0000567,2023-11-17,2023,Bihar,Rajasthan,ACC993841,ACC307895,7452.26,Trade Invoice Payment,Bank Transfer,0.15,False
TX0000568,2021-04-16,2021,Gujarat,Assam,ACC358026,ACC345589,60357.56,Cash Deposit,Cash,0.21,False
TX0000569,2020-11-11,2020,Telangana,Karnataka,ACC889266,ACC674820,147271.59,Cash Deposit,UPI,0.21,False
TX0000570,2024-01-10,2024,Rajasthan,Telangana,ACC485791,ACC327594,591210.17,Cash Deposit,UPI,0.25,False
TX0000571,2023-03-18,2023,Bihar,Rajasthan,ACC361264,ACC602890,97046.32,Hawala-linked Transfer,Hawala Network,0.56,False
TX0000572,2020-08-17,2020,Rajasthan,Rajasthan,ACC808950,ACC954638,39829.87,Trade Invoice Payment,Hawala Network,0.13,False
TX0000573,2024-06-25,2024,Punjab,Karnataka,ACC580721,ACC267976,15886.0,Trade Invoice Payment,Crypto Exchange,0.12,False
TX0000574,2020-11-25,2020,Gujarat,Bihar,ACC756082,ACC858030,107850.95,Remittance,Cash,0.2,False
TX0000575,2021-12-26,2021,West Bengal,Rajasthan,ACC504811,ACC484140,103198.15,Trade Invoice Payment,Bank Transfer,0.2,False
TX0000576,2019-08-13,2019,Mizoram,Gujarat,ACC694556,ACC296698,109626.18,Hawala-linked Transfer,Cash,0.61,False
TX0000577,2021-08-20,2021,Tamil Nadu,Karnataka,ACC599483,ACC571951,87509.15,Trade Invoice Payment,Cash,0.21,False
TX0000578,2021-11-15,2021,Rajasthan,Punjab,ACC379739,ACC637398,2651497.64,Remittance,Crypto Exchange,0.39,False
TX0000579,2023-06-26,2023,Jammu and Kashmir,Rajasthan,ACC325793,ACC227587,41196.04,Cash Deposit,Cash,0.18,False
TX0000580,2021-08-08,2021,West Bengal,Mizoram,ACC560192,ACC849437,328025.31,Remittance,Crypto Exchange,0.13,False
TX0000581,2020-02-18,2020,Kerala,Maharashtra,ACC891224,ACC401133,63441.84,Remittance,UPI,0.27,False
TX0000582,2022-04-15,2022,Odisha,Odisha,ACC917216,ACC256802,264456.39,Hawala-linked Transfer,Hawala Network,0.53,False
TX0000583,2024-05-15,2024,Maharashtra,Manipur,ACC830391,ACC169675,60678.24,Hawala-linked Transfer,Bank Transfer,0.58,False
TX0000584,2023-02-04,2023,Kerala,Rajasthan,ACC912460,ACC950410,78559.52,Cash Deposit,Hawala Network,0.17,False
TX0000585,2022-01-04,2022,Kerala,Haryana,ACC295766,ACC201309,86642.01,Cash Deposit,Crypto Exchange,0.13,False
TX0000586,2019-10-21,2019,Jammu and Kashmir,Jammu and Kashmir,ACC195255,ACC107817,157945.07,Remittance,Hawala Network,0.19,False
TX0000587,2020-10-12,2020,Uttar Pradesh,Andhra Pradesh,ACC289131,ACC137940,166176.33,Remittance,UPI,0.15,False
TX0000588,2021-05-01,2021,Punjab,Andhra Pradesh,ACC316239,ACC357790,40297.13,Shell Company Transfer,Bank Transfer,0.7,True
TX0000589,2019-02-13,2019,Manipur,Uttar Pradesh,ACC292677,ACC511487,1124703.07,Trade Invoice Payment,Crypto Exchange,0.2,False
TX0000590,2018-02-13,2018,Mizoram,Uttar Pradesh,ACC438999,ACC707749,30534.96,Trade Invoice Payment,Bank Transfer,0.3,False
TX0000591,2023-04-14,2023,Punjab,Punjab,ACC810493,ACC845840,297632.33,Remittance,Bank Transfer,0.1,False
TX0000592,2023-10-01,2023,Madhya Pradesh,Jammu and Kashmir,ACC281189,ACC575518,31715.5,Trade Invoice Payment,Crypto Exchange,0.3,False
TX0000593,2021-03-09,2021,Maharashtra,Maharashtra,ACC699635,ACC772102,20947.99,Trade Invoice Payment,Hawala Network,0.0,False
TX0000594,2018-08-05,2018,Telangana,Odisha,ACC186186,ACC455313,43401.14,Cash Deposit,Crypto Exchange,0.28,False
TX0000595,2021-04-04,2021,Jammu and Kashmir,Odisha,ACC636475,ACC449151,70228.6,Hawala-linked Transfer,Bank Transfer,0.64,False
TX0000596,2022-01-26,2022,Manipur,Haryana,ACC871773,ACC649623,233555.12,Crypto Off-ramp,UPI,0.66,True
TX0000597,2022-11-14,2022,Mizoram,Tamil Nadu,ACC534116,ACC506156,45929.66,Crypto Off-ramp,Bank Transfer,0.7,True
TX0000598,2019-12-10,2019,Odisha,Assam,ACC171455,ACC164695,104532.45,Shell Company Transfer,UPI,0.73,True
TX0000599,2021-09-23,2021,Kerala,West Bengal,ACC927169,ACC425744,42178.18,Trade Invoice Payment,Crypto Exchange,0.11,False
TX0000600,2022-05-05,2022,Delhi,Bihar,ACC425133,ACC232119,92393.7,Remittance,Hawala Network,0.29,False
TX0000601,2021-07-14,2021,Tamil Nadu,Rajasthan,ACC347779,ACC522957,209070.93,Trade Invoice Payment,UPI,0.28,False
TX0000602,2021-02-19,2021,Punjab,Gujarat,ACC184458,ACC385692,362736.07,Trade Invoice Payment,Hawala Network,0.22,False
TX0000603,2018-01-21,2018,Jammu and Kashmir,Kerala,ACC828301,ACC570585,50892.08,Cash Deposit,UPI,0.25,False
TX0000604,2024-08-19,2024,Haryana,Gujarat,ACC659238,ACC991142,21158.77,Shell Company Transfer,Hawala Network,0.71,True
TX0000605,2018-02-03,2018,Karnataka,Madhya Pradesh,ACC103595,ACC872136,219709.63,Shell Company Transfer,Crypto Exchange,0.64,False
TX0000606,2022-12-24,2022,Delhi,Manipur,ACC959161,ACC220383,724810.33,Trade Invoice Payment,UPI,0.24,False
TX0000607,2019-10-23,2019,Tamil Nadu,Andhra Pradesh,ACC897409,ACC290651,19110.34,Trade Invoice Payment,Crypto Exchange,0.26,False
TX0000608,2022-12-14,2022,Assam,Telangana,ACC996003,ACC952518,31164.65,Shell Company Transfer,Crypto Exchange,0.7,True
TX0000609,2019-10-01,2019,Tamil Nadu,Uttar Pradesh,ACC578897,ACC405749,216469.9,Cash Deposit,Cash,0.13,False
TX0000610,2022-11-05,2022,Uttar Pradesh,Andhra Pradesh,ACC693807,ACC484627,24547.55,Trade Invoice Payment,Crypto Exchange,0.16,False
TX0000611,2018-08-18,2018,Uttar Pradesh,Kerala,ACC226551,ACC478786,403864.05,Cash Deposit,UPI,0.24,False
TX0000612,2018-10-18,2018,Manipur,Punjab,ACC922142,ACC610458,30373.47,Hawala-linked Transfer,Cash,0.56,False
TX0000613,2024-11-20,2024,Gujarat,Karnataka,ACC316317,ACC530388,458371.36,Shell Company Transfer,Crypto Exchange,0.7,True
TX0000614,2024-09-20,2024,Odisha,Manipur,ACC432814,ACC240159,109419.7,Remittance,Cash,0.19,False
TX0000615,2022-03-17,2022,Mizoram,Punjab,ACC262776,ACC867044,7879.97,Remittance,Hawala Network,0.14,False
TX0000616,2021-10-11,2021,Uttar Pradesh,Telangana,ACC658334,ACC513210,40309.38,Hawala-linked Transfer,Crypto Exchange,0.75,True
TX0000617,2020-10-24,2020,Rajasthan,Punjab,ACC182230,ACC716609,114245.51,Remittance,Hawala Network,0.26,False
TX0000618,2018-11-19,2018,Andhra Pradesh,Kerala,ACC966926,ACC669379,38954.35,Trade Invoice Payment,Crypto Exchange,0.19,False
TX0000619,2022-04-15,2022,Haryana,Telangana,ACC262370,ACC293224,326444.07,Hawala-linked Transfer,Crypto Exchange,0.7,True
TX0000620,2019-01-18,2019,Odisha,Odisha,ACC429691,ACC222715,680262.42,Cash Deposit,Crypto Exchange,0.1,False
TX0000621,2024-09-09,2024,Tamil Nadu,Assam,ACC281468,ACC716314,224697.13,Remittance,Crypto Exchange,0.15,False
TX0000622,2022-12-01,2022,Delhi,Mizoram,ACC292947,ACC327586,56393.28,Trade Invoice Payment,Crypto Exchange,0.12,False
TX0000623,2022-11-05,2022,Jammu and Kashmir,Mizoram,ACC300460,ACC600150,714906.73,Remittance,Crypto Exchange,0.15,False
TX0000624,2022-10-13,2022,Delhi,Mizoram,ACC857192,ACC744815,34792.25,Cash Deposit,Bank Transfer,0.15,False
TX0000625,2022-01-02,2022,Rajasthan,Rajasthan,ACC325057,ACC191963,107971.18,Trade Invoice Payment,Hawala Network,0.02,False
TX0000626,2020-11-20,2020,Assam,West Bengal,ACC670170,ACC398346,293598.08,Remittance,Crypto Exchange,0.23,False
TX0000627,2020-06-26,2020,Kerala,Assam,ACC902224,ACC431669,15780.93,Remittance,Hawala Network,0.28,False
TX0000628,2022-05-19,2022,West Bengal,Jammu and Kashmir,ACC747380,ACC900250,194057.98,Cash Deposit,Cash,0.12,False
TX0000629,2019-09-23,2019,Punjab,Assam,ACC852240,ACC157593,48047.17,Trade Invoice Payment,Cash,0.29,False
TX0000630,2021-12-20,2021,Madhya Pradesh,Assam,ACC798614,ACC950408,184976.01,Trade Invoice Payment,Cash,0.14,False
TX0000631,2020-07-01,2020,Odisha,Mizoram,ACC910239,ACC335057,254899.57,Hawala-linked Transfer,Crypto Exchange,0.57,False
TX0000632,2023-12-27,2023,Delhi,Odisha,ACC179658,ACC885029,49097.89,Trade Invoice Payment,Crypto Exchange,0.15,False
TX0000633,2019-08-19,2019,Delhi,Assam,ACC269986,ACC496758,152164.6,Remittance,Crypto Exchange,0.27,False
TX0000634,2020-06-03,2020,Assam,Gujarat,ACC653489,ACC268409,38598.76,Remittance,Bank Transfer,0.22,False
TX0000635,2023-12-18,2023,Delhi,West Bengal,ACC543359,ACC739996,136848.43,Trade Invoice Payment,Hawala Network,0.3,False
TX0000636,2023-09-06,2023,Bihar,Assam,ACC225034,ACC325310,10371.27,Trade Invoice Payment,Crypto Exchange,0.19,False
TX0000637,2022-08-26,2022,Telangana,Assam,ACC973678,ACC516721,48668.41,Trade Invoice Payment,Hawala Network,0.19,False
TX0000638,2021-02-25,2021,Uttar Pradesh,Haryana,ACC997887,ACC369558,163251.3,Hawala-linked Transfer,UPI,0.58,False
TX0000639,2023-05-23,2023,Mizoram,Kerala,ACC259604,ACC345643,9911.61,Cash Deposit,UPI,0.24,False
TX0000640,2022-05-01,2022,Mizoram,Tamil Nadu,ACC968995,ACC149087,83632.1,Cash Deposit,UPI,0.27,False
TX0000641,2022-01-12,2022,Andhra Pradesh,Punjab,ACC929696,ACC321761,148604.77,Hawala-linked Transfer,Hawala Network,0.65,True
TX0000642,2018-05-04,2018,Delhi,Tamil Nadu,ACC393239,ACC213803,224871.54,Trade Invoice Payment,Crypto Exchange,0.14,False
TX0000643,2018-03-13,2018,Kerala,Madhya Pradesh,ACC123267,ACC921761,47874.34,Trade Invoice Payment,Cash,0.28,False
TX0000644,2024-01-17,2024,Uttar Pradesh,Punjab,ACC534082,ACC415193,12267.25,Trade Invoice Payment,Crypto Exchange,0.17,False
TX0000645,2019-04-05,2019,Delhi,Telangana,ACC169852,ACC602203,73490.85,Trade Invoice Payment,Hawala Network,0.1,False
TX0000646,2019-06-13,2019,Gujarat,West Bengal,ACC241794,ACC711631,152043.47,Cash Deposit,Bank Transfer,0.16,False
TX0000647,2021-07-16,2021,Mizoram,West Bengal,ACC793865,ACC263550,2426847.89,Cash Deposit,Crypto Exchange,0.54,False
TX0000648,2019-10-07,2019,Haryana,Karnataka,ACC442869,ACC990095,212030.93,Remittance,UPI,0.27,False
TX0000649,2021-06-01,2021,Uttar Pradesh,Odisha,ACC683830,ACC538485,59376.37,Remittance,UPI,0.11,False
TX0000650,2024-11-07,2024,Odisha,Mizoram,ACC672491,ACC395460,3448.45,Cash Deposit,Crypto Exchange,0.21,False
TX0000651,2024-07-19,2024,Uttar Pradesh,Gujarat,ACC640057,ACC197318,6848.97,Trade Invoice Payment,Cash,0.15,False
TX0000652,2023-04-24,2023,Odisha,Assam,ACC666599,ACC112505,78033.37,Trade Invoice Payment,UPI,0.24,False
TX0000653,2022-02-26,2022,Manipur,Mizoram,ACC313268,ACC511193,224514.86,Shell Company Transfer,Bank Transfer,0.62,False
TX0000654,2022-09-09,2022,Assam,Tamil Nadu,ACC282014,ACC716811,167069.92,Shell Company Transfer,Bank Transfer,0.72,True
TX0000655,2024-04-21,2024,Madhya Pradesh,Madhya Pradesh,ACC989184,ACC796237,32016.07,Trade Invoice Payment,Crypto Exchange,0.06,False
TX0000656,2022-01-14,2022,Uttar Pradesh,Mizoram,ACC188609,ACC364756,274751.28,Trade Invoice Payment,UPI,0.22,False
TX0000657,2018-09-01,2018,Maharashtra,Haryana,ACC550704,ACC484006,260903.5,Trade Invoice Payment,UPI,0.1,False
TX0000658,2021-05-11,2021,Uttar Pradesh,Rajasthan,ACC115348,ACC197204,317885.64,Cash Deposit,Crypto Exchange,0.25,False
TX0000659,2019-11-08,2019,Tamil Nadu,Haryana,ACC715939,ACC817952,21361.98,Shell Company Transfer,UPI,0.65,True
TX0000660,2018-06-11,2018,Odisha,Rajasthan,ACC381291,ACC981287,21674.23,Cash Deposit,UPI,0.14,False
TX0000661,2024-02-14,2024,Bihar,Haryana,ACC561238,ACC633189,115807.14,Trade Invoice Payment,Crypto Exchange,0.25,False
TX0000662,2020-05-08,2020,Rajasthan,Tamil Nadu,ACC146667,ACC819371,89414.77,Trade Invoice Payment,Bank Transfer,0.27,False
TX0000663,2020-09-01,2020,Delhi,Delhi,ACC439277,ACC871710,38314.68,Remittance,Bank Transfer,0.08,False
TX0000664,2019-04-26,2019,Maharashtra,Tamil Nadu,ACC184927,ACC248137,34567.04,Shell Company Transfer,Hawala Network,0.75,True
TX0000665,2021-06-08,2021,Delhi,Uttar Pradesh,ACC462669,ACC936425,499549.79,Cash Deposit,Bank Transfer,0.12,False
TX0000666,2019-12-20,2019,Assam,Kerala,ACC232269,ACC282407,110553.84,Cash Deposit,Crypto Exchange,0.18,False
TX0000667,2021-02-01,2021,Telangana,Odisha,ACC817957,ACC783277,113850.25,Trade Invoice Payment,Hawala Network,0.18,False
TX0000668,2022-09-14,2022,Karnataka,Kerala,ACC758547,ACC409211,230828.35,Trade Invoice Payment,Crypto Exchange,0.11,False
TX0000669,2018-10-16,2018,Punjab,Mizoram,ACC719087,ACC196262,77709.83,Trade Invoice Payment,Cash,0.29,False
TX0000670,2019-04-08,2019,Mizoram,Kerala,ACC708251,ACC121107,96299.71,Remittance,Crypto Exchange,0.19,False
TX0000671,2019-05-09,2019,Gujarat,Tamil Nadu,ACC148102,ACC432201,116243.05,Hawala-linked Transfer,Crypto Exchange,0.56,False
TX0000672,2022-12-18,2022,Jammu and Kashmir,Andhra Pradesh,ACC493656,ACC335459,104573.67,Remittance,Hawala Network,0.21,False
TX0000673,2020-09-17,2020,Haryana,West Bengal,ACC301389,ACC545349,148994.29,Remittance,Crypto Exchange,0.25,False
TX0000674,2022-08-03,2022,Jammu and Kashmir,Tamil Nadu,ACC383961,ACC770144,61085.1,Trade Invoice Payment,UPI,0.1,False
TX0000675,2021-10-20,2021,Telangana,Delhi,ACC109373,ACC123245,319017.83,Remittance,Bank Transfer,0.14,False
TX0000676,2023-07-19,2023,Delhi,Maharashtra,ACC179505,ACC442946,58899.16,Trade Invoice Payment,UPI,0.11,False
TX0000677,2018-03-27,2018,Tamil Nadu,Telangana,ACC168689,ACC700698,908077.31,Remittance,Cash,0.29,False
TX0000678,2018-12-06,2018,Telangana,Kerala,ACC247166,ACC783135,15562.11,Cash Deposit,Bank Transfer,0.12,False
TX0000679,2019-11-03,2019,Tamil Nadu,Kerala,ACC552604,ACC111750,282627.4,Remittance,Hawala Network,0.11,False
TX0000680,2020-08-17,2020,Madhya Pradesh,Jammu and Kashmir,ACC129374,ACC241687,870668.75,Remittance,Bank Transfer,0.14,False
TX0000681,2022-02-10,2022,Gujarat,Maharashtra,ACC966425,ACC219722,7600.0,Remittance,Crypto Exchange,0.12,False
TX0000682,2022-10-15,2022,Punjab,Maharashtra,ACC173807,ACC753101,105118.88,Hawala-linked Transfer,Bank Transfer,0.57,False
TX0000683,2018-09-21,2018,Bihar,Delhi,ACC786863,ACC969019,89246.19,Trade Invoice Payment,UPI,0.15,False
TX0000684,2020-09-11,2020,Karnataka,Delhi,ACC705232,ACC541262,25071.25,Trade Invoice Payment,Bank Transfer,0.17,False
TX0000685,2023-01-03,2023,Uttar Pradesh,Tamil Nadu,ACC134302,ACC958381,48386.71,Remittance,Cash,0.18,False
TX0000686,2020-11-01,2020,Rajasthan,Odisha,ACC287443,ACC358619,158725.36,Trade Invoice Payment,Hawala Network,0.2,False
TX0000687,2021-12-18,2021,Madhya Pradesh,Haryana,ACC644191,ACC624473,84897.45,Trade Invoice Payment,Cash,0.25,False
TX0000688,2020-03-03,2020,Maharashtra,Maharashtra,ACC177708,ACC369504,24490.12,Trade Invoice Payment,Hawala Network,0.1,False
TX0000689,2024-08-14,2024,Telangana,Telangana,ACC863812,ACC938945,1099771.77,Remittance,Hawala Network,0.06,False
TX0000690,2019-04-06,2019,Uttar Pradesh,Tamil Nadu,ACC311431,ACC155154,427172.81,Trade Invoice Payment,Hawala Network,0.12,False
TX0000691,2018-03-09,2018,Jammu and Kashmir,Bihar,ACC296505,ACC368835,149367.5,Cash Deposit,Hawala Network,0.29,False
TX0000692,2021-06-10,2021,Assam,Karnataka,ACC877553,ACC503887,83345.68,Cash Deposit,Bank Transfer,0.2,False
TX0000693,2024-08-24,2024,Mizoram,Jammu and Kashmir,ACC987258,ACC217167,70450.14,Shell Company Transfer,Hawala Network,0.75,True
TX0000694,2024-11-15,2024,Delhi,Uttar Pradesh,ACC150662,ACC435011,15244.04,Remittance,UPI,0.21,False
TX0000695,2022-09-19,2022,West Bengal,Rajasthan,ACC379517,ACC685744,44924.77,Shell Company Transfer,Cash,0.72,True
TX0000696,2024-10-21,2024,Gujarat,Assam,ACC822913,ACC489022,83342.03,Trade Invoice Payment,Crypto Exchange,0.2,False
TX0000697,2023-11-25,2023,Jammu and Kashmir,West Bengal,ACC625690,ACC504346,103282.1,Trade Invoice Payment,Hawala Network,0.11,False
TX0000698,2020-01-10,2020,Assam,Tamil Nadu,ACC947060,ACC794049,498648.89,Cash Deposit,Hawala Network,0.19,False
TX0000699,2022-12-14,2022,Mizoram,Manipur,ACC884965,ACC827270,216777.14,Remittance,Crypto Exchange,0.24,False
TX0000700,2024-05-27,2024,Manipur,Haryana,ACC526453,ACC229076,265277.33,Shell Company Transfer,UPI,0.64,False
TX0000701,2023-08-05,2023,Manipur,Odisha,ACC234892,ACC310126,163595.84,Cash Deposit,Bank Transfer,0.16,False
TX0000702,2022-03-21,2022,Bihar,Madhya Pradesh,ACC817432,ACC691724,103330.73,Shell Company Transfer,Hawala Network,0.69,True
TX0000703,2020-09-27,2020,Assam,Assam,ACC688510,ACC654359,348873.66,Trade Invoice Payment,Cash,0.09,False
TX0000704,2024-05-12,2024,Manipur,Andhra Pradesh,ACC193992,ACC675454,10962.76,Cash Deposit,Bank Transfer,0.28,False
TX0000705,2024-11-18,2024,Assam,Gujarat,ACC481226,ACC367378,237456.3,Trade Invoice Payment,UPI,0.26,False
TX0000706,2021-02-07,2021,Manipur,Mizoram,ACC262611,ACC757408,71181.85,Trade Invoice Payment,Bank Transfer,0.28,False
TX0000707,2018-01-26,2018,Manipur,Maharashtra,ACC963734,ACC244966,244124.2,Trade Invoice Payment,Bank Transfer,0.16,False
TX0000708,2019-05-08,2019,Telangana,Jammu and Kashmir,ACC343765,ACC693724,184046.63,Cash Deposit,UPI,0.26,False
TX0000709,2022-01-27,2022,Punjab,Manipur,ACC702821,ACC626567,423428.32,Shell Company Transfer,Bank Transfer,0.57,False
TX0000710,2023-01-25,2023,Karnataka,Punjab,ACC285549,ACC249023,930156.6,Trade Invoice Payment,UPI,0.21,False
TX0000711,2021-01-22,2021,Madhya Pradesh,Madhya Pradesh,ACC817585,ACC372842,156149.63,Cash Deposit,Hawala Network,0.06,False
TX0000712,2019-10-12,2019,Kerala,Assam,ACC816460,ACC983048,82342.95,Remittance,Hawala Network,0.16,False
TX0000713,2021-12-13,2021,Bihar,Delhi,ACC775527,ACC393069,80987.06,Trade Invoice Payment,Cash,0.18,False
TX0000714,2019-09-27,2019,Manipur,Mizoram,ACC318141,ACC780990,340785.78,Trade Invoice Payment,Crypto Exchange,0.28,False
TX0000715,2020-11-20,2020,Assam,Manipur,ACC613596,ACC557391,30731.04,Remittance,Hawala Network,0.16,False
TX0000716,2018-07-20,2018,Bihar,Assam,ACC762125,ACC672529,30175.93,Remittance,Cash,0.24,False
TX0000717,2022-12-07,2022,Kerala,Tamil Nadu,ACC893877,ACC622878,26601.91,Remittance,Hawala Network,0.11,False
TX0000718,2022-05-21,2022,Assam,Madhya Pradesh,ACC423076,ACC948343,555688.3,Remittance,UPI,0.18,False
TX0000719,2022-05-10,2022,Mizoram,Karnataka,ACC340444,ACC645776,45627.53,Remittance,UPI,0.28,False
TX0000720,2024-12-15,2024,Jammu and Kashmir,Madhya Pradesh,ACC474993,ACC691740,331201.8,Remittance,Cash,0.19,False
TX0000721,2018-12-19,2018,Punjab,Odisha,ACC842594,ACC610318,80747.84,Shell Company Transfer,UPI,0.61,False
TX0000722,2021-09-03,2021,West Bengal,Rajasthan,ACC666690,ACC945287,347834.6,Remittance,Crypto Exchange,0.18,False
TX0000723,2019-01-20,2019,Delhi,Maharashtra,ACC692346,ACC397157,2818448.27,Trade Invoice Payment,UPI,0.52,False
TX0000724,2021-08-18,2021,Telangana,Kerala,ACC444058,ACC767324,148112.71,Hawala-linked Transfer,Bank Transfer,0.59,False
TX0000725,2024-10-10,2024,Assam,Madhya Pradesh,ACC641652,ACC888867,144977.54,Hawala-linked Transfer,Cash,0.63,False
TX0000726,2021-06-08,2021,Jammu and Kashmir,Telangana,ACC633833,ACC969760,132683.88,Trade Invoice Payment,Bank Transfer,0.14,False
TX0000727,2020-01-24,2020,Gujarat,Jammu and Kashmir,ACC447038,ACC662249,1754134.3,Trade Invoice Payment,Bank Transfer,0.21,False
TX0000728,2021-11-04,2021,Uttar Pradesh,Gujarat,ACC621027,ACC353190,109891.83,Trade Invoice Payment,Cash,0.23,False
TX0000729,2020-08-16,2020,Haryana,Tamil Nadu,ACC809918,ACC410687,17064.72,Cash Deposit,Crypto Exchange,0.25,False
TX0000730,2022-10-26,2022,Andhra Pradesh,Manipur,ACC485994,ACC565783,447115.15,Remittance,Bank Transfer,0.2,False
TX0000731,2023-11-22,2023,Kerala,Assam,ACC486005,ACC972951,101705.85,Trade Invoice Payment,Bank Transfer,0.2,False
TX0000732,2022-03-08,2022,Assam,Telangana,ACC426155,ACC203656,242309.32,Cash Deposit,Hawala Network,0.24,False
TX0000733,2024-04-05,2024,Bihar,Jammu and Kashmir,ACC175306,ACC557968,19771.52,Remittance,Cash,0.17,False
TX0000734,2022-01-12,2022,Andhra Pradesh,West Bengal,ACC993114,ACC537832,37794.93,Crypto Off-ramp,Hawala Network,0.58,False
TX0000735,2024-04-07,2024,Jammu and Kashmir,Manipur,ACC830460,ACC401196,1499012.56,Trade Invoice Payment,UPI,0.19,False
TX0000736,2019-06-10,2019,Mizoram,Assam,ACC814544,ACC843330,64617.06,Remittance,Crypto Exchange,0.25,False
TX0000737,2019-02-17,2019,Maharashtra,Maharashtra,ACC829683,ACC647282,41762.23,Hawala-linked Transfer,UPI,0.62,False
TX0000738,2019-07-04,2019,Madhya Pradesh,Assam,ACC404560,ACC141475,25569.65,Remittance,UPI,0.12,False
TX0000739,2023-07-17,2023,Andhra Pradesh,Mizoram,ACC463385,ACC853806,66786.64,Shell Company Transfer,Bank Transfer,0.71,True
TX0000740,2023-07-26,2023,Maharashtra,Rajasthan,ACC360533,ACC483520,37763.43,Trade Invoice Payment,Bank Transfer,0.25,False
TX0000741,2021-10-06,2021,Odisha,Manipur,ACC509260,ACC633455,70945.5,Trade Invoice Payment,Crypto Exchange,0.23,False
TX0000742,2022-01-11,2022,Odisha,Bihar,ACC807849,ACC591147,27419.38,Remittance,Crypto Exchange,0.22,False
TX0000743,2023-07-13,2023,West Bengal,Haryana,ACC142068,ACC785759,57154.76,Remittance,UPI,0.22,False
TX0000744,2021-07-09,2021,Tamil Nadu,Andhra Pradesh,ACC483293,ACC443637,101500.05,Hawala-linked Transfer,Cash,0.63,False
TX0000745,2023-09-08,2023,Mizoram,Mizoram,ACC156417,ACC212339,252885.19,Hawala-linked Transfer,Cash,0.53,False
TX0000746,2021-02-27,2021,Haryana,Jammu and Kashmir,ACC665681,ACC921465,11529.46,Shell Company Transfer,Hawala Network,0.71,True
TX0000747,2019-12-14,2019,Kerala,Jammu and Kashmir,ACC216386,ACC358448,125480.53,Cash Deposit,Hawala Network,0.29,False
TX0000748,2022-11-05,2022,Haryana,Odisha,ACC243750,ACC726598,41330.6,Trade Invoice Payment,UPI,0.2,False
TX0000749,2019-02-24,2019,Kerala,Punjab,ACC861838,ACC571824,69184.19,Hawala-linked Transfer,Cash,0.72,True
TX0000750,2019-08-03,2019,Madhya Pradesh,Karnataka,ACC960357,ACC266473,37739.09,Trade Invoice Payment,UPI,0.19,False
TX0000751,2023-12-15,2023,Manipur,Jammu and Kashmir,ACC274115,ACC597067,290480.3,Remittance,Hawala Network,0.3,False
TX0000752,2019-12-02,2019,Punjab,Haryana,ACC857492,ACC937779,996555.79,Remittance,Cash,0.17,False
TX0000753,2024-06-06,2024,Madhya Pradesh,Odisha,ACC225997,ACC845709,10645.24,Cash Deposit,Cash,0.23,False
TX0000754,2023-06-17,2023,Punjab,West Bengal,ACC890635,ACC554275,161552.31,Cash Deposit,Cash,0.14,False
TX0000755,2022-01-27,2022,Jammu and Kashmir,West Bengal,ACC568471,ACC594572,411692.78,Trade Invoice Payment,Hawala Network,0.29,False
TX0000756,2019-04-12,2019,West Bengal,Punjab,ACC245693,ACC759618,10344.42,Trade Invoice Payment,Hawala Network,0.24,False
TX0000757,2018-05-19,2018,West Bengal,Madhya Pradesh,ACC528349,ACC610834,59028.77,Trade Invoice Payment,Hawala Network,0.24,False
TX0000758,2020-09-16,2020,Uttar Pradesh,Bihar,ACC174561,ACC356162,68546.57,Trade Invoice Payment,Hawala Network,0.16,False
TX0000759,2023-04-18,2023,Kerala,Jammu and Kashmir,ACC603720,ACC867483,107153.37,Remittance,Hawala Network,0.13,False
TX0000760,2022-08-25,2022,Andhra Pradesh,Tamil Nadu,ACC469532,ACC251001,231414.89,Trade Invoice Payment,Crypto Exchange,0.29,False
TX0000761,2020-03-18,2020,Bihar,Andhra Pradesh,ACC546961,ACC582112,247610.36,Trade Invoice Payment,Cash,0.13,False
TX0000762,2024-11-14,2024,Odisha,Assam,ACC393096,ACC739224,82290.54,Trade Invoice Payment,Bank Transfer,0.3,False
TX0000763,2021-05-25,2021,Assam,Odisha,ACC601374,ACC504104,257602.22,Trade Invoice Payment,Bank Transfer,0.13,False
TX0000764,2020-02-06,2020,Karnataka,Odisha,ACC889518,ACC828269,407022.73,Shell Company Transfer,Hawala Network,0.7,True
TX0000765,2018-04-27,2018,Kerala,Maharashtra,ACC813374,ACC911641,444839.93,Shell Company Transfer,Hawala Network,0.65,True
TX0000766,2023-03-02,2023,West Bengal,Tamil Nadu,ACC281451,ACC890283,67851.33,Remittance,Cash,0.11,False
TX0000767,2020-06-27,2020,West Bengal,Bihar,ACC368884,ACC325930,1488778.0,Cash Deposit,Hawala Network,0.27,False
TX0000768,2022-01-16,2022,Uttar Pradesh,Assam,ACC118325,ACC978652,88118.23,Remittance,Crypto Exchange,0.14,False
TX0000769,2021-04-19,2021,West Bengal,Haryana,ACC322161,ACC618204,213143.87,Crypto Off-ramp,Crypto Exchange,0.74,True
TX0000770,2019-10-15,2019,Haryana,Gujarat,ACC882810,ACC438857,16030.0,Shell Company Transfer,Cash,0.63,False
TX0000771,2019-12-20,2019,Delhi,Manipur,ACC705252,ACC517872,84975.27,Cash Deposit,UPI,0.19,False
TX0000772,2022-11-04,2022,Uttar Pradesh,Jammu and Kashmir,ACC471956,ACC104255,104946.4,Trade Invoice Payment,UPI,0.21,False
TX0000773,2022-10-06,2022,Maharashtra,Madhya Pradesh,ACC964549,ACC893000,169010.63,Trade Invoice Payment,Hawala Network,0.2,False
TX0000774,2020-05-14,2020,Mizoram,Odisha,ACC479738,ACC253883,33974.89,Trade Invoice Payment,Bank Transfer,0.2,False
TX0000775,2022-05-14,2022,Uttar Pradesh,Gujarat,ACC654686,ACC584753,329760.94,Hawala-linked Transfer,Cash,0.73,True
TX0000776,2019-03-21,2019,Jammu and Kashmir,Assam,ACC955857,ACC548619,17856.66,Cash Deposit,Crypto Exchange,0.14,False
TX0000777,2018-10-11,2018,Gujarat,Andhra Pradesh,ACC973084,ACC388128,96481.68,Hawala-linked Transfer,Cash,0.58,False
TX0000778,2021-12-15,2021,Haryana,Bihar,ACC309566,ACC895054,169622.69,Trade Invoice Payment,UPI,0.14,False
TX0000779,2022-05-08,2022,Gujarat,Andhra Pradesh,ACC649864,ACC530224,60369.51,Cash Deposit,UPI,0.16,False
TX0000780,2019-06-04,2019,West Bengal,Maharashtra,ACC284535,ACC293855,81328.14,Trade Invoice Payment,Cash,0.3,False
TX0000781,2023-08-13,2023,Uttar Pradesh,Gujarat,ACC930101,ACC434283,161739.02,Remittance,Cash,0.16,False
TX0000782,2021-10-14,2021,Kerala,Mizoram,ACC987892,ACC456238,84467.35,Trade Invoice Payment,Bank Transfer,0.28,False
TX0000783,2021-11-18,2021,Odisha,Assam,ACC593959,ACC124514,59178.3,Shell Company Transfer,Cash,0.57,False
TX0000784,2024-10-03,2024,Odisha,Bihar,ACC425645,ACC809642,17728.17,Trade Invoice Payment,Crypto Exchange,0.21,False
TX0000785,2019-04-18,2019,Haryana,Jammu and Kashmir,ACC603582,ACC413024,232603.43,Cash Deposit,UPI,0.29,False
TX0000786,2019-12-12,2019,Tamil Nadu,Delhi,ACC611943,ACC928033,16948.39,Cash Deposit,UPI,0.16,False
TX0000787,2020-03-14,2020,Jammu and Kashmir,West Bengal,ACC359213,ACC211922,8313.96,Cash Deposit,Bank Transfer,0.17,False
TX0000788,2021-10-18,2021,Andhra Pradesh,Uttar Pradesh,ACC699036,ACC139601,528379.59,Hawala-linked Transfer,Hawala Network,0.56,False
TX0000789,2018-04-12,2018,Maharashtra,Bihar,ACC885683,ACC603888,104801.15,Trade Invoice Payment,Crypto Exchange,0.27,False
TX0000790,2024-11-09,2024,Haryana,Odisha,ACC225873,ACC687251,55314.13,Remittance,Hawala Network,0.2,False
TX0000791,2018-02-18,2018,Telangana,Odisha,ACC805029,ACC967002,89893.62,Remittance,Crypto Exchange,0.27,False
TX0000792,2020-02-13,2020,Mizoram,West Bengal,ACC966416,ACC225603,14066.05,Hawala-linked Transfer,Crypto Exchange,0.62,False
TX0000793,2018-02-06,2018,Assam,Punjab,ACC162350,ACC964254,805346.31,Trade Invoice Payment,Hawala Network,0.11,False
TX0000794,2018-02-24,2018,Bihar,Karnataka,ACC444410,ACC307163,9176.67,Shell Company Transfer,Crypto Exchange,0.74,True
TX0000795,2018-07-05,2018,Punjab,Mizoram,ACC519751,ACC933994,41978.18,Trade Invoice Payment,UPI,0.21,False
TX0000796,2022-01-02,2022,Mizoram,Odisha,ACC927082,ACC413144,184799.67,Trade Invoice Payment,Bank Transfer,0.23,False
TX0000797,2022-04-21,2022,Telangana,Haryana,ACC203163,ACC302383,29568.62,Hawala-linked Transfer,UPI,0.63,False
TX0000798,2020-02-18,2020,Telangana,Jammu and Kashmir,ACC172994,ACC666132,71845.92,Hawala-linked Transfer,Bank Transfer,0.68,True
TX0000799,2018-12-17,2018,Punjab,Rajasthan,ACC857497,ACC884063,174059.18,Remittance,Cash,0.23,False
TX0000800,2021-12-13,2021,Manipur,Odisha,ACC874446,ACC855766,113360.24,Trade Invoice Payment,Cash,0.12,False
TX0000801,2018-01-27,2018,Bihar,Uttar Pradesh,ACC131480,ACC469471,613387.9,Shell Company Transfer,Cash,0.63,False
TX0000802,2022-02-02,2022,Telangana,Punjab,ACC277632,ACC368944,72142.95,Shell Company Transfer,UPI,0.75,True
TX0000803,2020-04-18,2020,Assam,Kerala,ACC573965,ACC101577,24121.87,Remittance,Hawala Network,0.11,False
TX0000804,2020-02-08,2020,West Bengal,Punjab,ACC656492,ACC877651,465016.49,Hawala-linked Transfer,Crypto Exchange,0.66,True
TX0000805,2020-11-06,2020,Madhya Pradesh,Uttar Pradesh,ACC965181,ACC213241,17364.34,Trade Invoice Payment,Cash,0.28,False
TX0000806,2020-10-04,2020,Punjab,Rajasthan,ACC847842,ACC717207,76613.27,Remittance,Crypto Exchange,0.11,False
TX0000807,2018-03-20,2018,Madhya Pradesh,Telangana,ACC906290,ACC304781,8735.6,Trade Invoice Payment,Hawala Network,0.21,False
TX0000808,2018-07-02,2018,Jammu and Kashmir,Mizoram,ACC279318,ACC718345,79882.8,Trade Invoice Payment,UPI,0.11,False
TX0000809,2019-08-01,2019,Tamil Nadu,Uttar Pradesh,ACC348607,ACC663707,1435972.36,Hawala-linked Transfer,Bank Transfer,0.7,True
TX0000810,2020-11-03,2020,Manipur,Haryana,ACC806569,ACC578670,89363.82,Trade Invoice Payment,Bank Transfer,0.24,False
TX0000811,2022-10-08,2022,Rajasthan,Andhra Pradesh,ACC688169,ACC804469,74346.6,Cash Deposit,UPI,0.14,False
TX0000812,2022-12-12,2022,Uttar Pradesh,West Bengal,ACC703718,ACC862889,58394.1,Remittance,UPI,0.22,False
TX0000813,2023-03-25,2023,Odisha,Jammu and Kashmir,ACC651082,ACC718217,869118.91,Trade Invoice Payment,Bank Transfer,0.17,False
TX0000814,2021-08-27,2021,Delhi,Tamil Nadu,ACC940038,ACC244398,1613349.16,Remittance,Crypto Exchange,0.26,False
TX0000815,2021-09-27,2021,Delhi,Karnataka,ACC900270,ACC795984,168390.31,Trade Invoice Payment,Bank Transfer,0.25,False
TX0000816,2023-04-08,2023,Madhya Pradesh,Bihar,ACC989833,ACC319787,39571.45,Crypto Off-ramp,Bank Transfer,0.67,True
TX0000817,2019-02-01,2019,Manipur,Delhi,ACC565446,ACC971618,285757.02,Trade Invoice Payment,UPI,0.11,False
TX0000818,2024-11-09,2024,Mizoram,Haryana,ACC134280,ACC183620,3964.13,Remittance,Bank Transfer,0.24,False
TX0000819,2022-11-18,2022,Assam,Bihar,ACC265574,ACC872412,561149.9,Shell Company Transfer,Bank Transfer,0.68,True
TX0000820,2023-08-20,2023,Rajasthan,Gujarat,ACC489407,ACC910000,99318.55,Crypto Off-ramp,Hawala Network,0.66,True
TX0000821,2021-04-15,2021,Andhra Pradesh,Bihar,ACC426953,ACC909306,12983.15,Remittance,UPI,0.26,False
TX0000822,2022-04-08,2022,Gujarat,Madhya Pradesh,ACC948635,ACC888061,129477.71,Trade Invoice Payment,UPI,0.24,False
TX0000823,2020-03-21,2020,Karnataka,Andhra Pradesh,ACC557672,ACC765882,294801.01,Hawala-linked Transfer,Cash,0.58,False
TX0000824,2018-03-27,2018,Telangana,Gujarat,ACC842882,ACC613453,97619.86,Crypto Off-ramp,UPI,0.63,False
TX0000825,2021-08-20,2021,West Bengal,Kerala,ACC615974,ACC656742,79148.14,Remittance,Bank Transfer,0.2,False
TX0000826,2022-03-17,2022,Jammu and Kashmir,Rajasthan,ACC971636,ACC271755,18914.01,Shell Company Transfer,Crypto Exchange,0.58,False
TX0000827,2019-05-24,2019,Telangana,Tamil Nadu,ACC291860,ACC563189,247740.43,Trade Invoice Payment,Bank Transfer,0.24,False
TX0000828,2023-11-21,2023,Punjab,Odisha,ACC179597,ACC432798,52158.87,Shell Company Transfer,Crypto Exchange,0.65,True
TX0000829,2019-07-13,2019,Mizoram,Mizoram,ACC726993,ACC778674,1938.19,Trade Invoice Payment,Crypto Exchange,0.17,False
TX0000830,2018-09-10,2018,Punjab,Tamil Nadu,ACC891088,ACC227473,3447.75,Trade Invoice Payment,Crypto Exchange,0.17,False
TX0000831,2022-03-07,2022,Odisha,Mizoram,ACC625299,ACC682310,30352.97,Remittance,Bank Transfer,0.26,False
TX0000832,2023-02-21,2023,Madhya Pradesh,Haryana,ACC696710,ACC835391,424767.18,Trade Invoice Payment,Hawala Network,0.27,False
TX0000833,2023-02-12,2023,Tamil Nadu,West Bengal,ACC819629,ACC379933,27182.87,Trade Invoice Payment,Cash,0.19,False
TX0000834,2019-10-05,2019,Kerala,Madhya Pradesh,ACC426970,ACC923052,1999766.63,Cash Deposit,Cash,0.27,False
TX0000835,2019-08-23,2019,Gujarat,Punjab,ACC350472,ACC540313,78715.16,Trade Invoice Payment,Hawala Network,0.23,False
TX0000836,2019-06-18,2019,Gujarat,Jammu and Kashmir,ACC248361,ACC447916,66138.71,Shell Company Transfer,Cash,0.73,True
TX0000837,2024-11-03,2024,Gujarat,Haryana,ACC888932,ACC720707,15663.02,Trade Invoice Payment,Bank Transfer,0.27,False
TX0000838,2021-05-19,2021,Rajasthan,Odisha,ACC714513,ACC218266,10631.12,Trade Invoice Payment,Hawala Network,0.22,False
TX0000839,2019-11-07,2019,Gujarat,Odisha,ACC462535,ACC809497,53971.44,Trade Invoice Payment,Hawala Network,0.19,False
TX0000840,2019-05-07,2019,Assam,Odisha,ACC420118,ACC452545,357546.58,Remittance,Crypto Exchange,0.26,False
TX0000841,2018-12-06,2018,Delhi,Madhya Pradesh,ACC131280,ACC675498,67999.68,Remittance,UPI,0.22,False
TX0000842,2020-05-04,2020,Haryana,Andhra Pradesh,ACC800729,ACC388460,39537.22,Remittance,Hawala Network,0.29,False
TX0000843,2021-01-18,2021,Odisha,Kerala,ACC126028,ACC191143,26112.76,Cash Deposit,Cash,0.27,False
TX0000844,2018-05-24,2018,Madhya Pradesh,Manipur,ACC713860,ACC284098,196900.21,Shell Company Transfer,Cash,0.69,True
TX0000845,2020-07-22,2020,Manipur,Rajasthan,ACC658479,ACC497317,187017.22,Remittance,Cash,0.12,False
TX0000846,2020-10-23,2020,Haryana,West Bengal,ACC990044,ACC334019,67570.06,Shell Company Transfer,Bank Transfer,0.74,True
TX0000847,2023-03-06,2023,Bihar,Jammu and Kashmir,ACC674934,ACC232046,164182.62,Cash Deposit,Cash,0.16,False
TX0000848,2023-11-16,2023,Haryana,Assam,ACC802758,ACC568724,708429.29,Remittance,Cash,0.23,False
TX0000849,2024-02-19,2024,Tamil Nadu,Telangana,ACC595691,ACC650032,252306.51,Trade Invoice Payment,Cash,0.26,False
TX0000850,2022-08-05,2022,Jammu and Kashmir,Manipur,ACC302753,ACC799559,19937.07,Hawala-linked Transfer,Cash,0.72,True
TX0000851,2021-11-17,2021,Uttar Pradesh,Kerala,ACC557148,ACC211429,28339.78,Hawala-linked Transfer,UPI,0.65,True
TX0000852,2024-11-01,2024,Kerala,Punjab,ACC923771,ACC447142,23966.02,Cash Deposit,Crypto Exchange,0.26,False
TX0000853,2021-03-20,2021,Andhra Pradesh,Odisha,ACC381125,ACC846760,35604.18,Cash Deposit,Bank Transfer,0.21,False
TX0000854,2021-06-09,2021,Manipur,Gujarat,ACC919818,ACC770984,78652.03,Remittance,Hawala Network,0.3,False
TX0000855,2022-01-06,2022,Karnataka,Karnataka,ACC927631,ACC530316,22184.34,Remittance,UPI,0.07,False
TX0000856,2021-11-10,2021,Delhi,Andhra Pradesh,ACC726442,ACC544751,42867.4,Trade Invoice Payment,UPI,0.14,False
TX0000857,2018-04-11,2018,Gujarat,Kerala,ACC431716,ACC208808,217894.35,Remittance,Hawala Network,0.24,False
TX0000858,2019-10-12,2019,Kerala,Uttar Pradesh,ACC689749,ACC365148,127201.43,Remittance,UPI,0.12,False
TX0000859,2024-01-16,2024,Madhya Pradesh,Telangana,ACC713284,ACC962679,96536.26,Trade Invoice Payment,Crypto Exchange,0.27,False
TX0000860,2019-01-15,2019,Telangana,Assam,ACC246052,ACC126080,19911.66,Hawala-linked Transfer,Hawala Network,0.64,False
TX0000861,2020-03-23,2020,Uttar Pradesh,West Bengal,ACC713917,ACC153966,37422.04,Cash Deposit,UPI,0.24,False
TX0000862,2019-03-22,2019,Telangana,Punjab,ACC256010,ACC953069,215561.15,Remittance,Crypto Exchange,0.13,False
TX0000863,2019-11-08,2019,Rajasthan,Tamil Nadu,ACC445151,ACC420244,1103439.54,Trade Invoice Payment,Crypto Exchange,0.28,False
TX0000864,2022-12-10,2022,Gujarat,Kerala,ACC999285,ACC695480,96361.14,Remittance,Crypto Exchange,0.11,False
TX0000865,2021-05-09,2021,Delhi,West Bengal,ACC909183,ACC297861,204476.13,Trade Invoice Payment,Cash,0.12,False
TX0000866,2018-04-01,2018,Tamil Nadu,Karnataka,ACC401901,ACC736934,73604.19,Trade Invoice Payment,UPI,0.23,False
TX0000867,2018-11-24,2018,Andhra Pradesh,Rajasthan,ACC770593,ACC999685,409795.94,Remittance,UPI,0.19,False
TX0000868,2022-12-10,2022,Gujarat,Rajasthan,ACC143595,ACC397622,1735.85,Cash Deposit,Hawala Network,0.23,False
TX0000869,2021-09-01,2021,Kerala,Assam,ACC142195,ACC194455,12997.35,Crypto Off-ramp,UPI,0.69,True
TX0000870,2023-04-12,2023,Jammu and Kashmir,Manipur,ACC610128,ACC417600,211325.33,Remittance,Cash,0.27,False
TX0000871,2022-09-09,2022,Telangana,West Bengal,ACC198635,ACC249324,89729.14,Hawala-linked Transfer,Cash,0.61,False
TX0000872,2022-03-23,2022,Punjab,Haryana,ACC956742,ACC831244,142896.16,Cash Deposit,Hawala Network,0.19,False
TX0000873,2019-06-14,2019,Kerala,Haryana,ACC160496,ACC823390,168637.52,Remittance,UPI,0.22,False
TX0000874,2018-07-11,2018,Haryana,Haryana,ACC505516,ACC866387,166537.61,Crypto Off-ramp,Cash,0.51,False
TX0000875,2024-09-09,2024,Gujarat,Karnataka,ACC629494,ACC850167,83267.61,Crypto Off-ramp,Bank Transfer,0.57,False
TX0000876,2022-09-21,2022,Delhi,Kerala,ACC611222,ACC572758,28149.18,Remittance,Cash,0.22,False
TX0000877,2021-10-21,2021,Bihar,Tamil Nadu,ACC524702,ACC248611,160337.04,Trade Invoice Payment,Hawala Network,0.2,False
TX0000878,2023-02-21,2023,Madhya Pradesh,Madhya Pradesh,ACC620748,ACC417505,45053.66,Remittance,Bank Transfer,0.17,False
TX0000879,2021-06-08,2021,Manipur,Telangana,ACC953470,ACC288325,64038.86,Shell Company Transfer,UPI,0.74,True
TX0000880,2023-07-13,2023,Assam,Tamil Nadu,ACC779371,ACC538712,169474.41,Remittance,Crypto Exchange,0.24,False
TX0000881,2018-08-18,2018,Andhra Pradesh,Maharashtra,ACC967075,ACC408557,137273.48,Cash Deposit,UPI,0.18,False
TX0000882,2024-01-21,2024,Andhra Pradesh,Uttar Pradesh,ACC783566,ACC465778,73392.2,Trade Invoice Payment,Crypto Exchange,0.29,False
TX0000883,2023-06-20,2023,Bihar,Karnataka,ACC428129,ACC648064,55737.23,Trade Invoice Payment,UPI,0.19,False
TX0000884,2021-10-11,2021,Rajasthan,Uttar Pradesh,ACC923930,ACC197353,229723.26,Cash Deposit,Crypto Exchange,0.1,False
TX0000885,2021-11-16,2021,Jammu and Kashmir,Kerala,ACC493198,ACC495170,83987.02,Remittance,Cash,0.12,False
TX0000886,2022-10-09,2022,Assam,Uttar Pradesh,ACC879890,ACC913761,88483.58,Trade Invoice Payment,UPI,0.1,False
TX0000887,2019-04-24,2019,Gujarat,Rajasthan,ACC783346,ACC988501,31546.36,Trade Invoice Payment,UPI,0.13,False
TX0000888,2021-04-22,2021,Andhra Pradesh,Uttar Pradesh,ACC279692,ACC444770,28143.03,Trade Invoice Payment,Bank Transfer,0.14,False
TX0000889,2023-02-07,2023,Mizoram,Kerala,ACC649056,ACC946028,117448.12,Crypto Off-ramp,Bank Transfer,0.6,False
TX0000890,2024-10-17,2024,Karnataka,Madhya Pradesh,ACC170857,ACC159994,229073.87,Shell Company Transfer,Hawala Network,0.6,False
TX0000891,2018-12-02,2018,Madhya Pradesh,Delhi,ACC668578,ACC405865,31223.26,Trade Invoice Payment,Bank Transfer,0.22,False
TX0000892,2024-11-19,2024,Manipur,Haryana,ACC221139,ACC656453,84782.72,Trade Invoice Payment,Hawala Network,0.26,False
TX0000893,2020-06-23,2020,Gujarat,Odisha,ACC971966,ACC378747,164922.96,Cash Deposit,Hawala Network,0.22,False
TX0000894,2018-04-01,2018,Jammu and Kashmir,Uttar Pradesh,ACC966895,ACC991921,154183.24,Cash Deposit,Hawala Network,0.27,False
TX0000895,2021-02-12,2021,Maharashtra,Jammu and Kashmir,ACC859771,ACC437066,735418.66,Remittance,Cash,0.24,False
TX0000896,2022-02-01,2022,Madhya Pradesh,Odisha,ACC158680,ACC244118,457593.28,Trade Invoice Payment,Cash,0.26,False
TX0000897,2020-10-15,2020,West Bengal,Delhi,ACC893269,ACC376113,102932.04,Trade Invoice Payment,Hawala Network,0.15,False
TX0000898,2021-10-23,2021,Gujarat,Assam,ACC578559,ACC612904,656439.72,Trade Invoice Payment,UPI,0.16,False
TX0000899,2022-02-01,2022,Kerala,Odisha,ACC885642,ACC924178,126968.28,Trade Invoice Payment,UPI,0.17,False
TX0000900,2020-12-10,2020,Andhra Pradesh,Gujarat,ACC868863,ACC595172,387939.07,Trade Invoice Payment,Hawala Network,0.21,False
TX0000901,2018-05-03,2018,Uttar Pradesh,Assam,ACC432679,ACC970802,195819.26,Crypto Off-ramp,Hawala Network,0.73,True
TX0000902,2018-05-25,2018,Mizoram,Karnataka,ACC716300,ACC225777,7986.67,Trade Invoice Payment,Cash,0.2,False
TX0000903,2019-02-20,2019,Rajasthan,Manipur,ACC718142,ACC663204,35656.58,Crypto Off-ramp,UPI,0.66,True
TX0000904,2024-01-09,2024,Manipur,Bihar,ACC339630,ACC746128,9997.04,Remittance,Bank Transfer,0.11,False
TX0000905,2023-06-17,2023,Karnataka,Uttar Pradesh,ACC196524,ACC859897,26888.73,Trade Invoice Payment,Cash,0.13,False
TX0000906,2021-07-11,2021,Odisha,Delhi,ACC313408,ACC730804,111093.2,Trade Invoice Payment,Cash,0.22,False
TX0000907,2024-12-06,2024,Delhi,Rajasthan,ACC394327,ACC525076,72926.8,Remittance,Bank Transfer,0.11,False
TX0000908,2021-09-04,2021,Bihar,Kerala,ACC363922,ACC422386,48621.36,Trade Invoice Payment,Bank Transfer,0.23,False
TX0000909,2023-04-18,2023,Assam,Rajasthan,ACC933786,ACC414282,428484.05,Trade Invoice Payment,Bank Transfer,0.27,False
TX0000910,2021-09-15,2021,Assam,West Bengal,ACC282119,ACC312848,611561.69,Remittance,Bank Transfer,0.15,False
TX0000911,2022-04-19,2022,Odisha,Delhi,ACC613207,ACC596493,176554.51,Trade Invoice Payment,Cash,0.11,False
TX0000912,2021-02-19,2021,West Bengal,Madhya Pradesh,ACC686962,ACC612398,132300.37,Cash Deposit,Cash,0.11,False
TX0000913,2020-10-12,2020,Andhra Pradesh,Bihar,ACC578401,ACC813352,62852.45,Remittance,Bank Transfer,0.13,False
TX0000914,2021-10-09,2021,Telangana,Assam,ACC800452,ACC422769,379452.15,Trade Invoice Payment,Cash,0.15,False
TX0000915,2018-12-09,2018,Punjab,Mizoram,ACC319570,ACC641787,176242.56,Shell Company Transfer,Crypto Exchange,0.57,False
TX0000916,2021-10-12,2021,Jammu and Kashmir,Gujarat,ACC614959,ACC837563,22977.61,Remittance,Crypto Exchange,0.16,False
TX0000917,2018-06-22,2018,Madhya Pradesh,Mizoram,ACC141846,ACC858751,103150.31,Trade Invoice Payment,Cash,0.15,False
TX0000918,2018-08-19,2018,Andhra Pradesh,Bihar,ACC456942,ACC990116,125435.0,Trade Invoice Payment,UPI,0.19,False
TX0000919,2020-10-09,2020,Kerala,Jammu and Kashmir,ACC778650,ACC543054,85494.87,Hawala-linked Transfer,Cash,0.63,False
TX0000920,2024-08-15,2024,Karnataka,Karnataka,ACC287845,ACC204062,495928.88,Crypto Off-ramp,Cash,0.59,False
TX0000921,2019-04-22,2019,Mizoram,Telangana,ACC270600,ACC211714,72599.77,Remittance,Hawala Network,0.1,False
TX0000922,2018-11-03,2018,Tamil Nadu,Rajasthan,ACC929639,ACC587949,151424.92,Trade Invoice Payment,Bank Transfer,0.19,False
TX0000923,2020-07-11,2020,Mizoram,Maharashtra,ACC430437,ACC354213,112733.42,Hawala-linked Transfer,Hawala Network,0.73,True
TX0000924,2019-11-06,2019,Tamil Nadu,Gujarat,ACC430893,ACC543712,40383.96,Trade Invoice Payment,Bank Transfer,0.1,False
TX0000925,2020-07-22,2020,Maharashtra,Tamil Nadu,ACC613479,ACC721095,15572.27,Trade Invoice Payment,Cash,0.23,False
TX0000926,2022-04-18,2022,Madhya Pradesh,Bihar,ACC956058,ACC400135,635412.44,Remittance,Hawala Network,0.26,False
TX0000927,2024-05-20,2024,Bihar,Karnataka,ACC842769,ACC512250,131526.05,Cash Deposit,Crypto Exchange,0.11,False
TX0000928,2020-06-12,2020,Andhra Pradesh,Uttar Pradesh,ACC328796,ACC265752,152257.52,Trade Invoice Payment,Bank Transfer,0.25,False
TX0000929,2019-10-18,2019,Uttar Pradesh,Kerala,ACC659233,ACC853030,36765.62,Trade Invoice Payment,Crypto Exchange,0.2,False
TX0000930,2019-05-27,2019,West Bengal,Telangana,ACC508046,ACC551521,28358.66,Hawala-linked Transfer,UPI,0.63,False
TX0000931,2022-05-02,2022,Mizoram,Madhya Pradesh,ACC945638,ACC217200,336789.91,Cash Deposit,Cash,0.14,False
TX0000932,2019-11-06,2019,Karnataka,Jammu and Kashmir,ACC488528,ACC759200,338365.42,Trade Invoice Payment,Cash,0.26,False
TX0000933,2022-04-02,2022,Kerala,Karnataka,ACC355492,ACC400103,18389.31,Remittance,Cash,0.27,False
TX0000934,2022-07-05,2022,Bihar,Gujarat,ACC424880,ACC170913,35738.85,Remittance,Crypto Exchange,0.22,False
TX0000935,2021-08-10,2021,Delhi,Manipur,ACC699895,ACC448504,18981.57,Shell Company Transfer,Bank Transfer,0.59,False
TX0000936,2020-09-15,2020,Jammu and Kashmir,Tamil Nadu,ACC742919,ACC262274,290794.98,Trade Invoice Payment,Cash,0.26,False
TX0000937,2022-07-27,2022,Karnataka,Madhya Pradesh,ACC384844,ACC102892,68881.71,Trade Invoice Payment,UPI,0.16,False
TX0000938,2022-07-13,2022,Jammu and Kashmir,Tamil Nadu,ACC916287,ACC515037,7049.17,Shell Company Transfer,Crypto Exchange,0.62,False
TX0000939,2023-05-13,2023,Manipur,Delhi,ACC757110,ACC374953,325645.89,Cash Deposit,Hawala Network,0.23,False
TX0000940,2021-01-27,2021,Telangana,Andhra Pradesh,ACC508021,ACC499618,167235.88,Hawala-linked Transfer,Cash,0.69,True
TX0000941,2018-11-25,2018,Haryana,Andhra Pradesh,ACC247095,ACC687288,904831.67,Cash Deposit,Crypto Exchange,0.25,False
TX0000942,2024-11-22,2024,Karnataka,Assam,ACC186805,ACC314368,61660.85,Trade Invoice Payment,Hawala Network,0.14,False
TX0000943,2019-07-02,2019,Madhya Pradesh,Mizoram,ACC295771,ACC981817,347265.33,Shell Company Transfer,Cash,0.68,True
TX0000944,2021-12-08,2021,Telangana,Tamil Nadu,ACC986666,ACC945494,196429.45,Hawala-linked Transfer,Hawala Network,0.63,False
TX0000945,2021-01-27,2021,Kerala,Odisha,ACC999115,ACC127411,26759.06,Trade Invoice Payment,Cash,0.27,False
TX0000946,2019-07-13,2019,Manipur,Haryana,ACC714561,ACC230151,166204.86,Cash Deposit,UPI,0.25,False
TX0000947,2021-06-22,2021,Haryana,Delhi,ACC119817,ACC976308,58154.06,Trade Invoice Payment,Cash,0.28,False
TX0000948,2020-06-13,2020,Odisha,Tamil Nadu,ACC322729,ACC212503,410665.26,Trade Invoice Payment,UPI,0.23,False
TX0000949,2023-06-15,2023,Gujarat,Jammu and Kashmir,ACC362001,ACC959588,290695.51,Remittance,Crypto Exchange,0.17,False
TX0000950,2021-08-14,2021,Telangana,Madhya Pradesh,ACC670006,ACC368183,26916.43,Cash Deposit,Crypto Exchange,0.24,False
TX0000951,2019-02-13,2019,Bihar,Rajasthan,ACC421181,ACC134868,432334.29,Cash Deposit,Cash,0.2,False
TX0000952,2020-01-11,2020,Odisha,Mizoram,ACC871931,ACC968982,24668.78,Shell Company Transfer,Crypto Exchange,0.55,False
TX0000953,2024-08-24,2024,West Bengal,Assam,ACC116249,ACC336697,3227.75,Remittance,UPI,0.23,False
TX0000954,2020-08-26,2020,Karnataka,Rajasthan,ACC286573,ACC567699,436509.48,Trade Invoice Payment,Hawala Network,0.22,False
TX0000955,2018-05-13,2018,Andhra Pradesh,Maharashtra,ACC442769,ACC779473,292652.36,Hawala-linked Transfer,UPI,0.57,False
TX0000956,2021-05-14,2021,Punjab,Assam,ACC694203,ACC303612,456030.96,Shell Company Transfer,UPI,0.67,True
TX0000957,2020-01-22,2020,Andhra Pradesh,Manipur,ACC463988,ACC650256,304731.85,Cash Deposit,Crypto Exchange,0.21,False
TX0000958,2019-03-14,2019,Maharashtra,Uttar Pradesh,ACC774009,ACC633820,7393.63,Trade Invoice Payment,Bank Transfer,0.16,False
TX0000959,2022-08-20,2022,Andhra Pradesh,Delhi,ACC426168,ACC928311,2614354.1,Trade Invoice Payment,Cash,0.53,False
TX0000960,2022-04-16,2022,Andhra Pradesh,Odisha,ACC963361,ACC343685,60849.16,Shell Company Transfer,Crypto Exchange,0.58,False
TX0000961,2022-10-08,2022,Bihar,Gujarat,ACC577071,ACC479062,139836.24,Trade Invoice Payment,Bank Transfer,0.24,False
TX0000962,2018-06-18,2018,Tamil Nadu,Tamil Nadu,ACC994179,ACC878042,268036.15,Trade Invoice Payment,Cash,0.15,False
TX0000963,2019-08-13,2019,West Bengal,Madhya Pradesh,ACC970013,ACC559287,1046872.32,Remittance,Bank Transfer,0.29,False
TX0000964,2022-12-14,2022,Delhi,Gujarat,ACC745086,ACC245744,55879.16,Remittance,Cash,0.1,False
TX0000965,2024-02-22,2024,Andhra Pradesh,Punjab,ACC233732,ACC229637,27690.04,Hawala-linked Transfer,Cash,0.64,False
TX0000966,2024-10-15,2024,Haryana,Karnataka,ACC981740,ACC445814,51445.19,Cash Deposit,Crypto Exchange,0.12,False
TX0000967,2021-04-16,2021,Andhra Pradesh,Haryana,ACC381883,ACC445721,78166.75,Remittance,Hawala Network,0.19,False
TX0000968,2019-05-09,2019,Gujarat,Tamil Nadu,ACC725504,ACC180608,36825.34,Trade Invoice Payment,Crypto Exchange,0.23,False
TX0000969,2021-02-13,2021,Telangana,Rajasthan,ACC624293,ACC748653,31279.14,Trade Invoice Payment,Hawala Network,0.21,False
TX0000970,2022-11-14,2022,Gujarat,Assam,ACC877077,ACC620267,160741.76,Trade Invoice Payment,Crypto Exchange,0.12,False
TX0000971,2022-02-02,2022,Uttar Pradesh,Assam,ACC435271,ACC557324,72838.38,Cash Deposit,Bank Transfer,0.25,False
TX0000972,2023-10-08,2023,Rajasthan,Telangana,ACC967368,ACC694518,100719.37,Remittance,Crypto Exchange,0.24,False
TX0000973,2021-10-19,2021,Andhra Pradesh,Kerala,ACC574893,ACC919601,240116.94,Shell Company Transfer,UPI,0.68,True
TX0000974,2024-07-02,2024,Rajasthan,Telangana,ACC802936,ACC449867,38115.86,Shell Company Transfer,Crypto Exchange,0.67,True
TX0000975,2021-09-11,2021,Maharashtra,Haryana,ACC207786,ACC724897,172483.1,Remittance,Bank Transfer,0.25,False
TX0000976,2022-10-08,2022,Jammu and Kashmir,Tamil Nadu,ACC475442,ACC288074,42355.09,Cash Deposit,Hawala Network,0.21,False
TX0000977,2021-01-18,2021,Punjab,Bihar,ACC843368,ACC835194,45761.98,Remittance,Cash,0.28,False
TX0000978,2021-04-06,2021,Uttar Pradesh,Kerala,ACC583338,ACC187338,382481.34,Shell Company Transfer,UPI,0.74,True
TX0000979,2023-04-25,2023,Uttar Pradesh,Tamil Nadu,ACC341282,ACC263249,889291.39,Cash Deposit,Hawala Network,0.17,False
TX0000980,2020-02-05,2020,Gujarat,Maharashtra,ACC182610,ACC649963,2816.86,Trade Invoice Payment,Bank Transfer,0.16,False
TX0000981,2022-06-19,2022,Telangana,Haryana,ACC250238,ACC119124,318018.6,Shell Company Transfer,Bank Transfer,0.58,False
TX0000982,2023-04-24,2023,Madhya Pradesh,Andhra Pradesh,ACC351599,ACC757740,118654.34,Crypto Off-ramp,Cash,0.74,True
TX0000983,2024-05-17,2024,Karnataka,West Bengal,ACC791540,ACC187297,36982.04,Trade Invoice Payment,Cash,0.18,False
TX0000984,2022-06-09,2022,Rajasthan,Odisha,ACC270857,ACC150103,172280.35,Crypto Off-ramp,UPI,0.56,False
TX0000985,2022-02-02,2022,Mizoram,Punjab,ACC421891,ACC435740,44578.85,Trade Invoice Payment,Bank Transfer,0.27,False
TX0000986,2021-09-21,2021,Maharashtra,Manipur,ACC954817,ACC288612,131837.88,Trade Invoice Payment,Hawala Network,0.3,False
TX0000987,2022-12-18,2022,Madhya Pradesh,West Bengal,ACC714987,ACC675056,461876.48,Shell Company Transfer,Hawala Network,0.57,False
TX0000988,2019-06-24,2019,Uttar Pradesh,Andhra Pradesh,ACC605569,ACC938617,36689.41,Trade Invoice Payment,UPI,0.22,False
TX0000989,2020-03-02,2020,Bihar,Kerala,ACC860849,ACC458802,108273.45,Remittance,Hawala Network,0.2,False
TX0000990,2021-11-22,2021,Madhya Pradesh,Mizoram,ACC351404,ACC290486,99109.18,Remittance,Cash,0.1,False
TX0000991,2023-12-25,2023,Andhra Pradesh,Karnataka,ACC519992,ACC182825,180061.73,Remittance,Bank Transfer,0.12,False
TX0000992,2019-09-17,2019,West Bengal,Assam,ACC453295,ACC596160,59079.24,Trade Invoice Payment,Hawala Network,0.28,False
TX0000993,2021-03-10,2021,Telangana,Punjab,ACC502742,ACC929984,47665.28,Trade Invoice Payment,Bank Transfer,0.19,False
TX0000994,2020-11-09,2020,Punjab,Manipur,ACC456122,ACC761466,193980.63,Trade Invoice Payment,Hawala Network,0.25,False
TX0000995,2018-12-21,2018,Rajasthan,Mizoram,ACC908263,ACC421839,32247.79,Trade Invoice Payment,Cash,0.27,False
TX0000996,2022-08-18,2022,Maharashtra,Telangana,ACC379528,ACC167624,18710.13,Trade Invoice Payment,Bank Transfer,0.23,False
TX0000997,2023-02-06,2023,Kerala,Madhya Pradesh,ACC890206,ACC193691,306592.57,Trade Invoice Payment,Crypto Exchange,0.12,False
TX0000998,2018-05-18,2018,Maharashtra,Maharashtra,ACC819396,ACC248027,126644.06,Remittance,Hawala Network,0.06,False
TX0000999,2022-01-05,2022,Haryana,Karnataka,ACC824317,ACC866142,86448.12,Remittance,Bank Transfer,0.2,False
TX0001000,2022-06-06,2022,Odisha,Rajasthan,ACC748458,ACC811727,232721.25,Remittance,Bank Transfer,0.14,False
TX0001001,2019-03-27,2019,Andhra Pradesh,Karnataka,ACC698667,ACC424756,126520.81,Hawala-linked Transfer,UPI,0.55,False
TX0001002,2024-03-25,2024,West Bengal,Maharashtra,ACC774706,ACC222388,98289.59,Cash Deposit,UPI,0.14,False
TX0001003,2021-08-17,2021,Bihar,Andhra Pradesh,ACC655334,ACC967195,76271.99,Hawala-linked Transfer,UPI,0.57,False
TX0001004,2019-06-26,2019,Uttar Pradesh,Madhya Pradesh,ACC104766,ACC411413,550940.78,Cash Deposit,Cash,0.23,False
TX0001005,2020-12-15,2020,Gujarat,Andhra Pradesh,ACC278808,ACC425905,2884678.29,Shell Company Transfer,Crypto Exchange,0.85,True
TX0001006,2024-08-20,2024,Jammu and Kashmir,West Bengal,ACC234596,ACC913713,918744.81,Trade Invoice Payment,Cash,0.15,False
TX0001007,2021-12-18,2021,Bihar,Delhi,ACC717065,ACC719092,28510.29,Trade Invoice Payment,Cash,0.21,False
TX0001008,2021-05-22,2021,Assam,Maharashtra,ACC641790,ACC592578,181229.43,Cash Deposit,Cash,0.17,False
TX0001009,2021-09-22,2021,Kerala,Uttar Pradesh,ACC763709,ACC181601,33790.01,Hawala-linked Transfer,Hawala Network,0.74,True
TX0001010,2022-01-10,2022,Rajasthan,Mizoram,ACC226585,ACC319514,149816.27,Remittance,Crypto Exchange,0.21,False
TX0001011,2023-08-23,2023,Maharashtra,Rajasthan,ACC998088,ACC641316,137560.77,Trade Invoice Payment,Cash,0.23,False
TX0001012,2019-12-15,2019,Madhya Pradesh,Punjab,ACC333243,ACC777148,74280.89,Trade Invoice Payment,Crypto Exchange,0.25,False
TX0001013,2018-04-05,2018,Delhi,Maharashtra,ACC791884,ACC709100,41732.27,Remittance,Hawala Network,0.26,False
TX0001014,2022-05-08,2022,Andhra Pradesh,Andhra Pradesh,ACC653726,ACC276371,184234.71,Trade Invoice Payment,Hawala Network,0.02,False
TX0001015,2018-03-17,2018,Telangana,Bihar,ACC271460,ACC410879,300368.71,Crypto Off-ramp,Cash,0.72,True
TX0001016,2023-01-07,2023,Bihar,Andhra Pradesh,ACC144962,ACC800082,554983.89,Remittance,Crypto Exchange,0.22,False
TX0001017,2019-02-25,2019,Assam,Manipur,ACC781373,ACC691085,116223.87,Trade Invoice Payment,Cash,0.11,False
TX0001018,2019-02-20,2019,Kerala,Haryana,ACC299472,ACC179635,48023.9,Remittance,Bank Transfer,0.19,False
TX0001019,2021-07-12,2021,Telangana,Mizoram,ACC509486,ACC781480,86702.28,Hawala-linked Transfer,Hawala Network,0.73,True
TX0001020,2022-02-25,2022,Manipur,West Bengal,ACC450548,ACC811922,45311.68,Cash Deposit,Crypto Exchange,0.16,False
TX0001021,2023-04-12,2023,Rajasthan,Tamil Nadu,ACC517213,ACC413799,252535.45,Cash Deposit,Hawala Network,0.25,False
TX0001022,2024-12-04,2024,Tamil Nadu,Tamil Nadu,ACC134410,ACC464473,159070.82,Shell Company Transfer,Crypto Exchange,0.63,False
TX0001023,2018-04-18,2018,Madhya Pradesh,Punjab,ACC365556,ACC700985,89386.61,Cash Deposit,Crypto Exchange,0.28,False
TX0001024,2024-06-15,2024,Mizoram,Manipur,ACC480991,ACC985028,104460.28,Trade Invoice Payment,Bank Transfer,0.28,False
TX0001025,2018-05-07,2018,Madhya Pradesh,Delhi,ACC157617,ACC418542,40920.59,Remittance,Hawala Network,0.3,False
TX0001026,2022-11-22,2022,Odisha,Punjab,ACC349942,ACC967549,377847.71,Shell Company Transfer,Crypto Exchange,0.73,True
TX0001027,2021-02-20,2021,Telangana,Telangana,ACC726103,ACC434158,301637.83,Cash Deposit,Hawala Network,0.03,False
TX0001028,2024-08-03,2024,Assam,Jammu and Kashmir,ACC240589,ACC376041,234646.13,Hawala-linked Transfer,Crypto Exchange,0.63,False
TX0001029,2024-08-16,2024,Kerala,Kerala,ACC634622,ACC323525,1708.08,Cash Deposit,Bank Transfer,0.02,False
TX0001030,2022-09-21,2022,Mizoram,Odisha,ACC504686,ACC527949,252492.54,Hawala-linked Transfer,Hawala Network,0.56,False
TX0001031,2024-04-02,2024,Uttar Pradesh,Kerala,ACC228967,ACC899495,33956.51,Remittance,Hawala Network,0.28,False
TX0001032,2023-08-12,2023,Kerala,Maharashtra,ACC195100,ACC766739,104030.39,Shell Company Transfer,Bank Transfer,0.58,False
TX0001033,2023-10-15,2023,Gujarat,Jammu and Kashmir,ACC618311,ACC183346,195634.82,Cash Deposit,Hawala Network,0.14,False
TX0001034,2024-12-05,2024,Tamil Nadu,Odisha,ACC929709,ACC309731,351619.68,Trade Invoice Payment,Hawala Network,0.18,False
TX0001035,2022-03-13,2022,Gujarat,West Bengal,ACC880032,ACC854806,27390.4,Crypto Off-ramp,Cash,0.75,True
TX0001036,2019-03-10,2019,Kerala,Manipur,ACC652457,ACC762551,121874.13,Shell Company Transfer,Hawala Network,0.61,False
TX0001037,2023-04-20,2023,Delhi,West Bengal,ACC372724,ACC736468,31147.16,Shell Company Transfer,Cash,0.72,True
TX0001038,2022-09-17,2022,Haryana,Uttar Pradesh,ACC950028,ACC208676,38281.45,Remittance,Crypto Exchange,0.29,False
TX0001039,2020-03-07,2020,Punjab,Madhya Pradesh,ACC753982,ACC658965,87611.4,Remittance,Hawala Network,0.13,False
TX0001040,2021-07-16,2021,Haryana,Bihar,ACC474987,ACC982369,98982.27,Cash Deposit,UPI,0.27,False
TX0001041,2023-02-06,2023,Haryana,Uttar Pradesh,ACC508813,ACC912290,496095.02,Trade Invoice Payment,Bank Transfer,0.18,False
TX0001042,2023-02-10,2023,Madhya Pradesh,Uttar Pradesh,ACC723406,ACC126643,20547.03,Remittance,Bank Transfer,0.21,False
TX0001043,2022-05-24,2022,Uttar Pradesh,Delhi,ACC645475,ACC112219,26050.79,Trade Invoice Payment,Hawala Network,0.24,False
TX0001044,2020-10-04,2020,Assam,Delhi,ACC145891,ACC243014,49942.07,Shell Company Transfer,Bank Transfer,0.62,False
TX0001045,2023-10-11,2023,Odisha,West Bengal,ACC779284,ACC810071,210935.62,Trade Invoice Payment,UPI,0.27,False
TX0001046,2023-07-27,2023,Haryana,Odisha,ACC986759,ACC258972,101785.62,Cash Deposit,Hawala Network,0.2,False
TX0001047,2021-10-22,2021,Rajasthan,Kerala,ACC222454,ACC376590,230840.79,Shell Company Transfer,Bank Transfer,0.57,False
TX0001048,2021-03-06,2021,Haryana,Maharashtra,ACC933679,ACC210553,90031.51,Crypto Off-ramp,UPI,0.62,False
TX0001049,2019-08-11,2019,Bihar,Delhi,ACC205732,ACC874597,31676.87,Trade Invoice Payment,Hawala Network,0.15,False
TX0001050,2024-03-14,2024,Karnataka,Uttar Pradesh,ACC524870,ACC238365,62991.9,Hawala-linked Transfer,UPI,0.7,True
TX0001051,2023-02-16,2023,Madhya Pradesh,West Bengal,ACC834569,ACC440392,155729.41,Trade Invoice Payment,Crypto Exchange,0.25,False
TX0001052,2024-10-05,2024,Mizoram,Punjab,ACC380339,ACC490084,66926.71,Remittance,UPI,0.23,False
TX0001053,2020-05-13,2020,Mizoram,Gujarat,ACC424907,ACC896185,23272.25,Trade Invoice Payment,UPI,0.25,False
TX0001054,2019-02-05,2019,Manipur,Mizoram,ACC312358,ACC480629,255975.92,Remittance,Hawala Network,0.22,False
TX0001055,2019-02-03,2019,Haryana,Bihar,ACC785460,ACC865051,31997.52,Shell Company Transfer,Bank Transfer,0.59,False
TX0001056,2024-05-23,2024,Tamil Nadu,Punjab,ACC543625,ACC792588,511876.06,Trade Invoice Payment,UPI,0.21,False
TX0001057,2020-12-13,2020,Maharashtra,Mizoram,ACC151534,ACC898403,82669.08,Shell Company Transfer,Bank Transfer,0.64,False
TX0001058,2024-08-22,2024,Jammu and Kashmir,Gujarat,ACC990038,ACC619849,19921.69,Remittance,Hawala Network,0.29,False
TX0001059,2024-03-05,2024,Delhi,Bihar,ACC165495,ACC279267,53716.14,Remittance,Crypto Exchange,0.26,False
TX0001060,2019-05-02,2019,Tamil Nadu,Odisha,ACC916958,ACC656634,29282.36,Hawala-linked Transfer,Cash,0.7,True
TX0001061,2021-10-13,2021,Karnataka,Assam,ACC606605,ACC903411,10371.7,Cash Deposit,Cash,0.16,False
TX0001062,2024-03-20,2024,Madhya Pradesh,Kerala,ACC618375,ACC554649,77227.43,Remittance,Hawala Network,0.26,False
TX0001063,2020-12-04,2020,Haryana,Andhra Pradesh,ACC547287,ACC662094,76426.72,Remittance,Crypto Exchange,0.1,False
TX0001064,2023-09-16,2023,Haryana,West Bengal,ACC178785,ACC299871,922427.07,Crypto Off-ramp,Cash,0.71,True
TX0001065,2019-01-25,2019,Manipur,Haryana,ACC107238,ACC369171,252553.7,Trade Invoice Payment,Hawala Network,0.25,False
TX0001066,2019-03-18,2019,Delhi,Rajasthan,ACC945595,ACC843027,270037.2,Shell Company Transfer,Crypto Exchange,0.65,True
TX0001067,2022-01-16,2022,Rajasthan,Assam,ACC134117,ACC251848,23213.64,Hawala-linked Transfer,Cash,0.57,False
TX0001068,2022-08-27,2022,West Bengal,West Bengal,ACC217421,ACC395969,76563.57,Remittance,UPI,0.06,False
TX0001069,2020-12-15,2020,Madhya Pradesh,Rajasthan,ACC205939,ACC515015,367478.22,Remittance,UPI,0.12,False
TX0001070,2020-04-04,2020,Gujarat,Haryana,ACC793368,ACC249333,51546.99,Remittance,Crypto Exchange,0.2,False
TX0001071,2021-01-07,2021,Odisha,Tamil Nadu,ACC238147,ACC982369,70131.7,Trade Invoice Payment,Crypto Exchange,0.27,False
TX0001072,2024-06-18,2024,Manipur,Gujarat,ACC261131,ACC788373,35845.08,Trade Invoice Payment,UPI,0.27,False
TX0001073,2019-11-07,2019,Andhra Pradesh,Rajasthan,ACC322209,ACC788653,96886.29,Crypto Off-ramp,UPI,0.72,True
TX0001074,2023-04-17,2023,Telangana,Delhi,ACC526159,ACC703619,76963.96,Trade Invoice Payment,Cash,0.21,False
TX0001075,2021-07-10,2021,Haryana,Karnataka,ACC252947,ACC159322,11147.49,Cash Deposit,Bank Transfer,0.13,False
TX0001076,2024-01-19,2024,Jammu and Kashmir,Karnataka,ACC806003,ACC720053,125796.03,Trade Invoice Payment,UPI,0.11,False
TX0001077,2020-09-27,2020,Mizoram,Karnataka,ACC451561,ACC324550,229661.85,Trade Invoice Payment,Hawala Network,0.12,False
TX0001078,2024-01-27,2024,Manipur,Uttar Pradesh,ACC130754,ACC533535,87404.17,Trade Invoice Payment,Bank Transfer,0.2,False
TX0001079,2021-06-03,2021,Tamil Nadu,Uttar Pradesh,ACC102814,ACC238586,75375.1,Remittance,UPI,0.22,False
TX0001080,2020-11-21,2020,Delhi,Andhra Pradesh,ACC334544,ACC555639,245688.45,Cash Deposit,Crypto Exchange,0.1,False
TX0001081,2019-07-04,2019,Gujarat,Punjab,ACC340717,ACC443287,82288.09,Remittance,UPI,0.16,False
TX0001082,2023-11-07,2023,Haryana,Odisha,ACC656836,ACC714521,69549.18,Crypto Off-ramp,Bank Transfer,0.68,True
TX0001083,2020-06-22,2020,Tamil Nadu,Kerala,ACC360613,ACC250597,102112.01,Shell Company Transfer,Hawala Network,0.66,True
TX0001084,2018-03-12,2018,Odisha,Rajasthan,ACC738284,ACC267298,13880.04,Trade Invoice Payment,Crypto Exchange,0.28,False
TX0001085,2019-12-10,2019,Punjab,Gujarat,ACC199682,ACC800748,34455.31,Trade Invoice Payment,Bank Transfer,0.15,False
TX0001086,2024-04-02,2024,Karnataka,Odisha,ACC204884,ACC547546,32424.56,Trade Invoice Payment,Hawala Network,0.11,False
TX0001087,2020-08-26,2020,Rajasthan,Maharashtra,ACC200939,ACC627644,842698.45,Trade Invoice Payment,Hawala Network,0.13,False
TX0001088,2024-11-17,2024,Haryana,Kerala,ACC153207,ACC992644,63762.59,Hawala-linked Transfer,Hawala Network,0.74,True
TX0001089,2019-09-07,2019,Kerala,Andhra Pradesh,ACC238258,ACC441947,381094.26,Cash Deposit,Bank Transfer,0.18,False
TX0001090,2020-01-26,2020,Uttar Pradesh,Madhya Pradesh,ACC826986,ACC805205,73848.3,Cash Deposit,Hawala Network,0.16,False
TX0001091,2018-10-08,2018,Kerala,Bihar,ACC712952,ACC183413,159804.02,Remittance,Hawala Network,0.16,False
TX0001092,2024-03-05,2024,Andhra Pradesh,Odisha,ACC972005,ACC104506,32923.27,Remittance,Crypto Exchange,0.26,False
TX0001093,2020-02-19,2020,Jammu and Kashmir,Punjab,ACC275483,ACC108514,100226.54,Cash Deposit,Hawala Network,0.22,False
TX0001094,2021-07-06,2021,Telangana,Manipur,ACC589991,ACC989868,282566.31,Cash Deposit,Hawala Network,0.23,False
TX0001095,2019-11-02,2019,Karnataka,Madhya Pradesh,ACC521952,ACC304227,119602.82,Trade Invoice Payment,Hawala Network,0.2,False
TX0001096,2022-12-14,2022,Rajasthan,Maharashtra,ACC118812,ACC726095,173896.14,Cash Deposit,Bank Transfer,0.15,False
TX0001097,2020-02-10,2020,Manipur,Andhra Pradesh,ACC522249,ACC909220,51621.76,Hawala-linked Transfer,Bank Transfer,0.58,False
TX0001098,2018-03-20,2018,Rajasthan,Punjab,ACC910046,ACC155925,58352.14,Cash Deposit,Bank Transfer,0.15,False
TX0001099,2018-04-26,2018,Andhra Pradesh,Tamil Nadu,ACC493369,ACC953731,240961.06,Crypto Off-ramp,UPI,0.71,True
TX0001100,2019-03-03,2019,Jammu and Kashmir,Uttar Pradesh,ACC540135,ACC806257,290823.29,Remittance,Hawala Network,0.3,False
TX0001101,2018-10-25,2018,Odisha,Bihar,ACC302809,ACC572038,126751.29,Trade Invoice Payment,Crypto Exchange,0.15,False
TX0001102,2023-02-03,2023,Karnataka,Karnataka,ACC966798,ACC168130,133642.59,Remittance,Cash,0.12,False
TX0001103,2018-03-05,2018,Punjab,Maharashtra,ACC421599,ACC770414,446177.43,Remittance,Bank Transfer,0.13,False
TX0001104,2023-01-03,2023,Manipur,Maharashtra,ACC145316,ACC412570,233978.22,Remittance,Crypto Exchange,0.12,False
TX0001105,2024-10-15,2024,Odisha,Maharashtra,ACC862685,ACC955520,340474.07,Hawala-linked Transfer,Crypto Exchange,0.73,True
TX0001106,2019-03-25,2019,Kerala,Madhya Pradesh,ACC504433,ACC108731,315925.95,Trade Invoice Payment,Bank Transfer,0.14,False
TX0001107,2023-11-10,2023,Rajasthan,Haryana,ACC326676,ACC859961,2871703.42,Remittance,Bank Transfer,0.5,False
TX0001108,2019-02-06,2019,Madhya Pradesh,Jammu and Kashmir,ACC404750,ACC700987,82085.99,Trade Invoice Payment,Cash,0.11,False
TX0001109,2019-07-22,2019,Bihar,Karnataka,ACC729917,ACC137966,66879.77,Remittance,Hawala Network,0.15,False
TX0001110,2020-08-11,2020,Madhya Pradesh,West Bengal,ACC722941,ACC861108,19620.47,Crypto Off-ramp,UPI,0.63,False
TX0001111,2020-05-10,2020,Maharashtra,Rajasthan,ACC872114,ACC411654,10717.34,Shell Company Transfer,Bank Transfer,0.6,False
TX0001112,2023-02-24,2023,Odisha,Andhra Pradesh,ACC671763,ACC936317,55109.18,Cash Deposit,Crypto Exchange,0.22,False
TX0001113,2021-09-13,2021,Haryana,Punjab,ACC650426,ACC814644,177619.5,Cash Deposit,Crypto Exchange,0.19,False
TX0001114,2021-10-22,2021,Odisha,Bihar,ACC292350,ACC918526,347805.13,Cash Deposit,Cash,0.14,False
TX0001115,2019-08-20,2019,Maharashtra,Odisha,ACC245676,ACC468685,110081.92,Cash Deposit,Bank Transfer,0.26,False
TX0001116,2019-02-14,2019,Kerala,Odisha,ACC432989,ACC699134,455789.04,Trade Invoice Payment,Hawala Network,0.28,False
TX0001117,2022-05-10,2022,Jammu and Kashmir,Odisha,ACC828789,ACC288613,69427.64,Trade Invoice Payment,UPI,0.3,False
TX0001118,2021-04-26,2021,West Bengal,Kerala,ACC151615,ACC528008,37705.79,Trade Invoice Payment,Cash,0.19,False
TX0001119,2023-03-16,2023,Tamil Nadu,Madhya Pradesh,ACC126809,ACC790669,263941.28,Remittance,UPI,0.19,False
TX0001120,2023-12-10,2023,Telangana,Mizoram,ACC348464,ACC962695,36568.82,Cash Deposit,UPI,0.22,False
TX0001121,2019-10-15,2019,Kerala,Maharashtra,ACC644962,ACC234166,594223.07,Trade Invoice Payment,Cash,0.12,False
TX0001122,2019-05-14,2019,Delhi,Telangana,ACC790371,ACC180395,217181.45,Hawala-linked Transfer,Crypto Exchange,0.62,False
TX0001123,2023-07-02,2023,West Bengal,Karnataka,ACC597158,ACC321067,7002.51,Remittance,Bank Transfer,0.2,False
TX0001124,2022-10-08,2022,Uttar Pradesh,Gujarat,ACC238114,ACC967126,1429929.22,Remittance,Bank Transfer,0.18,False
TX0001125,2018-10-01,2018,Andhra Pradesh,Jammu and Kashmir,ACC278513,ACC262684,27222.18,Trade Invoice Payment,Hawala Network,0.26,False
TX0001126,2022-04-02,2022,Haryana,Jammu and Kashmir,ACC814392,ACC381330,826882.95,Remittance,UPI,0.17,False
TX0001127,2019-06-27,2019,Kerala,Manipur,ACC261877,ACC344378,35181.55,Trade Invoice Payment,Cash,0.15,False
TX0001128,2019-03-04,2019,Rajasthan,Jammu and Kashmir,ACC435747,ACC506394,65184.03,Trade Invoice Payment,Crypto Exchange,0.26,False
TX0001129,2020-12-15,2020,Maharashtra,Andhra Pradesh,ACC441246,ACC428818,24661.52,Remittance,Cash,0.27,False
TX0001130,2019-02-14,2019,Gujarat,Maharashtra,ACC379595,ACC261475,90356.08,Trade Invoice Payment,UPI,0.18,False
TX0001131,2021-05-17,2021,Assam,Tamil Nadu,ACC761841,ACC493270,45923.16,Cash Deposit,Bank Transfer,0.13,False
TX0001132,2021-07-06,2021,Manipur,Uttar Pradesh,ACC757941,ACC719143,60648.31,Trade Invoice Payment,Hawala Network,0.2,False
TX0001133,2022-02-08,2022,Delhi,Madhya Pradesh,ACC935529,ACC311864,93107.78,Trade Invoice Payment,Hawala Network,0.22,False
TX0001134,2019-06-03,2019,Mizoram,Tamil Nadu,ACC951575,ACC108910,6076.79,Remittance,UPI,0.23,False
TX0001135,2020-12-01,2020,Telangana,Tamil Nadu,ACC818812,ACC260846,742433.39,Cash Deposit,Hawala Network,0.15,False
TX0001136,2024-12-04,2024,Madhya Pradesh,Karnataka,ACC711012,ACC252910,157696.62,Trade Invoice Payment,UPI,0.11,False
TX0001137,2018-07-15,2018,Kerala,Assam,ACC471337,ACC211737,300590.89,Remittance,UPI,0.26,False
TX0001138,2023-10-09,2023,Uttar Pradesh,Assam,ACC705406,ACC460135,475675.25,Hawala-linked Transfer,UPI,0.66,True
TX0001139,2021-08-02,2021,West Bengal,Maharashtra,ACC528484,ACC813146,35281.89,Shell Company Transfer,Hawala Network,0.62,False
TX0001140,2023-04-15,2023,Manipur,Telangana,ACC125386,ACC234872,151379.2,Trade Invoice Payment,Crypto Exchange,0.1,False
TX0001141,2023-01-17,2023,Andhra Pradesh,Maharashtra,ACC732544,ACC998261,75322.14,Hawala-linked Transfer,Crypto Exchange,0.63,False
TX0001142,2020-03-19,2020,Kerala,Punjab,ACC552597,ACC253409,238973.69,Trade Invoice Payment,UPI,0.27,False
TX0001143,2020-10-05,2020,Mizoram,West Bengal,ACC878697,ACC525600,179451.94,Trade Invoice Payment,Hawala Network,0.19,False
TX0001144,2020-01-27,2020,Uttar Pradesh,Gujarat,ACC387508,ACC706714,78083.85,Shell Company Transfer,Crypto Exchange,0.63,False
TX0001145,2019-11-26,2019,Rajasthan,Bihar,ACC252034,ACC281745,14390.86,Shell Company Transfer,Crypto Exchange,0.74,True
TX0001146,2024-03-22,2024,Madhya Pradesh,Assam,ACC918494,ACC482035,12310.35,Remittance,UPI,0.2,False
TX0001147,2022-06-23,2022,Jammu and Kashmir,Telangana,ACC975803,ACC685317,284486.21,Hawala-linked Transfer,Cash,0.74,True
TX0001148,2019-01-15,2019,Manipur,Haryana,ACC760001,ACC745967,44799.4,Trade Invoice Payment,UPI,0.29,False
TX0001149,2024-09-20,2024,Bihar,Telangana,ACC891860,ACC907178,95254.14,Crypto Off-ramp,Bank Transfer,0.67,True
TX0001150,2023-12-17,2023,Tamil Nadu,Karnataka,ACC733291,ACC180701,337805.84,Trade Invoice Payment,Bank Transfer,0.19,False
TX0001151,2020-12-14,2020,Jammu and Kashmir,Telangana,ACC239213,ACC467098,401763.04,Hawala-linked Transfer,Cash,0.56,False
TX0001152,2024-05-10,2024,Telangana,Telangana,ACC679787,ACC535048,163010.37,Trade Invoice Payment,Hawala Network,0.2,False
TX0001153,2021-08-09,2021,Maharashtra,Bihar,ACC690861,ACC225652,509326.48,Cash Deposit,Cash,0.28,False
TX0001154,2022-04-09,2022,Gujarat,Gujarat,ACC661973,ACC763807,69680.1,Hawala-linked Transfer,Cash,0.56,False
TX0001155,2021-08-11,2021,Bihar,Karnataka,ACC150292,ACC557735,161747.28,Shell Company Transfer,Cash,0.67,True
TX0001156,2022-11-11,2022,West Bengal,Bihar,ACC494764,ACC554006,19567.08,Shell Company Transfer,Bank Transfer,0.75,True
TX0001157,2024-02-11,2024,Mizoram,Haryana,ACC580815,ACC959014,248512.17,Remittance,Bank Transfer,0.27,False
TX0001158,2019-06-04,2019,Delhi,Madhya Pradesh,ACC148399,ACC413665,82530.38,Remittance,UPI,0.15,False
TX0001159,2023-04-02,2023,Telangana,Odisha,ACC681631,ACC421161,212884.84,Trade Invoice Payment,UPI,0.29,False
TX0001160,2024-05-24,2024,Jammu and Kashmir,Manipur,ACC612260,ACC483028,173183.81,Trade Invoice Payment,Bank Transfer,0.28,False
TX0001161,2021-01-04,2021,Gujarat,Delhi,ACC702824,ACC730174,46237.47,Cash Deposit,Hawala Network,0.16,False
TX0001162,2022-08-12,2022,Jammu and Kashmir,Karnataka,ACC229333,ACC671732,150142.92,Cash Deposit,Hawala Network,0.21,False
TX0001163,2023-06-21,2023,Andhra Pradesh,Haryana,ACC764408,ACC220507,25881.63,Cash Deposit,Cash,0.24,False
TX0001164,2023-12-03,2023,Odisha,Uttar Pradesh,ACC587862,ACC584875,25733.23,Trade Invoice Payment,Hawala Network,0.3,False
TX0001165,2021-08-15,2021,Delhi,Tamil Nadu,ACC263445,ACC311252,59194.45,Trade Invoice Payment,Hawala Network,0.22,False
TX0001166,2022-12-25,2022,Telangana,Madhya Pradesh,ACC952350,ACC177346,146187.38,Remittance,Hawala Network,0.18,False
TX0001167,2019-05-27,2019,Delhi,Haryana,ACC368739,ACC452334,93186.07,Hawala-linked Transfer,Cash,0.61,False
TX0001168,2019-12-26,2019,Odisha,Bihar,ACC456622,ACC341089,14144.1,Trade Invoice Payment,Cash,0.1,False
TX0001169,2019-10-05,2019,Telangana,Haryana,ACC169985,ACC460288,55922.46,Trade Invoice Payment,Crypto Exchange,0.18,False
TX0001170,2019-05-22,2019,Andhra Pradesh,Manipur,ACC657796,ACC304672,203747.58,Hawala-linked Transfer,UPI,0.73,True
TX0001171,2023-10-21,2023,West Bengal,Jammu and Kashmir,ACC349970,ACC613477,20046.36,Crypto Off-ramp,UPI,0.7,True
TX0001172,2024-12-17,2024,Punjab,Bihar,ACC580876,ACC687330,49052.68,Trade Invoice Payment,Crypto Exchange,0.12,False
TX0001173,2023-10-07,2023,Kerala,Andhra Pradesh,ACC817155,ACC299886,56747.29,Remittance,Hawala Network,0.15,False
TX0001174,2023-11-02,2023,Jammu and Kashmir,Kerala,ACC203565,ACC407315,31712.72,Trade Invoice Payment,Cash,0.15,False
TX0001175,2024-11-13,2024,Kerala,Assam,ACC564902,ACC729847,169363.84,Shell Company Transfer,Bank Transfer,0.67,True
TX0001176,2023-11-04,2023,Uttar Pradesh,Kerala,ACC566747,ACC833252,344622.85,Trade Invoice Payment,UPI,0.17,False
TX0001177,2023-04-19,2023,Maharashtra,Maharashtra,ACC428045,ACC479150,88252.75,Trade Invoice Payment,UPI,0.04,False
TX0001178,2020-09-10,2020,Punjab,Madhya Pradesh,ACC420563,ACC298634,224881.53,Hawala-linked Transfer,Bank Transfer,0.71,True
TX0001179,2024-11-18,2024,Jammu and Kashmir,Madhya Pradesh,ACC464057,ACC531900,15452.19,Cash Deposit,UPI,0.21,False
TX0001180,2021-04-24,2021,Rajasthan,Rajasthan,ACC216108,ACC641938,62367.95,Remittance,Bank Transfer,0.09,False
TX0001181,2023-05-01,2023,West Bengal,Assam,ACC938874,ACC310738,1062301.62,Trade Invoice Payment,Hawala Network,0.15,False
TX0001182,2019-02-14,2019,Delhi,Rajasthan,ACC909051,ACC545535,77211.68,Hawala-linked Transfer,Cash,0.59,False
TX0001183,2024-01-24,2024,Rajasthan,Madhya Pradesh,ACC600171,ACC317847,28152.21,Trade Invoice Payment,Cash,0.3,False
TX0001184,2018-08-12,2018,Bihar,Maharashtra,ACC373164,ACC327511,867586.24,Remittance,Cash,0.18,False
TX0001185,2021-05-22,2021,Gujarat,Bihar,ACC251525,ACC305011,148517.21,Trade Invoice Payment,Bank Transfer,0.28,False
TX0001186,2020-06-04,2020,Haryana,Manipur,ACC831640,ACC654207,416160.31,Shell Company Transfer,Crypto Exchange,0.64,False
TX0001187,2020-03-23,2020,Bihar,Punjab,ACC518813,ACC272799,17232.78,Remittance,Crypto Exchange,0.12,False
TX0001188,2022-07-09,2022,Tamil Nadu,Delhi,ACC278594,ACC443914,89692.6,Remittance,Crypto Exchange,0.24,False
TX0001189,2022-10-25,2022,Karnataka,Telangana,ACC684620,ACC917680,41454.55,Hawala-linked Transfer,Crypto Exchange,0.7,True
TX0001190,2019-07-11,2019,Odisha,Punjab,ACC225087,ACC882115,17724.53,Crypto Off-ramp,Bank Transfer,0.57,False
TX0001191,2022-12-24,2022,Telangana,Jammu and Kashmir,ACC188019,ACC725902,178615.12,Trade Invoice Payment,Cash,0.17,False
TX0001192,2022-09-14,2022,Karnataka,Odisha,ACC313151,ACC614194,7427.84,Remittance,Crypto Exchange,0.26,False
TX0001193,2023-03-05,2023,Bihar,Delhi,ACC307696,ACC742947,32806.4,Remittance,UPI,0.22,False
TX0001194,2019-11-01,2019,Rajasthan,Tamil Nadu,ACC401107,ACC143153,25109.29,Crypto Off-ramp,Bank Transfer,0.68,True
TX0001195,2021-02-16,2021,Telangana,Andhra Pradesh,ACC470138,ACC111937,237650.45,Remittance,Hawala Network,0.27,False
TX0001196,2020-11-12,2020,Tamil Nadu,Bihar,ACC294747,ACC208299,12110.86,Remittance,Crypto Exchange,0.12,False
TX0001197,2022-10-15,2022,Manipur,Delhi,ACC337291,ACC859003,149084.23,Trade Invoice Payment,Bank Transfer,0.22,False
TX0001198,2019-12-13,2019,Madhya Pradesh,Uttar Pradesh,ACC962673,ACC900959,81393.89,Trade Invoice Payment,UPI,0.1,False
TX0001199,2021-09-04,2021,Uttar Pradesh,West Bengal,ACC621232,ACC977240,9942.96,Cash Deposit,UPI,0.1,False
TX0001200,2020-04-20,2020,Assam,Madhya Pradesh,ACC435601,ACC716716,49922.12,Cash Deposit,Hawala Network,0.25,False
TX0001201,2020-04-23,2020,Bihar,Jammu and Kashmir,ACC882205,ACC810211,29942.72,Remittance,Cash,0.22,False
TX0001202,2022-12-19,2022,Kerala,Punjab,ACC723128,ACC157314,29400.25,Trade Invoice Payment,UPI,0.26,False
TX0001203,2018-10-06,2018,Assam,Jammu and Kashmir,ACC899137,ACC733064,209613.05,Cash Deposit,Cash,0.24,False
TX0001204,2018-11-11,2018,Maharashtra,Maharashtra,ACC354990,ACC987429,71639.99,Trade Invoice Payment,Cash,0.02,False
TX0001205,2021-06-04,2021,Haryana,Delhi,ACC360142,ACC322812,69000.36,Trade Invoice Payment,Cash,0.11,False
TX0001206,2021-03-19,2021,Delhi,Bihar,ACC469161,ACC413291,632118.53,Trade Invoice Payment,Hawala Network,0.13,False
TX0001207,2019-02-07,2019,Kerala,Haryana,ACC598133,ACC837807,14022.81,Hawala-linked Transfer,UPI,0.66,True
TX0001208,2020-09-07,2020,Bihar,Odisha,ACC654464,ACC959248,617909.73,Cash Deposit,Bank Transfer,0.15,False
TX0001209,2021-09-12,2021,Delhi,Uttar Pradesh,ACC498499,ACC923292,32692.93,Hawala-linked Transfer,UPI,0.72,True
TX0001210,2023-07-05,2023,Rajasthan,Gujarat,ACC619122,ACC245489,57280.44,Remittance,Hawala Network,0.22,False
TX0001211,2019-04-03,2019,Rajasthan,Bihar,ACC265587,ACC221204,49509.54,Remittance,Cash,0.18,False
TX0001212,2023-01-09,2023,Gujarat,Rajasthan,ACC207238,ACC874254,311645.56,Remittance,UPI,0.18,False
TX0001213,2023-09-07,2023,Uttar Pradesh,Manipur,ACC263225,ACC377595,62184.53,Remittance,UPI,0.16,False
TX0001214,2019-12-08,2019,Punjab,Assam,ACC771638,ACC557535,119608.6,Cash Deposit,Bank Transfer,0.11,False
TX0001215,2019-05-01,2019,Manipur,Andhra Pradesh,ACC220957,ACC317878,193049.04,Trade Invoice Payment,Hawala Network,0.15,False
TX0001216,2022-12-16,2022,Madhya Pradesh,Bihar,ACC430377,ACC972979,15013.78,Trade Invoice Payment,Bank Transfer,0.17,False
TX0001217,2019-08-26,2019,Tamil Nadu,Telangana,ACC871407,ACC223575,384881.69,Trade Invoice Payment,UPI,0.22,False
TX0001218,2020-09-27,2020,Kerala,Madhya Pradesh,ACC240551,ACC744971,2955.94,Shell Company Transfer,Hawala Network,0.69,True
TX0001219,2023-01-11,2023,Odisha,Gujarat,ACC230726,ACC264127,27062.67,Hawala-linked Transfer,UPI,0.6,False
TX0001220,2024-10-04,2024,Tamil Nadu,Odisha,ACC635588,ACC712163,438228.06,Shell Company Transfer,Cash,0.66,True
TX0001221,2018-10-12,2018,Uttar Pradesh,West Bengal,ACC915106,ACC874484,252215.1,Remittance,UPI,0.28,False
TX0001222,2023-08-15,2023,Uttar Pradesh,Madhya Pradesh,ACC778699,ACC207461,26827.07,Cash Deposit,UPI,0.26,False
TX0001223,2018-05-14,2018,Jammu and Kashmir,Karnataka,ACC325695,ACC481142,77848.53,Cash Deposit,Hawala Network,0.19,False
TX0001224,2022-06-15,2022,Assam,Bihar,ACC331259,ACC679851,1040561.41,Shell Company Transfer,Bank Transfer,0.6,False
TX0001225,2019-06-18,2019,Assam,Maharashtra,ACC332696,ACC958321,29518.63,Trade Invoice Payment,UPI,0.2,False
TX0001226,2022-10-12,2022,Bihar,Bihar,ACC473613,ACC579526,109718.36,Trade Invoice Payment,UPI,0.05,False
TX0001227,2022-05-22,2022,Maharashtra,Tamil Nadu,ACC306781,ACC734833,42491.58,Trade Invoice Payment,Crypto Exchange,0.1,False
TX0001228,2021-01-14,2021,Assam,Karnataka,ACC641173,ACC112392,214489.06,Trade Invoice Payment,UPI,0.29,False
TX0001229,2024-02-18,2024,Assam,Haryana,ACC967937,ACC323625,245524.59,Trade Invoice Payment,Bank Transfer,0.21,False
TX0001230,2021-03-25,2021,Tamil Nadu,Assam,ACC454925,ACC290107,32636.59,Trade Invoice Payment,UPI,0.1,False
TX0001231,2021-05-10,2021,Delhi,Jammu and Kashmir,ACC327834,ACC473266,187632.72,Shell Company Transfer,Crypto Exchange,0.6,False
TX0001232,2022-03-01,2022,Madhya Pradesh,Jammu and Kashmir,ACC409771,ACC426439,11744.25,Hawala-linked Transfer,Hawala Network,0.68,True
TX0001233,2021-02-01,2021,Kerala,Rajasthan,ACC161420,ACC460645,116986.55,Trade Invoice Payment,Bank Transfer,0.16,False
TX0001234,2020-01-10,2020,Manipur,Odisha,ACC707100,ACC801542,46774.63,Cash Deposit,Cash,0.26,False
TX0001235,2020-06-07,2020,Rajasthan,Punjab,ACC275047,ACC194879,301157.02,Trade Invoice Payment,UPI,0.28,False
TX0001236,2023-04-13,2023,Tamil Nadu,Tamil Nadu,ACC793162,ACC570709,72490.6,Trade Invoice Payment,Crypto Exchange,0.02,False
TX0001237,2018-06-24,2018,Bihar,Andhra Pradesh,ACC990162,ACC118586,126706.58,Remittance,Hawala Network,0.2,False
TX0001238,2021-06-06,2021,Mizoram,Jammu and Kashmir,ACC339974,ACC768583,114982.02,Trade Invoice Payment,Bank Transfer,0.1,False
TX0001239,2019-04-27,2019,West Bengal,Uttar Pradesh,ACC447864,ACC414752,497285.95,Hawala-linked Transfer,UPI,0.7,True
TX0001240,2024-01-06,2024,Maharashtra,Tamil Nadu,ACC676409,ACC525277,43486.42,Shell Company Transfer,Cash,0.72,True
TX0001241,2024-07-06,2024,Gujarat,Jammu and Kashmir,ACC378101,ACC192774,37217.47,Remittance,UPI,0.15,False
TX0001242,2020-10-11,2020,Kerala,Andhra Pradesh,ACC608138,ACC323771,43128.97,Shell Company Transfer,Bank Transfer,0.74,True
TX0001243,2022-02-22,2022,Madhya Pradesh,Assam,ACC510985,ACC943423,154518.16,Remittance,Hawala Network,0.18,False
TX0001244,2020-09-25,2020,Bihar,Karnataka,ACC940486,ACC189494,36026.13,Cash Deposit,Cash,0.23,False
TX0001245,2021-08-20,2021,Delhi,Maharashtra,ACC182359,ACC897378,801756.38,Crypto Off-ramp,Cash,0.64,False
TX0001246,2024-08-25,2024,Telangana,Kerala,ACC788045,ACC659364,400934.8,Hawala-linked Transfer,Crypto Exchange,0.7,True
TX0001247,2020-01-27,2020,Maharashtra,West Bengal,ACC819764,ACC511059,254563.34,Shell Company Transfer,Hawala Network,0.55,False
TX0001248,2022-07-27,2022,Punjab,Maharashtra,ACC854057,ACC242507,39879.25,Hawala-linked Transfer,UPI,0.64,False
TX0001249,2021-11-02,2021,Assam,Assam,ACC791341,ACC741180,145712.5,Remittance,Hawala Network,0.2,False
TX0001250,2024-03-21,2024,Uttar Pradesh,West Bengal,ACC754164,ACC537705,241757.73,Hawala-linked Transfer,Cash,0.58,False
TX0001251,2019-07-21,2019,Assam,Uttar Pradesh,ACC121664,ACC335037,33876.05,Trade Invoice Payment,Bank Transfer,0.21,False
TX0001252,2018-11-17,2018,Punjab,Karnataka,ACC487648,ACC797066,292463.38,Trade Invoice Payment,Hawala Network,0.23,False
TX0001253,2018-08-27,2018,Madhya Pradesh,Kerala,ACC839762,ACC244482,104191.0,Trade Invoice Payment,Cash,0.22,False
TX0001254,2023-07-20,2023,Rajasthan,Uttar Pradesh,ACC238170,ACC529965,58447.08,Remittance,Hawala Network,0.1,False
TX0001255,2019-02-05,2019,Kerala,Rajasthan,ACC843469,ACC225156,86577.43,Trade Invoice Payment,Crypto Exchange,0.17,False
TX0001256,2019-04-18,2019,Manipur,Assam,ACC426976,ACC966458,266604.47,Hawala-linked Transfer,Cash,0.7,True
TX0001257,2023-11-20,2023,Assam,Maharashtra,ACC581466,ACC767972,196442.09,Remittance,Bank Transfer,0.25,False
TX0001258,2018-01-21,2018,Kerala,Andhra Pradesh,ACC835427,ACC853136,5371.2,Crypto Off-ramp,Crypto Exchange,0.57,False
TX0001259,2019-05-15,2019,Bihar,Odisha,ACC499279,ACC659887,910816.76,Trade Invoice Payment,Hawala Network,0.21,False
TX0001260,2022-02-11,2022,Manipur,Punjab,ACC292286,ACC324667,348457.59,Trade Invoice Payment,Hawala Network,0.25,False
TX0001261,2020-08-13,2020,Odisha,Bihar,ACC852346,ACC319997,26103.14,Cash Deposit,Hawala Network,0.18,False
TX0001262,2024-04-15,2024,West Bengal,Punjab,ACC877014,ACC914812,1408040.6,Trade Invoice Payment,Hawala Network,0.18,False
TX0001263,2022-12-15,2022,Uttar Pradesh,Bihar,ACC218005,ACC822230,302024.17,Shell Company Transfer,Cash,0.57,False
TX0001264,2023-09-25,2023,Odisha,Gujarat,ACC803503,ACC739688,184491.51,Crypto Off-ramp,Cash,0.59,False
TX0001265,2023-10-01,2023,Uttar Pradesh,Manipur,ACC832949,ACC776540,221114.08,Remittance,Cash,0.1,False
TX0001266,2024-05-26,2024,Madhya Pradesh,Delhi,ACC537953,ACC591819,20747.94,Hawala-linked Transfer,Crypto Exchange,0.67,True
TX0001267,2024-06-20,2024,West Bengal,Odisha,ACC676703,ACC672208,400775.13,Crypto Off-ramp,Cash,0.58,False
TX0001268,2024-01-23,2024,Tamil Nadu,Jammu and Kashmir,ACC516519,ACC371465,43418.18,Hawala-linked Transfer,UPI,0.55,False
TX0001269,2022-11-25,2022,Andhra Pradesh,Mizoram,ACC185364,ACC382292,69127.84,Hawala-linked Transfer,Crypto Exchange,0.6,False
TX0001270,2020-11-21,2020,Madhya Pradesh,Kerala,ACC862326,ACC199565,69825.5,Remittance,Cash,0.25,False
TX0001271,2021-11-22,2021,Odisha,West Bengal,ACC917290,ACC884019,1037234.6,Remittance,Hawala Network,0.15,False
TX0001272,2022-01-21,2022,Telangana,Haryana,ACC334609,ACC554559,34821.06,Hawala-linked Transfer,UPI,0.68,True
TX0001273,2019-06-17,2019,Rajasthan,Kerala,ACC669844,ACC122346,208639.21,Remittance,Hawala Network,0.23,False
TX0001274,2019-07-22,2019,Telangana,West Bengal,ACC240488,ACC134093,161391.06,Remittance,UPI,0.21,False
TX0001275,2018-09-25,2018,Kerala,Uttar Pradesh,ACC512296,ACC156467,124622.15,Cash Deposit,UPI,0.12,False
TX0001276,2018-05-14,2018,Manipur,Manipur,ACC546535,ACC112530,868714.39,Crypto Off-ramp,Hawala Network,0.53,False
TX0001277,2022-06-03,2022,West Bengal,Kerala,ACC262910,ACC690847,2602.13,Shell Company Transfer,Hawala Network,0.59,False
TX0001278,2020-02-09,2020,Maharashtra,Jammu and Kashmir,ACC221518,ACC766173,157046.72,Cash Deposit,Crypto Exchange,0.22,False
TX0001279,2020-07-05,2020,Delhi,Bihar,ACC200982,ACC872040,70260.16,Remittance,Cash,0.11,False
TX0001280,2021-05-15,2021,Odisha,Gujarat,ACC427078,ACC130887,9822.79,Trade Invoice Payment,Hawala Network,0.15,False
TX0001281,2019-12-18,2019,Odisha,Uttar Pradesh,ACC264658,ACC812185,78453.18,Crypto Off-ramp,Cash,0.62,False
TX0001282,2019-12-13,2019,Madhya Pradesh,Assam,ACC213861,ACC728872,57150.18,Cash Deposit,Cash,0.13,False
TX0001283,2022-07-09,2022,Jammu and Kashmir,Karnataka,ACC425470,ACC696041,199313.4,Hawala-linked Transfer,Cash,0.59,False
TX0001284,2022-11-01,2022,Delhi,Uttar Pradesh,ACC928696,ACC556162,463560.83,Trade Invoice Payment,UPI,0.2,False
TX0001285,2019-04-13,2019,Tamil Nadu,Telangana,ACC951445,ACC479521,11955.66,Cash Deposit,Cash,0.28,False
TX0001286,2022-06-11,2022,Punjab,Kerala,ACC387677,ACC325571,29737.2,Shell Company Transfer,Hawala Network,0.73,True
TX0001287,2023-06-26,2023,Odisha,Uttar Pradesh,ACC873938,ACC195387,72702.45,Crypto Off-ramp,Bank Transfer,0.7,True
TX0001288,2021-10-13,2021,Bihar,Jammu and Kashmir,ACC761434,ACC967336,85000.55,Remittance,UPI,0.18,False
TX0001289,2022-08-14,2022,Jammu and Kashmir,Madhya Pradesh,ACC290212,ACC337889,299169.98,Trade Invoice Payment,UPI,0.22,False
TX0001290,2018-05-14,2018,Karnataka,Madhya Pradesh,ACC627787,ACC865600,19130.94,Trade Invoice Payment,Bank Transfer,0.21,False
TX0001291,2018-12-15,2018,Maharashtra,Telangana,ACC780671,ACC406736,119848.82,Remittance,Cash,0.24,False
TX0001292,2023-02-12,2023,Bihar,Mizoram,ACC315340,ACC160099,434065.44,Hawala-linked Transfer,Hawala Network,0.73,True
TX0001293,2024-01-15,2024,Telangana,Kerala,ACC777138,ACC787411,51622.89,Crypto Off-ramp,Hawala Network,0.72,True
TX0001294,2021-07-07,2021,Telangana,Assam,ACC415436,ACC606555,9573.47,Remittance,Hawala Network,0.22,False
TX0001295,2023-12-18,2023,Maharashtra,Jammu and Kashmir,ACC109926,ACC413050,30816.38,Remittance,UPI,0.22,False
TX0001296,2022-05-09,2022,Haryana,Madhya Pradesh,ACC418932,ACC874969,92660.4,Cash Deposit,Hawala Network,0.22,False
TX0001297,2022-01-12,2022,Manipur,Kerala,ACC245603,ACC441551,445268.99,Remittance,Bank Transfer,0.3,False
TX0001298,2024-10-21,2024,Tamil Nadu,Assam,ACC682621,ACC735883,132442.53,Cash Deposit,UPI,0.29,False
TX0001299,2021-02-13,2021,Jammu and Kashmir,Haryana,ACC145960,ACC602798,186184.19,Cash Deposit,UPI,0.26,False
TX0001300,2023-07-18,2023,Karnataka,Maharashtra,ACC288358,ACC904053,24035.37,Trade Invoice Payment,UPI,0.16,False
TX0001301,2021-05-04,2021,Maharashtra,Madhya Pradesh,ACC643698,ACC771492,120698.59,Shell Company Transfer,Cash,0.73,True
TX0001302,2023-06-14,2023,Punjab,Madhya Pradesh,ACC854479,ACC781242,40703.61,Remittance,Crypto Exchange,0.22,False
TX0001303,2018-02-14,2018,Bihar,Punjab,ACC497155,ACC419079,30036.85,Remittance,Hawala Network,0.11,False
TX0001304,2019-07-25,2019,Rajasthan,Assam,ACC277771,ACC924750,52664.1,Trade Invoice Payment,Cash,0.23,False
TX0001305,2024-04-12,2024,Uttar Pradesh,Tamil Nadu,ACC126219,ACC861881,71735.4,Crypto Off-ramp,Cash,0.73,True
TX0001306,2024-07-27,2024,Assam,Maharashtra,ACC252435,ACC814934,56733.53,Remittance,UPI,0.15,False
TX0001307,2024-04-13,2024,Punjab,Karnataka,ACC966450,ACC800839,403653.61,Trade Invoice Payment,Hawala Network,0.1,False
TX0001308,2019-04-01,2019,Rajasthan,Mizoram,ACC980113,ACC370850,155728.07,Remittance,UPI,0.17,False
TX0001309,2018-01-22,2018,Delhi,Rajasthan,ACC814156,ACC645660,14224.21,Trade Invoice Payment,Crypto Exchange,0.29,False
TX0001310,2018-06-19,2018,Madhya Pradesh,Jammu and Kashmir,ACC648640,ACC657233,74353.0,Hawala-linked Transfer,Crypto Exchange,0.62,False
TX0001311,2018-03-07,2018,Delhi,Haryana,ACC983887,ACC909651,25341.68,Shell Company Transfer,UPI,0.68,True
TX0001312,2022-03-16,2022,Telangana,West Bengal,ACC170471,ACC795056,10437.26,Remittance,Crypto Exchange,0.16,False
TX0001313,2022-02-04,2022,Bihar,Delhi,ACC643401,ACC399458,635709.49,Cash Deposit,UPI,0.18,False
TX0001314,2021-01-02,2021,Tamil Nadu,Assam,ACC792235,ACC449294,55440.99,Remittance,Hawala Network,0.14,False
TX0001315,2021-08-22,2021,Andhra Pradesh,Karnataka,ACC764562,ACC210555,259533.54,Trade Invoice Payment,Bank Transfer,0.14,False
TX0001316,2019-12-16,2019,Assam,Bihar,ACC318380,ACC616407,295359.17,Cash Deposit,UPI,0.15,False
TX0001317,2022-08-15,2022,West Bengal,Bihar,ACC907460,ACC693938,519423.34,Remittance,Cash,0.21,False
TX0001318,2020-12-07,2020,Andhra Pradesh,Telangana,ACC976514,ACC929359,962590.33,Shell Company Transfer,Hawala Network,0.61,False
TX0001319,2021-09-08,2021,Manipur,Mizoram,ACC397711,ACC334650,66714.36,Remittance,UPI,0.18,False
TX0001320,2021-04-16,2021,Madhya Pradesh,Manipur,ACC477525,ACC415564,147690.4,Trade Invoice Payment,Bank Transfer,0.12,False
TX0001321,2023-06-24,2023,Mizoram,Tamil Nadu,ACC168731,ACC770317,164306.59,Trade Invoice Payment,Crypto Exchange,0.18,False
TX0001322,2020-10-03,2020,Odisha,Odisha,ACC565234,ACC893927,11108.2,Trade Invoice Payment,Hawala Network,0.06,False
TX0001323,2021-11-01,2021,Andhra Pradesh,Tamil Nadu,ACC305243,ACC785357,177125.57,Cash Deposit,Cash,0.25,False
TX0001324,2022-02-14,2022,Uttar Pradesh,Tamil Nadu,ACC753050,ACC546669,97118.01,Remittance,Crypto Exchange,0.11,False
TX0001325,2023-11-02,2023,Mizoram,Punjab,ACC169709,ACC845788,154489.79,Trade Invoice Payment,Hawala Network,0.2,False
TX0001326,2018-02-22,2018,Haryana,Karnataka,ACC487596,ACC242363,14831.51,Remittance,Hawala Network,0.12,False
TX0001327,2020-05-15,2020,Manipur,Manipur,ACC727311,ACC904977,88094.94,Remittance,Bank Transfer,0.03,False
TX0001328,2019-02-14,2019,Madhya Pradesh,Karnataka,ACC136525,ACC114404,94078.08,Hawala-linked Transfer,Hawala Network,0.69,True
TX0001329,2021-10-11,2021,Uttar Pradesh,Haryana,ACC241758,ACC313416,94082.88,Crypto Off-ramp,Crypto Exchange,0.69,True
TX0001330,2023-08-09,2023,Rajasthan,Karnataka,ACC511827,ACC764746,343451.28,Trade Invoice Payment,Cash,0.18,False
TX0001331,2018-03-24,2018,Manipur,Kerala,ACC709253,ACC629875,513362.51,Remittance,UPI,0.16,False
TX0001332,2018-04-20,2018,Bihar,Madhya Pradesh,ACC544047,ACC670586,105667.09,Trade Invoice Payment,UPI,0.29,False
TX0001333,2022-03-18,2022,West Bengal,Delhi,ACC337070,ACC634140,38350.0,Cash Deposit,UPI,0.15,False
TX0001334,2024-09-21,2024,Jammu and Kashmir,Karnataka,ACC943614,ACC819752,169418.85,Trade Invoice Payment,UPI,0.27,False
TX0001335,2024-08-26,2024,Madhya Pradesh,Mizoram,ACC304320,ACC591485,319110.27,Remittance,Crypto Exchange,0.16,False
TX0001336,2024-11-26,2024,Manipur,Odisha,ACC681337,ACC263732,601654.21,Trade Invoice Payment,Hawala Network,0.19,False
TX0001337,2020-12-01,2020,Jammu and Kashmir,Assam,ACC119651,ACC898042,110388.51,Trade Invoice Payment,Crypto Exchange,0.15,False
TX0001338,2018-11-12,2018,Telangana,Gujarat,ACC860455,ACC640414,35641.78,Remittance,Cash,0.12,False
TX0001339,2021-10-06,2021,Uttar Pradesh,Telangana,ACC108617,ACC772177,3367144.54,Shell Company Transfer,Cash,0.99,True
TX0001340,2021-01-27,2021,Kerala,Tamil Nadu,ACC777993,ACC419896,518174.35,Trade Invoice Payment,Cash,0.12,False
TX0001341,2018-03-16,2018,Assam,Assam,ACC703587,ACC989384,588517.16,Remittance,Hawala Network,0.08,False
TX0001342,2020-02-25,2020,Jammu and Kashmir,Jammu and Kashmir,ACC758415,ACC291057,123508.17,Remittance,Bank Transfer,0.17,False
TX0001343,2018-11-24,2018,Tamil Nadu,Kerala,ACC920931,ACC211062,113110.5,Trade Invoice Payment,UPI,0.25,False
TX0001344,2023-09-13,2023,Odisha,Bihar,ACC483522,ACC409336,646889.46,Hawala-linked Transfer,UPI,0.72,True
TX0001345,2021-11-26,2021,Manipur,Maharashtra,ACC509236,ACC184742,57794.2,Remittance,Cash,0.17,False
TX0001346,2019-02-12,2019,Andhra Pradesh,Jammu and Kashmir,ACC482669,ACC656493,40304.95,Remittance,Hawala Network,0.13,False
TX0001347,2019-04-02,2019,Manipur,Punjab,ACC591236,ACC351229,108428.48,Hawala-linked Transfer,Hawala Network,0.66,True
TX0001348,2019-06-08,2019,Delhi,Manipur,ACC965291,ACC423363,35881.18,Hawala-linked Transfer,Hawala Network,0.59,False
TX0001349,2022-12-12,2022,Bihar,Gujarat,ACC421024,ACC629709,256389.52,Trade Invoice Payment,Hawala Network,0.22,False
TX0001350,2023-08-06,2023,Manipur,West Bengal,ACC939426,ACC381042,365038.01,Remittance,UPI,0.24,False
TX0001351,2022-12-12,2022,Haryana,Delhi,ACC539915,ACC706691,255620.22,Trade Invoice Payment,Crypto Exchange,0.15,False
TX0001352,2022-04-22,2022,Telangana,Gujarat,ACC351041,ACC981194,137236.82,Cash Deposit,Bank Transfer,0.23,False
TX0001353,2021-09-24,2021,Punjab,Manipur,ACC301787,ACC548560,139504.27,Cash Deposit,Crypto Exchange,0.14,False
TX0001354,2024-06-10,2024,Karnataka,Kerala,ACC706240,ACC497662,332642.34,Trade Invoice Payment,Cash,0.23,False
TX0001355,2022-08-15,2022,Uttar Pradesh,Haryana,ACC634359,ACC934080,27200.19,Trade Invoice Payment,Bank Transfer,0.19,False
TX0001356,2023-07-09,2023,Maharashtra,Bihar,ACC736092,ACC250113,142768.68,Remittance,Bank Transfer,0.12,False
TX0001357,2022-06-14,2022,Gujarat,Gujarat,ACC579577,ACC347766,264463.94,Cash Deposit,Bank Transfer,0.19,False
TX0001358,2019-10-24,2019,Tamil Nadu,Madhya Pradesh,ACC197322,ACC734521,56478.31,Trade Invoice Payment,Bank Transfer,0.16,False
TX0001359,2019-01-03,2019,Rajasthan,Bihar,ACC961277,ACC480894,356074.77,Trade Invoice Payment,Hawala Network,0.16,False
TX0001360,2018-02-05,2018,Karnataka,Odisha,ACC373233,ACC935242,4574.1,Remittance,Crypto Exchange,0.1,False
TX0001361,2021-06-12,2021,Kerala,Jammu and Kashmir,ACC113742,ACC349705,49770.85,Trade Invoice Payment,UPI,0.22,False
TX0001362,2019-06-05,2019,Madhya Pradesh,Karnataka,ACC599078,ACC266901,60623.06,Hawala-linked Transfer,Bank Transfer,0.57,False
TX0001363,2020-09-07,2020,Gujarat,Karnataka,ACC757040,ACC404286,109948.91,Trade Invoice Payment,UPI,0.28,False
TX0001364,2023-02-09,2023,Karnataka,Tamil Nadu,ACC583634,ACC146086,67748.84,Remittance,UPI,0.13,False
TX0001365,2018-10-21,2018,Jammu and Kashmir,Telangana,ACC744451,ACC424435,129184.34,Trade Invoice Payment,Hawala Network,0.18,False
TX0001366,2022-11-13,2022,Haryana,Tamil Nadu,ACC410830,ACC955012,10484.39,Trade Invoice Payment,Bank Transfer,0.25,False
TX0001367,2022-05-16,2022,Punjab,Andhra Pradesh,ACC781199,ACC895754,178094.47,Trade Invoice Payment,Bank Transfer,0.28,False
TX0001368,2024-07-19,2024,Telangana,Delhi,ACC139551,ACC152816,43372.18,Cash Deposit,Crypto Exchange,0.12,False
TX0001369,2022-05-18,2022,Tamil Nadu,Manipur,ACC944963,ACC432512,313649.07,Cash Deposit,Hawala Network,0.13,False
TX0001370,2021-01-13,2021,Rajasthan,Kerala,ACC141754,ACC914518,82261.15,Trade Invoice Payment,Bank Transfer,0.2,False
TX0001371,2023-12-24,2023,Bihar,Jammu and Kashmir,ACC484181,ACC842653,113101.79,Trade Invoice Payment,UPI,0.27,False
TX0001372,2024-12-02,2024,Telangana,Assam,ACC328470,ACC987214,888577.05,Trade Invoice Payment,Hawala Network,0.21,False
TX0001373,2023-05-15,2023,Odisha,Bihar,ACC883733,ACC169671,10264.34,Hawala-linked Transfer,Crypto Exchange,0.68,True
TX0001374,2020-12-10,2020,Karnataka,Telangana,ACC592576,ACC532435,192856.65,Trade Invoice Payment,Hawala Network,0.16,False
TX0001375,2024-11-12,2024,Karnataka,Kerala,ACC933372,ACC646894,24648.1,Cash Deposit,Bank Transfer,0.17,False
TX0001376,2020-09-12,2020,Kerala,Karnataka,ACC638558,ACC758734,102599.16,Cash Deposit,Hawala Network,0.15,False
TX0001377,2022-10-21,2022,Madhya Pradesh,Haryana,ACC847510,ACC321188,114216.03,Trade Invoice Payment,Crypto Exchange,0.15,False
TX0001378,2023-05-08,2023,Manipur,Punjab,ACC688349,ACC414497,44358.73,Remittance,Bank Transfer,0.1,False
TX0001379,2020-10-15,2020,Karnataka,West Bengal,ACC591204,ACC815164,13046.9,Trade Invoice Payment,UPI,0.28,False
TX0001380,2019-06-15,2019,Rajasthan,Maharashtra,ACC392803,ACC946801,94269.13,Remittance,Cash,0.12,False
TX0001381,2020-04-17,2020,Karnataka,West Bengal,ACC677512,ACC280198,100531.9,Remittance,Crypto Exchange,0.12,False
TX0001382,2023-10-21,2023,Odisha,Andhra Pradesh,ACC676837,ACC489969,159484.31,Cash Deposit,Crypto Exchange,0.28,False
TX0001383,2024-10-13,2024,Karnataka,Madhya Pradesh,ACC254928,ACC806324,475626.0,Crypto Off-ramp,UPI,0.57,False
TX0001384,2021-05-08,2021,Maharashtra,Karnataka,ACC426619,ACC840340,304709.93,Remittance,Bank Transfer,0.26,False
TX0001385,2021-12-12,2021,Bihar,Assam,ACC258381,ACC357207,405626.14,Hawala-linked Transfer,Cash,0.6,False
TX0001386,2022-08-13,2022,Delhi,Punjab,ACC694175,ACC661857,179327.22,Trade Invoice Payment,UPI,0.18,False
TX0001387,2023-12-10,2023,Madhya Pradesh,Andhra Pradesh,ACC285225,ACC708121,27279.74,Remittance,Hawala Network,0.29,False
TX0001388,2020-09-26,2020,Bihar,Manipur,ACC342973,ACC460886,43752.45,Remittance,Bank Transfer,0.22,False
TX0001389,2018-08-22,2018,Gujarat,Rajasthan,ACC383341,ACC903948,23703.02,Trade Invoice Payment,Hawala Network,0.23,False
TX0001390,2018-06-19,2018,West Bengal,Odisha,ACC719338,ACC847484,36217.07,Hawala-linked Transfer,Cash,0.68,True
TX0001391,2018-12-07,2018,Punjab,Bihar,ACC797699,ACC418102,18716.45,Trade Invoice Payment,UPI,0.19,False
TX0001392,2021-11-08,2021,Andhra Pradesh,Bihar,ACC404738,ACC737756,54064.61,Hawala-linked Transfer,Hawala Network,0.71,True
TX0001393,2022-05-12,2022,Punjab,Bihar,ACC582596,ACC950356,42623.62,Trade Invoice Payment,Crypto Exchange,0.22,False
TX0001394,2024-07-03,2024,Uttar Pradesh,Manipur,ACC479626,ACC407237,102639.79,Hawala-linked Transfer,Crypto Exchange,0.66,True
TX0001395,2024-11-06,2024,Madhya Pradesh,Gujarat,ACC586059,ACC115642,6405.55,Remittance,Cash,0.26,False
TX0001396,2022-06-12,2022,Madhya Pradesh,Haryana,ACC613394,ACC483704,43327.43,Cash Deposit,Bank Transfer,0.19,False
TX0001397,2018-11-26,2018,Karnataka,Telangana,ACC216776,ACC585812,181981.49,Trade Invoice Payment,Hawala Network,0.22,False
TX0001398,2021-05-17,2021,Mizoram,Madhya Pradesh,ACC748052,ACC207514,280567.1,Remittance,UPI,0.16,False
TX0001399,2022-01-14,2022,Kerala,Gujarat,ACC423409,ACC628063,290389.53,Trade Invoice Payment,Hawala Network,0.27,False
TX0001400,2018-05-22,2018,Gujarat,Rajasthan,ACC609446,ACC185804,34524.18,Cash Deposit,UPI,0.15,False
TX0001401,2023-10-04,2023,Uttar Pradesh,West Bengal,ACC652402,ACC242225,60506.25,Trade Invoice Payment,Hawala Network,0.25,False
TX0001402,2022-03-13,2022,Odisha,Rajasthan,ACC515574,ACC304393,53534.35,Remittance,Crypto Exchange,0.29,False
TX0001403,2022-02-27,2022,Gujarat,Punjab,ACC253007,ACC833198,187896.89,Trade Invoice Payment,Crypto Exchange,0.21,False
TX0001404,2021-08-25,2021,Kerala,Delhi,ACC958565,ACC620478,1211742.88,Remittance,Cash,0.13,False
TX0001405,2020-09-16,2020,Uttar Pradesh,Maharashtra,ACC101758,ACC260475,23411.21,Remittance,Hawala Network,0.22,False
TX0001406,2020-10-13,2020,Kerala,Kerala,ACC870365,ACC872820,54302.72,Cash Deposit,Bank Transfer,0.19,False
TX0001407,2020-07-16,2020,Rajasthan,Uttar Pradesh,ACC818914,ACC902356,393727.21,Remittance,UPI,0.1,False
TX0001408,2021-03-17,2021,Odisha,West Bengal,ACC419843,ACC484350,92749.72,Trade Invoice Payment,Crypto Exchange,0.2,False
TX0001409,2022-12-01,2022,Punjab,Karnataka,ACC979328,ACC133178,203583.82,Remittance,Cash,0.2,False
TX0001410,2023-06-26,2023,Maharashtra,Tamil Nadu,ACC411140,ACC175629,66004.08,Remittance,Cash,0.27,False
TX0001411,2018-03-23,2018,Karnataka,Maharashtra,ACC145846,ACC942443,50227.94,Shell Company Transfer,Bank Transfer,0.6,False
TX0001412,2023-08-19,2023,Tamil Nadu,Odisha,ACC762653,ACC469928,326582.97,Trade Invoice Payment,Crypto Exchange,0.11,False
TX0001413,2022-12-24,2022,Karnataka,Maharashtra,ACC411885,ACC425616,106752.91,Trade Invoice Payment,UPI,0.26,False
TX0001414,2018-04-22,2018,Gujarat,Rajasthan,ACC962009,ACC711170,103754.72,Remittance,Hawala Network,0.19,False
TX0001415,2018-03-15,2018,Andhra Pradesh,Assam,ACC691072,ACC608879,224689.85,Trade Invoice Payment,Crypto Exchange,0.23,False
TX0001416,2018-05-19,2018,Andhra Pradesh,West Bengal,ACC582413,ACC500748,691643.07,Shell Company Transfer,Bank Transfer,0.71,True
TX0001417,2024-09-10,2024,Mizoram,Kerala,ACC584818,ACC288977,130086.7,Remittance,Bank Transfer,0.18,False
TX0001418,2024-01-09,2024,Tamil Nadu,Haryana,ACC605037,ACC162492,250430.01,Cash Deposit,UPI,0.16,False
TX0001419,2019-05-24,2019,Tamil Nadu,Uttar Pradesh,ACC314983,ACC590332,54987.14,Trade Invoice Payment,Crypto Exchange,0.2,False
TX0001420,2022-12-24,2022,Uttar Pradesh,Gujarat,ACC859605,ACC343876,800336.84,Remittance,UPI,0.14,False
TX0001421,2023-03-01,2023,West Bengal,Jammu and Kashmir,ACC327370,ACC319038,200074.08,Shell Company Transfer,UPI,0.62,False
TX0001422,2018-11-20,2018,Rajasthan,Madhya Pradesh,ACC331827,ACC180415,68335.35,Trade Invoice Payment,Cash,0.19,False
TX0001423,2020-10-08,2020,Telangana,Jammu and Kashmir,ACC541725,ACC224734,17283.23,Trade Invoice Payment,Bank Transfer,0.19,False
TX0001424,2019-07-26,2019,Uttar Pradesh,Jammu and Kashmir,ACC858557,ACC415890,69131.8,Trade Invoice Payment,UPI,0.27,False
TX0001425,2021-08-05,2021,Jammu and Kashmir,Odisha,ACC636555,ACC529489,169046.54,Trade Invoice Payment,UPI,0.28,False
TX0001426,2023-11-16,2023,Haryana,Mizoram,ACC719003,ACC989890,30805.89,Cash Deposit,Hawala Network,0.17,False
TX0001427,2024-05-09,2024,Mizoram,West Bengal,ACC972612,ACC341579,74208.67,Trade Invoice Payment,UPI,0.13,False
TX0001428,2024-08-09,2024,Haryana,Karnataka,ACC840283,ACC474120,128728.29,Cash Deposit,UPI,0.27,False
TX0001429,2019-12-21,2019,Gujarat,Tamil Nadu,ACC355325,ACC450908,253467.79,Hawala-linked Transfer,UPI,0.65,True
TX0001430,2024-01-26,2024,Odisha,Gujarat,ACC812503,ACC330137,92121.94,Shell Company Transfer,Bank Transfer,0.69,True
TX0001431,2021-04-12,2021,Bihar,Bihar,ACC614410,ACC311323,50341.46,Remittance,Cash,0.02,False
TX0001432,2019-04-07,2019,West Bengal,Andhra Pradesh,ACC912946,ACC842615,712720.74,Remittance,Bank Transfer,0.3,False
TX0001433,2021-05-21,2021,Gujarat,Gujarat,ACC644869,ACC874430,45685.68,Trade Invoice Payment,Crypto Exchange,0.2,False
TX0001434,2022-08-22,2022,Rajasthan,Gujarat,ACC479750,ACC345157,1143359.57,Remittance,Cash,0.22,False
TX0001435,2022-06-08,2022,Odisha,Madhya Pradesh,ACC333310,ACC978718,148220.23,Remittance,UPI,0.29,False
TX0001436,2023-04-12,2023,Manipur,West Bengal,ACC848281,ACC350364,165070.2,Remittance,UPI,0.25,False
TX0001437,2021-09-19,2021,Tamil Nadu,Rajasthan,ACC206671,ACC261014,642600.95,Trade Invoice Payment,Bank Transfer,0.29,False
TX0001438,2024-12-24,2024,Kerala,Gujarat,ACC665731,ACC542166,43794.2,Trade Invoice Payment,Cash,0.26,False
TX0001439,2023-10-04,2023,Rajasthan,Delhi,ACC595665,ACC852156,87358.31,Shell Company Transfer,Crypto Exchange,0.63,False
TX0001440,2018-01-12,2018,Haryana,Haryana,ACC759832,ACC168581,14366.47,Cash Deposit,Cash,0.09,False
TX0001441,2019-10-01,2019,Delhi,Odisha,ACC776144,ACC466416,61467.93,Crypto Off-ramp,UPI,0.74,True
TX0001442,2018-12-05,2018,Rajasthan,West Bengal,ACC459981,ACC797395,30488.63,Trade Invoice Payment,Cash,0.15,False
TX0001443,2019-03-16,2019,Mizoram,Odisha,ACC250385,ACC914910,403517.47,Cash Deposit,Bank Transfer,0.2,False
TX0001444,2024-08-24,2024,Rajasthan,Delhi,ACC307254,ACC668696,131739.75,Shell Company Transfer,Crypto Exchange,0.72,True
TX0001445,2019-04-08,2019,Karnataka,West Bengal,ACC172793,ACC867003,35320.75,Remittance,Cash,0.27,False
TX0001446,2023-12-13,2023,Maharashtra,Madhya Pradesh,ACC886810,ACC311230,9282.97,Cash Deposit,Hawala Network,0.22,False
TX0001447,2020-03-19,2020,West Bengal,Haryana,ACC338393,ACC532796,213159.92,Hawala-linked Transfer,Hawala Network,0.71,True
TX0001448,2020-06-10,2020,Telangana,Madhya Pradesh,ACC224140,ACC582866,383056.64,Cash Deposit,UPI,0.14,False
TX0001449,2023-05-03,2023,Odisha,West Bengal,ACC562067,ACC435094,41577.5,Trade Invoice Payment,UPI,0.15,False
TX0001450,2020-06-14,2020,Gujarat,Kerala,ACC569296,ACC775055,173602.38,Trade Invoice Payment,Crypto Exchange,0.16,False
TX0001451,2018-09-22,2018,Delhi,Kerala,ACC906451,ACC223222,108397.02,Trade Invoice Payment,Hawala Network,0.12,False
TX0001452,2019-07-06,2019,West Bengal,Haryana,ACC948971,ACC769011,48764.83,Remittance,Bank Transfer,0.21,False
TX0001453,2024-10-17,2024,Andhra Pradesh,Gujarat,ACC581438,ACC233066,294999.02,Trade Invoice Payment,Hawala Network,0.25,False
TX0001454,2023-12-03,2023,Tamil Nadu,Mizoram,ACC920432,ACC212215,14257.5,Trade Invoice Payment,Crypto Exchange,0.17,False
TX0001455,2023-06-12,2023,Manipur,Tamil Nadu,ACC708879,ACC249307,117828.32,Cash Deposit,Hawala Network,0.21,False
TX0001456,2023-01-09,2023,Odisha,West Bengal,ACC664834,ACC176433,144922.46,Shell Company Transfer,Cash,0.62,False
TX0001457,2021-07-01,2021,Punjab,Mizoram,ACC487413,ACC764293,7629.78,Remittance,Cash,0.18,False
TX0001458,2019-12-15,2019,Delhi,Manipur,ACC526555,ACC634408,60240.57,Hawala-linked Transfer,Crypto Exchange,0.59,False
TX0001459,2019-04-11,2019,Assam,Assam,ACC987448,ACC201154,16420.18,Cash Deposit,UPI,0.13,False
TX0001460,2020-12-02,2020,Manipur,Odisha,ACC433133,ACC769686,54416.95,Trade Invoice Payment,UPI,0.17,False
TX0001461,2020-07-03,2020,Mizoram,Odisha,ACC762138,ACC714520,213657.1,Remittance,UPI,0.13,False
TX0001462,2023-02-23,2023,Maharashtra,Bihar,ACC474753,ACC734449,1218.88,Remittance,Cash,0.28,False
TX0001463,2018-04-06,2018,Andhra Pradesh,Haryana,ACC841053,ACC143038,73420.66,Remittance,Hawala Network,0.27,False
TX0001464,2018-02-26,2018,Kerala,Tamil Nadu,ACC431164,ACC189891,133385.29,Shell Company Transfer,Bank Transfer,0.6,False
TX0001465,2019-06-03,2019,Manipur,Haryana,ACC101062,ACC569382,107983.96,Cash Deposit,Bank Transfer,0.1,False
TX0001466,2019-09-03,2019,Jammu and Kashmir,Punjab,ACC957031,ACC797000,95158.37,Shell Company Transfer,Crypto Exchange,0.67,True
TX0001467,2021-03-04,2021,Rajasthan,Haryana,ACC155700,ACC485507,13874.79,Hawala-linked Transfer,UPI,0.69,True
TX0001468,2023-09-20,2023,Madhya Pradesh,Uttar Pradesh,ACC404673,ACC455710,22821.16,Shell Company Transfer,Crypto Exchange,0.68,True
TX0001469,2018-10-01,2018,Madhya Pradesh,Madhya Pradesh,ACC153862,ACC955189,233460.75,Trade Invoice Payment,Crypto Exchange,0.17,False
TX0001470,2024-05-22,2024,Gujarat,Odisha,ACC116627,ACC312839,131493.09,Trade Invoice Payment,Crypto Exchange,0.15,False
TX0001471,2021-03-17,2021,Delhi,Telangana,ACC326531,ACC736276,152694.18,Remittance,Bank Transfer,0.26,False
TX0001472,2019-12-17,2019,Punjab,Andhra Pradesh,ACC298071,ACC279152,389662.95,Shell Company Transfer,Crypto Exchange,0.74,True
TX0001473,2019-02-20,2019,Gujarat,Telangana,ACC429282,ACC772556,276301.54,Trade Invoice Payment,Hawala Network,0.23,False
TX0001474,2021-01-07,2021,Uttar Pradesh,West Bengal,ACC950382,ACC142954,319325.81,Trade Invoice Payment,Hawala Network,0.2,False
TX0001475,2023-10-21,2023,Assam,Telangana,ACC887347,ACC499456,61699.11,Cash Deposit,UPI,0.16,False
TX0001476,2023-03-02,2023,Haryana,Telangana,ACC256277,ACC928750,59265.68,Shell Company Transfer,UPI,0.69,True
TX0001477,2023-11-12,2023,Gujarat,Karnataka,ACC230583,ACC775091,412114.04,Cash Deposit,UPI,0.28,False
TX0001478,2022-03-15,2022,Andhra Pradesh,Maharashtra,ACC648788,ACC241956,117131.91,Remittance,Bank Transfer,0.13,False
TX0001479,2021-10-03,2021,Andhra Pradesh,Jammu and Kashmir,ACC739107,ACC958404,56576.14,Cash Deposit,Bank Transfer,0.2,False
TX0001480,2020-07-17,2020,Bihar,Madhya Pradesh,ACC458604,ACC821572,51772.6,Shell Company Transfer,Cash,0.6,False
TX0001481,2018-10-15,2018,Maharashtra,Punjab,ACC343190,ACC548260,46256.63,Trade Invoice Payment,Crypto Exchange,0.24,False
TX0001482,2024-06-14,2024,Manipur,Rajasthan,ACC433666,ACC702153,45932.81,Trade Invoice Payment,Bank Transfer,0.29,False
TX0001483,2023-05-17,2023,Maharashtra,Tamil Nadu,ACC215571,ACC706311,36802.17,Cash Deposit,Bank Transfer,0.23,False
TX0001484,2020-03-13,2020,West Bengal,Manipur,ACC937073,ACC795376,121031.09,Crypto Off-ramp,Cash,0.6,False
TX0001485,2020-02-19,2020,Andhra Pradesh,Karnataka,ACC463215,ACC109229,226348.8,Remittance,Hawala Network,0.24,False
TX0001486,2022-02-16,2022,Haryana,Bihar,ACC444927,ACC252875,329036.26,Shell Company Transfer,Cash,0.71,True
TX0001487,2020-06-15,2020,Gujarat,Madhya Pradesh,ACC509013,ACC278711,613673.27,Trade Invoice Payment,Hawala Network,0.16,False
TX0001488,2020-06-06,2020,Telangana,Assam,ACC790364,ACC706637,697557.26,Remittance,Crypto Exchange,0.29,False
TX0001489,2020-08-26,2020,Gujarat,Manipur,ACC952949,ACC494680,32821.03,Hawala-linked Transfer,Hawala Network,0.72,True
TX0001490,2018-10-09,2018,Mizoram,Manipur,ACC828394,ACC197545,838072.35,Remittance,Bank Transfer,0.24,False
TX0001491,2018-12-06,2018,Jammu and Kashmir,Assam,ACC762833,ACC557042,12556.12,Remittance,UPI,0.26,False
TX0001492,2023-11-27,2023,Uttar Pradesh,Kerala,ACC402979,ACC925675,131627.22,Hawala-linked Transfer,Cash,0.65,True
TX0001493,2022-08-25,2022,Karnataka,West Bengal,ACC545247,ACC966265,35949.2,Trade Invoice Payment,Hawala Network,0.14,False
TX0001494,2024-04-11,2024,Assam,Jammu and Kashmir,ACC574188,ACC702730,101702.82,Cash Deposit,Bank Transfer,0.28,False
TX0001495,2020-10-13,2020,Telangana,Haryana,ACC501101,ACC772212,66685.04,Hawala-linked Transfer,Hawala Network,0.7,True
TX0001496,2020-06-23,2020,Assam,Andhra Pradesh,ACC634318,ACC162181,206969.41,Crypto Off-ramp,Cash,0.59,False
TX0001497,2022-08-16,2022,Bihar,Jammu and Kashmir,ACC813548,ACC863647,103267.87,Cash Deposit,Crypto Exchange,0.3,False
TX0001498,2018-11-10,2018,Andhra Pradesh,Kerala,ACC229693,ACC962243,139064.45,Trade Invoice Payment,Cash,0.21,False
TX0001499,2024-05-01,2024,Karnataka,Madhya Pradesh,ACC920707,ACC230011,58961.79,Trade Invoice Payment,Cash,0.23,False
TX0001500,2024-06-03,2024,Madhya Pradesh,Maharashtra,ACC226945,ACC992726,921993.51,Trade Invoice Payment,Cash,0.13,False
TX0001501,2021-05-21,2021,Madhya Pradesh,Uttar Pradesh,ACC555504,ACC666829,23378.99,Trade Invoice Payment,Cash,0.26,False
TX0001502,2021-10-04,2021,Tamil Nadu,West Bengal,ACC217857,ACC964946,158223.2,Hawala-linked Transfer,Bank Transfer,0.68,True
TX0001503,2019-02-07,2019,Maharashtra,Assam,ACC372165,ACC754856,6826.08,Shell Company Transfer,Bank Transfer,0.58,False
TX0001504,2021-12-21,2021,Andhra Pradesh,Uttar Pradesh,ACC432053,ACC179400,142432.54,Crypto Off-ramp,Crypto Exchange,0.74,True
TX0001505,2019-07-04,2019,West Bengal,Bihar,ACC381852,ACC260266,90170.68,Hawala-linked Transfer,UPI,0.74,True
TX0001506,2020-05-01,2020,West Bengal,Assam,ACC940950,ACC608970,444327.54,Trade Invoice Payment,Crypto Exchange,0.14,False
TX0001507,2020-04-03,2020,Assam,Kerala,ACC288535,ACC979704,16426.05,Trade Invoice Payment,Cash,0.21,False
TX0001508,2023-06-23,2023,Odisha,Kerala,ACC248076,ACC261361,5785.92,Trade Invoice Payment,Bank Transfer,0.26,False
TX0001509,2024-08-22,2024,Andhra Pradesh,Andhra Pradesh,ACC259770,ACC326826,24815.54,Remittance,Crypto Exchange,0.19,False
TX0001510,2018-07-18,2018,Uttar Pradesh,Manipur,ACC613013,ACC271750,40176.34,Trade Invoice Payment,Bank Transfer,0.22,False
TX0001511,2021-12-13,2021,Manipur,Delhi,ACC519069,ACC131548,261567.59,Trade Invoice Payment,Cash,0.11,False
TX0001512,2022-06-27,2022,Madhya Pradesh,Manipur,ACC929469,ACC529273,84014.63,Cash Deposit,Bank Transfer,0.23,False
TX0001513,2024-05-18,2024,West Bengal,Andhra Pradesh,ACC660572,ACC346821,43562.92,Trade Invoice Payment,Hawala Network,0.3,False
TX0001514,2018-11-27,2018,Telangana,Karnataka,ACC717172,ACC922771,349200.65,Trade Invoice Payment,Bank Transfer,0.25,False
TX0001515,2018-02-04,2018,Punjab,Gujarat,ACC501541,ACC471414,254900.61,Cash Deposit,UPI,0.22,False
TX0001516,2021-04-18,2021,Kerala,Bihar,ACC738876,ACC249187,237596.82,Hawala-linked Transfer,Crypto Exchange,0.74,True
TX0001517,2023-08-26,2023,Odisha,Maharashtra,ACC413848,ACC635575,19913.3,Remittance,Crypto Exchange,0.27,False
TX0001518,2022-09-17,2022,Madhya Pradesh,Assam,ACC468387,ACC982084,31593.35,Trade Invoice Payment,Hawala Network,0.16,False
TX0001519,2023-07-06,2023,West Bengal,Uttar Pradesh,ACC733728,ACC158798,210031.05,Remittance,Hawala Network,0.11,False
TX0001520,2022-08-17,2022,Kerala,Odisha,ACC678011,ACC308266,18158.48,Trade Invoice Payment,Crypto Exchange,0.23,False
TX0001521,2018-08-14,2018,Assam,Karnataka,ACC534559,ACC844194,313774.16,Trade Invoice Payment,UPI,0.16,False
TX0001522,2024-11-14,2024,Madhya Pradesh,Mizoram,ACC966288,ACC163522,7469.47,Hawala-linked Transfer,UPI,0.7,True
TX0001523,2020-01-06,2020,Andhra Pradesh,Maharashtra,ACC606661,ACC426633,154919.97,Hawala-linked Transfer,Cash,0.64,False
TX0001524,2024-05-08,2024,Manipur,Delhi,ACC454010,ACC818572,267503.37,Cash Deposit,Hawala Network,0.13,False
TX0001525,2022-08-22,2022,Odisha,Tamil Nadu,ACC500909,ACC870858,772570.75,Cash Deposit,Bank Transfer,0.24,False
TX0001526,2019-03-03,2019,West Bengal,Punjab,ACC250619,ACC701011,480716.41,Trade Invoice Payment,Bank Transfer,0.1,False
TX0001527,2024-11-12,2024,Karnataka,Odisha,ACC423217,ACC988366,10129.49,Crypto Off-ramp,Crypto Exchange,0.63,False
TX0001528,2018-08-24,2018,Delhi,Assam,ACC442998,ACC124004,12187.12,Remittance,Bank Transfer,0.3,False
TX0001529,2020-05-08,2020,Assam,West Bengal,ACC113666,ACC822435,633863.34,Trade Invoice Payment,Crypto Exchange,0.22,False
TX0001530,2024-05-08,2024,West Bengal,Telangana,ACC532460,ACC470846,142119.66,Trade Invoice Payment,Bank Transfer,0.25,False
TX0001531,2024-04-01,2024,Kerala,Madhya Pradesh,ACC725516,ACC503566,344073.47,Hawala-linked Transfer,UPI,0.61,False
TX0001532,2019-08-26,2019,Manipur,Maharashtra,ACC390621,ACC224429,144434.51,Remittance,Bank Transfer,0.21,False
TX0001533,2021-07-25,2021,Punjab,Delhi,ACC744039,ACC601520,45608.45,Trade Invoice Payment,Bank Transfer,0.28,False
TX0001534,2024-10-27,2024,Uttar Pradesh,Maharashtra,ACC246390,ACC830346,162927.94,Trade Invoice Payment,Crypto Exchange,0.24,False
TX0001535,2021-10-01,2021,Telangana,Rajasthan,ACC668496,ACC725548,174866.83,Cash Deposit,Hawala Network,0.11,False
TX0001536,2022-05-12,2022,Manipur,Jammu and Kashmir,ACC547156,ACC601491,92605.7,Trade Invoice Payment,UPI,0.17,False
TX0001537,2024-03-17,2024,Delhi,Andhra Pradesh,ACC619411,ACC815326,206408.12,Remittance,Hawala Network,0.26,False
TX0001538,2023-02-10,2023,Gujarat,Delhi,ACC704946,ACC571534,74907.87,Remittance,Bank Transfer,0.26,False
TX0001539,2020-07-15,2020,Jammu and Kashmir,Rajasthan,ACC508873,ACC878007,112477.86,Remittance,UPI,0.22,False
TX0001540,2021-08-16,2021,West Bengal,Kerala,ACC973283,ACC490258,12264.69,Crypto Off-ramp,Bank Transfer,0.59,False
TX0001541,2018-01-01,2018,Haryana,Bihar,ACC617715,ACC284481,127095.32,Remittance,UPI,0.2,False
TX0001542,2018-02-19,2018,Telangana,Delhi,ACC163589,ACC204717,655403.98,Trade Invoice Payment,Hawala Network,0.29,False
TX0001543,2021-01-06,2021,Karnataka,Punjab,ACC353834,ACC186059,42887.92,Remittance,Crypto Exchange,0.16,False
TX0001544,2022-03-23,2022,Rajasthan,Manipur,ACC154926,ACC969396,182442.93,Remittance,UPI,0.3,False
TX0001545,2023-02-02,2023,Odisha,Manipur,ACC243830,ACC475706,196900.17,Trade Invoice Payment,Crypto Exchange,0.18,False
TX0001546,2024-03-20,2024,Tamil Nadu,Rajasthan,ACC626538,ACC135458,205966.49,Trade Invoice Payment,Bank Transfer,0.26,False
TX0001547,2024-07-14,2024,Assam,Karnataka,ACC938059,ACC567664,334409.19,Remittance,UPI,0.17,False
TX0001548,2019-10-11,2019,Tamil Nadu,Rajasthan,ACC623662,ACC191252,520588.16,Hawala-linked Transfer,Crypto Exchange,0.61,False
TX0001549,2022-12-13,2022,West Bengal,Mizoram,ACC977169,ACC411907,183565.98,Remittance,Crypto Exchange,0.28,False
TX0001550,2022-07-26,2022,Haryana,Gujarat,ACC523398,ACC404774,91888.63,Hawala-linked Transfer,Bank Transfer,0.74,True
TX0001551,2020-08-09,2020,Maharashtra,Telangana,ACC498089,ACC869547,229574.0,Trade Invoice Payment,UPI,0.28,False
TX0001552,2019-11-18,2019,Rajasthan,Mizoram,ACC696648,ACC339030,52349.7,Remittance,UPI,0.3,False
TX0001553,2024-06-02,2024,Assam,Madhya Pradesh,ACC984797,ACC367905,117200.46,Shell Company Transfer,UPI,0.66,True
TX0001554,2019-05-17,2019,Assam,Karnataka,ACC798320,ACC444202,429061.41,Shell Company Transfer,UPI,0.69,True
TX0001555,2024-10-26,2024,Jammu and Kashmir,West Bengal,ACC740137,ACC826792,240908.73,Crypto Off-ramp,Bank Transfer,0.7,True
TX0001556,2018-04-08,2018,West Bengal,Gujarat,ACC174047,ACC440191,134630.3,Trade Invoice Payment,Crypto Exchange,0.14,False
TX0001557,2021-03-02,2021,Maharashtra,Jammu and Kashmir,ACC670728,ACC638663,134033.79,Cash Deposit,UPI,0.22,False
TX0001558,2022-12-07,2022,Uttar Pradesh,Maharashtra,ACC320941,ACC651494,11772.92,Trade Invoice Payment,Bank Transfer,0.2,False
TX0001559,2021-07-18,2021,Haryana,Karnataka,ACC728661,ACC124924,56066.58,Trade Invoice Payment,Cash,0.16,False
TX0001560,2023-02-21,2023,Odisha,Madhya Pradesh,ACC300116,ACC368217,60367.5,Remittance,UPI,0.16,False
TX0001561,2020-10-20,2020,Manipur,Delhi,ACC163317,ACC387010,120710.36,Trade Invoice Payment,Hawala Network,0.19,False
TX0001562,2023-12-03,2023,Kerala,Kerala,ACC648356,ACC278703,61984.57,Trade Invoice Payment,Bank Transfer,0.05,False
TX0001563,2024-07-08,2024,Bihar,Bihar,ACC985839,ACC430960,94725.39,Trade Invoice Payment,Hawala Network,0.0,False
TX0001564,2023-07-16,2023,Telangana,Kerala,ACC695339,ACC621506,117898.09,Remittance,UPI,0.23,False
TX0001565,2018-03-15,2018,Punjab,Tamil Nadu,ACC160329,ACC433789,543670.26,Remittance,Hawala Network,0.26,False
TX0001566,2020-12-22,2020,Rajasthan,Telangana,ACC730343,ACC537159,90005.26,Trade Invoice Payment,Hawala Network,0.1,False
TX0001567,2019-03-23,2019,Assam,Haryana,ACC552801,ACC377164,30995.39,Trade Invoice Payment,Crypto Exchange,0.14,False
TX0001568,2024-09-10,2024,Bihar,Punjab,ACC675319,ACC179806,691244.45,Trade Invoice Payment,Crypto Exchange,0.28,False
TX0001569,2019-09-27,2019,Rajasthan,Assam,ACC497600,ACC952242,86194.87,Cash Deposit,Hawala Network,0.2,False
TX0001570,2024-07-05,2024,Rajasthan,Kerala,ACC386996,ACC557016,87069.85,Remittance,Hawala Network,0.11,False
TX0001571,2018-07-26,2018,Delhi,Delhi,ACC179781,ACC439621,22063.12,Remittance,Hawala Network,0.1,False
TX0001572,2022-12-06,2022,Jammu and Kashmir,West Bengal,ACC327326,ACC921375,60947.1,Crypto Off-ramp,Crypto Exchange,0.62,False
TX0001573,2024-10-08,2024,Jammu and Kashmir,Haryana,ACC918502,ACC187065,149283.02,Remittance,Hawala Network,0.21,False
TX0001574,2018-11-14,2018,Andhra Pradesh,Punjab,ACC200930,ACC683787,320343.87,Shell Company Transfer,UPI,0.56,False
TX0001575,2022-09-04,2022,Kerala,Maharashtra,ACC986150,ACC999740,62790.46,Shell Company Transfer,Cash,0.55,False
TX0001576,2020-01-25,2020,Karnataka,Assam,ACC459340,ACC969078,70707.58,Crypto Off-ramp,Hawala Network,0.7,True
TX0001577,2019-03-01,2019,Rajasthan,Assam,ACC328934,ACC340033,371021.23,Shell Company Transfer,Crypto Exchange,0.72,True
TX0001578,2018-04-06,2018,Assam,Delhi,ACC759859,ACC209646,256834.12,Trade Invoice Payment,Bank Transfer,0.15,False
TX0001579,2021-06-20,2021,Rajasthan,Haryana,ACC721604,ACC895494,188763.56,Trade Invoice Payment,Cash,0.21,False
TX0001580,2022-05-05,2022,Punjab,Uttar Pradesh,ACC872573,ACC681737,98369.09,Hawala-linked Transfer,Bank Transfer,0.57,False
TX0001581,2019-09-26,2019,Karnataka,Telangana,ACC570098,ACC357460,172878.78,Cash Deposit,Crypto Exchange,0.29,False
TX0001582,2021-05-04,2021,Bihar,West Bengal,ACC358617,ACC873610,410093.53,Trade Invoice Payment,Cash,0.12,False
TX0001583,2023-05-27,2023,Bihar,Punjab,ACC761704,ACC775498,184299.97,Cash Deposit,UPI,0.14,False
TX0001584,2018-02-24,2018,Delhi,Jammu and Kashmir,ACC696684,ACC741134,53005.78,Remittance,Crypto Exchange,0.28,False
TX0001585,2018-04-12,2018,Gujarat,Assam,ACC643438,ACC201038,87652.65,Cash Deposit,Cash,0.21,False
TX0001586,2022-09-13,2022,Madhya Pradesh,Assam,ACC585633,ACC941122,1715318.27,Crypto Off-ramp,Hawala Network,0.63,False
TX0001587,2019-08-06,2019,Mizoram,Kerala,ACC350110,ACC534173,428520.48,Remittance,Bank Transfer,0.12,False
TX0001588,2022-09-14,2022,West Bengal,Uttar Pradesh,ACC443040,ACC609299,32914.1,Remittance,Crypto Exchange,0.21,False
TX0001589,2021-05-09,2021,Jammu and Kashmir,Rajasthan,ACC844978,ACC807108,30712.89,Trade Invoice Payment,Hawala Network,0.27,False
TX0001590,2021-09-18,2021,Odisha,Telangana,ACC438809,ACC672587,212912.93,Crypto Off-ramp,Cash,0.55,False
TX0001591,2023-03-03,2023,Andhra Pradesh,Mizoram,ACC189210,ACC260531,134415.6,Trade Invoice Payment,Crypto Exchange,0.19,False
TX0001592,2021-02-06,2021,Punjab,Haryana,ACC517142,ACC480472,121046.47,Trade Invoice Payment,Cash,0.17,False
TX0001593,2020-03-27,2020,Telangana,Kerala,ACC239766,ACC204862,37179.14,Trade Invoice Payment,Crypto Exchange,0.21,False
TX0001594,2021-06-04,2021,Manipur,Andhra Pradesh,ACC625267,ACC310068,51502.7,Remittance,Hawala Network,0.23,False
TX0001595,2023-07-25,2023,Kerala,Delhi,ACC839186,ACC856255,45087.84,Trade Invoice Payment,UPI,0.2,False
TX0001596,2018-09-05,2018,Kerala,Karnataka,ACC526713,ACC163425,51782.73,Hawala-linked Transfer,UPI,0.58,False
TX0001597,2018-04-12,2018,Rajasthan,Gujarat,ACC425800,ACC817095,378545.71,Trade Invoice Payment,Cash,0.11,False
TX0001598,2020-04-12,2020,Odisha,Telangana,ACC413671,ACC599071,219170.62,Remittance,Cash,0.26,False
TX0001599,2023-08-05,2023,Delhi,Uttar Pradesh,ACC718462,ACC678815,43705.91,Cash Deposit,Cash,0.2,False
TX0001600,2021-05-21,2021,Rajasthan,Delhi,ACC969075,ACC997886,386070.14,Cash Deposit,Hawala Network,0.2,False
TX0001601,2022-04-14,2022,Haryana,Telangana,ACC571885,ACC712220,254199.69,Trade Invoice Payment,Crypto Exchange,0.28,False
TX0001602,2020-10-27,2020,Manipur,Madhya Pradesh,ACC893371,ACC974745,246301.6,Crypto Off-ramp,Crypto Exchange,0.55,False
TX0001603,2023-05-15,2023,Maharashtra,Maharashtra,ACC144398,ACC544400,115025.78,Cash Deposit,Bank Transfer,0.0,False
TX0001604,2024-04-16,2024,Punjab,Karnataka,ACC225366,ACC276187,82819.12,Hawala-linked Transfer,Hawala Network,0.69,True
TX0001605,2020-11-25,2020,Haryana,Uttar Pradesh,ACC892425,ACC342390,18129.23,Remittance,Hawala Network,0.29,False
TX0001606,2022-04-11,2022,Mizoram,Manipur,ACC310253,ACC456785,1552019.81,Trade Invoice Payment,Bank Transfer,0.16,False
TX0001607,2019-04-17,2019,Manipur,Rajasthan,ACC860087,ACC104219,109214.89,Hawala-linked Transfer,Crypto Exchange,0.68,True
TX0001608,2022-04-02,2022,Odisha,Haryana,ACC605538,ACC961172,726454.43,Shell Company Transfer,Crypto Exchange,0.66,True
TX0001609,2019-10-02,2019,Mizoram,Assam,ACC844345,ACC504645,63216.6,Trade Invoice Payment,Bank Transfer,0.28,False
TX0001610,2024-12-06,2024,Bihar,Haryana,ACC270903,ACC413984,210376.33,Trade Invoice Payment,Cash,0.28,False
TX0001611,2018-11-09,2018,Gujarat,Assam,ACC805152,ACC680661,467593.87,Crypto Off-ramp,Crypto Exchange,0.68,True
TX0001612,2020-09-19,2020,Manipur,Uttar Pradesh,ACC181366,ACC236222,76196.29,Shell Company Transfer,Crypto Exchange,0.7,True
TX0001613,2021-12-06,2021,Punjab,Manipur,ACC813715,ACC902826,163165.69,Shell Company Transfer,Bank Transfer,0.56,False
TX0001614,2018-03-14,2018,Assam,West Bengal,ACC196885,ACC240015,96154.76,Remittance,Bank Transfer,0.15,False
TX0001615,2019-05-04,2019,West Bengal,Bihar,ACC330522,ACC136801,469872.11,Trade Invoice Payment,Hawala Network,0.22,False
TX0001616,2021-01-13,2021,Karnataka,Jammu and Kashmir,ACC175632,ACC528654,279177.64,Trade Invoice Payment,Crypto Exchange,0.13,False
TX0001617,2018-03-17,2018,Odisha,Madhya Pradesh,ACC948410,ACC318201,4936.42,Remittance,Crypto Exchange,0.19,False
TX0001618,2023-12-09,2023,Mizoram,Jammu and Kashmir,ACC931413,ACC852806,88850.69,Crypto Off-ramp,Cash,0.72,True
TX0001619,2022-01-23,2022,Uttar Pradesh,Assam,ACC712564,ACC578670,39628.43,Hawala-linked Transfer,UPI,0.75,True
TX0001620,2019-08-19,2019,Madhya Pradesh,Madhya Pradesh,ACC896671,ACC577509,86849.36,Cash Deposit,Cash,0.15,False
TX0001621,2023-10-15,2023,Kerala,Manipur,ACC748794,ACC108741,164826.12,Trade Invoice Payment,UPI,0.23,False
TX0001622,2024-08-11,2024,Mizoram,Rajasthan,ACC115118,ACC170609,168114.56,Cash Deposit,Bank Transfer,0.11,False
TX0001623,2021-10-08,2021,Kerala,Bihar,ACC510658,ACC949624,124847.31,Remittance,Crypto Exchange,0.22,False
TX0001624,2024-02-04,2024,Jammu and Kashmir,Jammu and Kashmir,ACC776737,ACC791389,111281.28,Remittance,Hawala Network,0.1,False
TX0001625,2020-02-18,2020,West Bengal,Maharashtra,ACC917251,ACC753743,180047.57,Trade Invoice Payment,Hawala Network,0.18,False
TX0001626,2018-12-01,2018,Haryana,Rajasthan,ACC872789,ACC325621,232845.61,Shell Company Transfer,Hawala Network,0.67,True
TX0001627,2018-09-19,2018,Gujarat,Odisha,ACC273841,ACC213907,1260468.54,Cash Deposit,Bank Transfer,0.16,False
TX0001628,2022-09-10,2022,Haryana,Maharashtra,ACC435749,ACC749519,58711.65,Remittance,UPI,0.16,False
TX0001629,2018-09-20,2018,Delhi,Gujarat,ACC891004,ACC118981,42639.18,Hawala-linked Transfer,Cash,0.58,False
TX0001630,2023-08-24,2023,Madhya Pradesh,Mizoram,ACC557448,ACC555387,9429.98,Hawala-linked Transfer,Cash,0.57,False
TX0001631,2020-04-06,2020,Rajasthan,Uttar Pradesh,ACC169244,ACC682524,5748.25,Cash Deposit,Hawala Network,0.22,False
TX0001632,2020-05-22,2020,Punjab,Karnataka,ACC301306,ACC815424,78974.0,Remittance,Bank Transfer,0.12,False
TX0001633,2022-07-13,2022,Bihar,Gujarat,ACC724221,ACC729308,2902422.53,Shell Company Transfer,UPI,0.96,True
TX0001634,2024-03-02,2024,Bihar,Tamil Nadu,ACC744080,ACC367991,218879.51,Shell Company Transfer,UPI,0.7,True
TX0001635,2022-01-19,2022,Maharashtra,Jammu and Kashmir,ACC272196,ACC621035,359118.9,Crypto Off-ramp,UPI,0.69,True
TX0001636,2022-05-21,2022,Manipur,Bihar,ACC837261,ACC192751,29082.39,Trade Invoice Payment,Bank Transfer,0.14,False
TX0001637,2023-02-16,2023,Haryana,West Bengal,ACC430711,ACC176663,117930.21,Remittance,UPI,0.22,False
TX0001638,2022-06-14,2022,Maharashtra,Tamil Nadu,ACC558482,ACC620020,828864.49,Trade Invoice Payment,Hawala Network,0.18,False
TX0001639,2024-06-20,2024,Kerala,Bihar,ACC371358,ACC761507,169648.54,Shell Company Transfer,Cash,0.65,True
TX0001640,2021-10-26,2021,Punjab,Odisha,ACC247444,ACC152973,1625117.72,Remittance,UPI,0.12,False
TX0001641,2019-02-19,2019,Gujarat,Maharashtra,ACC793040,ACC272524,71573.2,Trade Invoice Payment,Cash,0.2,False
TX0001642,2024-11-12,2024,Manipur,Tamil Nadu,ACC971921,ACC951302,230807.38,Remittance,Crypto Exchange,0.2,False
TX0001643,2020-11-20,2020,Mizoram,Rajasthan,ACC820975,ACC153062,75436.44,Trade Invoice Payment,Crypto Exchange,0.15,False
TX0001644,2019-08-08,2019,West Bengal,Tamil Nadu,ACC349527,ACC967238,165979.42,Trade Invoice Payment,Crypto Exchange,0.16,False
TX0001645,2020-06-20,2020,Assam,Kerala,ACC459822,ACC896110,32229.26,Trade Invoice Payment,Hawala Network,0.15,False
TX0001646,2024-02-10,2024,Haryana,Assam,ACC977138,ACC675883,188250.92,Trade Invoice Payment,Cash,0.12,False
TX0001647,2023-06-10,2023,Delhi,Odisha,ACC612612,ACC232995,93312.05,Trade Invoice Payment,Hawala Network,0.16,False
TX0001648,2018-07-12,2018,Mizoram,Kerala,ACC701406,ACC634172,161557.15,Trade Invoice Payment,Cash,0.22,False
TX0001649,2020-06-23,2020,Gujarat,Andhra Pradesh,ACC281473,ACC363058,234352.7,Cash Deposit,Hawala Network,0.24,False
TX0001650,2022-04-12,2022,Mizoram,Maharashtra,ACC982786,ACC634983,109100.66,Trade Invoice Payment,Crypto Exchange,0.19,False
TX0001651,2024-04-19,2024,Uttar Pradesh,Delhi,ACC990378,ACC892116,12087.89,Cash Deposit,Crypto Exchange,0.18,False
TX0001652,2023-03-09,2023,Kerala,Punjab,ACC234674,ACC923622,343551.95,Hawala-linked Transfer,Hawala Network,0.58,False
TX0001653,2019-02-15,2019,Andhra Pradesh,Andhra Pradesh,ACC249552,ACC451458,69981.14,Trade Invoice Payment,Hawala Network,0.03,False
TX0001654,2019-07-19,2019,Assam,West Bengal,ACC608239,ACC902687,35931.24,Remittance,UPI,0.23,False
TX0001655,2022-04-12,2022,Uttar Pradesh,Punjab,ACC124844,ACC754560,54156.68,Shell Company Transfer,Hawala Network,0.56,False
TX0001656,2019-06-09,2019,Delhi,Kerala,ACC554881,ACC383720,417094.72,Trade Invoice Payment,Cash,0.24,False
TX0001657,2018-05-03,2018,Andhra Pradesh,Odisha,ACC690485,ACC915899,72504.55,Crypto Off-ramp,Hawala Network,0.75,True
TX0001658,2024-04-13,2024,Karnataka,Andhra Pradesh,ACC118089,ACC963564,82868.29,Hawala-linked Transfer,UPI,0.56,False
TX0001659,2021-05-23,2021,Assam,Gujarat,ACC163998,ACC332786,175690.46,Trade Invoice Payment,Cash,0.25,False
TX0001660,2023-05-22,2023,Mizoram,Gujarat,ACC878329,ACC818095,71892.84,Trade Invoice Payment,Cash,0.26,False
TX0001661,2021-05-19,2021,Gujarat,Haryana,ACC228690,ACC437335,90495.08,Remittance,Crypto Exchange,0.13,False
TX0001662,2018-02-24,2018,Haryana,Odisha,ACC259167,ACC328910,42284.0,Shell Company Transfer,Bank Transfer,0.7,True
TX0001663,2018-03-01,2018,Delhi,Bihar,ACC257954,ACC276383,86813.36,Crypto Off-ramp,UPI,0.66,True
TX0001664,2023-09-01,2023,Uttar Pradesh,Gujarat,ACC519304,ACC500784,251029.13,Cash Deposit,Bank Transfer,0.21,False
TX0001665,2019-05-20,2019,Karnataka,Haryana,ACC830830,ACC365266,72503.35,Remittance,Hawala Network,0.27,False
TX0001666,2023-03-24,2023,Uttar Pradesh,Jammu and Kashmir,ACC659427,ACC940283,1806097.09,Shell Company Transfer,Bank Transfer,0.73,True
TX0001667,2021-01-07,2021,Punjab,Telangana,ACC846329,ACC421009,342900.13,Trade Invoice Payment,Bank Transfer,0.24,False
TX0001668,2019-09-05,2019,West Bengal,Punjab,ACC720862,ACC266441,74054.48,Crypto Off-ramp,Hawala Network,0.61,False
TX0001669,2019-01-15,2019,Maharashtra,Delhi,ACC194500,ACC192133,42974.4,Trade Invoice Payment,Crypto Exchange,0.22,False
TX0001670,2023-04-03,2023,Manipur,Manipur,ACC949358,ACC620704,19281.92,Trade Invoice Payment,UPI,0.02,False
TX0001671,2021-03-10,2021,Mizoram,West Bengal,ACC468726,ACC366274,58324.07,Remittance,Hawala Network,0.23,False
TX0001672,2023-06-13,2023,Andhra Pradesh,Rajasthan,ACC711441,ACC849848,258197.75,Trade Invoice Payment,Cash,0.13,False
TX0001673,2019-04-11,2019,Gujarat,Andhra Pradesh,ACC836836,ACC547929,34337.1,Crypto Off-ramp,Crypto Exchange,0.68,True
TX0001674,2021-03-07,2021,Madhya Pradesh,Punjab,ACC549713,ACC591986,93242.73,Cash Deposit,Hawala Network,0.12,False
TX0001675,2020-11-03,2020,Mizoram,West Bengal,ACC349982,ACC417669,10795.22,Trade Invoice Payment,UPI,0.13,False
TX0001676,2020-03-02,2020,Telangana,Tamil Nadu,ACC228338,ACC391586,62209.76,Remittance,Hawala Network,0.26,False
TX0001677,2021-05-21,2021,Mizoram,Mizoram,ACC675807,ACC579724,14465.37,Remittance,Cash,0.05,False
TX0001678,2019-07-05,2019,Mizoram,Madhya Pradesh,ACC887869,ACC167170,63928.11,Cash Deposit,Bank Transfer,0.22,False
TX0001679,2021-10-26,2021,Andhra Pradesh,Haryana,ACC884511,ACC494954,45009.66,Cash Deposit,Bank Transfer,0.2,False
TX0001680,2022-01-13,2022,Maharashtra,Assam,ACC699050,ACC222021,116346.0,Remittance,Cash,0.14,False
TX0001681,2019-05-19,2019,Madhya Pradesh,Jammu and Kashmir,ACC800334,ACC141747,56881.72,Shell Company Transfer,Hawala Network,0.66,True
TX0001682,2021-11-21,2021,Bihar,Madhya Pradesh,ACC815436,ACC179039,32729.68,Hawala-linked Transfer,Cash,0.62,False
TX0001683,2021-01-27,2021,Jammu and Kashmir,Jammu and Kashmir,ACC356341,ACC603394,23234.01,Cash Deposit,UPI,0.19,False
TX0001684,2021-03-18,2021,Gujarat,Andhra Pradesh,ACC329830,ACC948162,95540.16,Hawala-linked Transfer,UPI,0.74,True
TX0001685,2023-10-01,2023,Tamil Nadu,Uttar Pradesh,ACC669608,ACC614968,287114.15,Cash Deposit,Crypto Exchange,0.15,False
TX0001686,2018-06-23,2018,Assam,West Bengal,ACC854408,ACC949659,130709.55,Remittance,Hawala Network,0.11,False
TX0001687,2023-08-08,2023,Delhi,Punjab,ACC118297,ACC699454,6130.84,Hawala-linked Transfer,Hawala Network,0.64,False
TX0001688,2024-08-14,2024,Assam,Bihar,ACC434585,ACC954325,104418.14,Trade Invoice Payment,Hawala Network,0.27,False
TX0001689,2018-05-18,2018,West Bengal,Karnataka,ACC622157,ACC760500,65294.03,Cash Deposit,Hawala Network,0.26,False
TX0001690,2020-09-04,2020,Delhi,Jammu and Kashmir,ACC843014,ACC188128,127749.52,Crypto Off-ramp,Hawala Network,0.69,True
TX0001691,2022-01-06,2022,Jammu and Kashmir,Telangana,ACC114466,ACC314504,29709.2,Shell Company Transfer,UPI,0.59,False
TX0001692,2021-05-05,2021,Telangana,Manipur,ACC983307,ACC871749,3849.44,Cash Deposit,UPI,0.17,False
TX0001693,2022-03-13,2022,Andhra Pradesh,Madhya Pradesh,ACC995231,ACC384500,15982.56,Trade Invoice Payment,Crypto Exchange,0.16,False
TX0001694,2024-02-27,2024,Andhra Pradesh,Rajasthan,ACC868381,ACC526424,311526.7,Cash Deposit,Bank Transfer,0.14,False
TX0001695,2021-04-06,2021,Kerala,Mizoram,ACC105218,ACC515748,224787.33,Trade Invoice Payment,UPI,0.17,False
TX0001696,2021-06-15,2021,Madhya Pradesh,Maharashtra,ACC734906,ACC158123,438932.53,Trade Invoice Payment,Hawala Network,0.16,False
TX0001697,2020-12-27,2020,Jammu and Kashmir,Tamil Nadu,ACC603588,ACC496336,399621.84,Shell Company Transfer,Crypto Exchange,0.69,True
TX0001698,2024-09-09,2024,Maharashtra,Uttar Pradesh,ACC772500,ACC197125,774195.39,Trade Invoice Payment,Hawala Network,0.26,False
TX0001699,2021-05-17,2021,Odisha,Haryana,ACC949520,ACC248969,60224.73,Remittance,UPI,0.24,False
TX0001700,2020-09-01,2020,Delhi,Punjab,ACC165175,ACC597804,378547.92,Remittance,Crypto Exchange,0.18,False
TX0001701,2021-02-12,2021,Jammu and Kashmir,Tamil Nadu,ACC795721,ACC401524,40406.38,Cash Deposit,Cash,0.27,False
TX0001702,2019-06-03,2019,Assam,Andhra Pradesh,ACC383197,ACC289807,93194.18,Shell Company Transfer,UPI,0.72,True
TX0001703,2022-08-14,2022,Haryana,Manipur,ACC776531,ACC640433,1046223.96,Remittance,Hawala Network,0.28,False
TX0001704,2022-05-26,2022,Andhra Pradesh,Karnataka,ACC187442,ACC220729,62849.38,Trade Invoice Payment,Bank Transfer,0.13,False
TX0001705,2024-02-04,2024,Manipur,Bihar,ACC152401,ACC782340,93308.82,Hawala-linked Transfer,Hawala Network,0.66,True
TX0001706,2024-08-21,2024,Rajasthan,Manipur,ACC717276,ACC914672,26566.59,Cash Deposit,UPI,0.13,False
TX0001707,2020-12-07,2020,Kerala,Tamil Nadu,ACC113239,ACC741461,245685.66,Crypto Off-ramp,Crypto Exchange,0.6,False
TX0001708,2019-02-14,2019,Telangana,Gujarat,ACC433061,ACC767767,7508.9,Trade Invoice Payment,Cash,0.19,False
TX0001709,2021-11-01,2021,Tamil Nadu,Kerala,ACC358713,ACC537453,80065.54,Remittance,Bank Transfer,0.14,False
TX0001710,2024-11-10,2024,Uttar Pradesh,Andhra Pradesh,ACC638979,ACC439707,388730.67,Trade Invoice Payment,Bank Transfer,0.26,False
TX0001711,2021-02-02,2021,Andhra Pradesh,Haryana,ACC845371,ACC800716,65550.82,Remittance,Bank Transfer,0.25,False
TX0001712,2019-06-13,2019,Gujarat,Assam,ACC787646,ACC895275,21767.86,Remittance,UPI,0.24,False
TX0001713,2021-06-22,2021,Maharashtra,Delhi,ACC787424,ACC139131,2292435.41,Trade Invoice Payment,UPI,0.45,False
TX0001714,2022-04-01,2022,Madhya Pradesh,Maharashtra,ACC474032,ACC451661,30498.32,Trade Invoice Payment,Crypto Exchange,0.14,False
TX0001715,2022-12-05,2022,Maharashtra,Rajasthan,ACC399793,ACC687289,636414.95,Trade Invoice Payment,Crypto Exchange,0.11,False
TX0001716,2018-01-23,2018,Bihar,Kerala,ACC202215,ACC169050,139969.82,Crypto Off-ramp,Cash,0.74,True
TX0001717,2022-08-21,2022,Haryana,Gujarat,ACC311255,ACC834499,45468.61,Trade Invoice Payment,Hawala Network,0.27,False
TX0001718,2023-10-08,2023,Madhya Pradesh,Madhya Pradesh,ACC483139,ACC745255,622175.08,Trade Invoice Payment,UPI,0.1,False
TX0001719,2024-02-12,2024,West Bengal,Manipur,ACC926410,ACC996457,6504.46,Trade Invoice Payment,Crypto Exchange,0.24,False
TX0001720,2024-05-27,2024,Jammu and Kashmir,Delhi,ACC372612,ACC758977,53062.39,Trade Invoice Payment,Bank Transfer,0.22,False
TX0001721,2023-11-02,2023,Karnataka,Tamil Nadu,ACC356237,ACC904841,88495.95,Trade Invoice Payment,Hawala Network,0.26,False
TX0001722,2022-11-01,2022,Assam,Manipur,ACC618100,ACC529974,1436398.94,Cash Deposit,Hawala Network,0.27,False
TX0001723,2021-11-15,2021,Jammu and Kashmir,Bihar,ACC230689,ACC805322,220527.02,Cash Deposit,Hawala Network,0.29,False
TX0001724,2023-11-26,2023,Gujarat,Gujarat,ACC931002,ACC873096,216495.25,Trade Invoice Payment,UPI,0.11,False
TX0001725,2018-07-14,2018,Assam,Tamil Nadu,ACC707267,ACC120353,160176.07,Hawala-linked Transfer,Crypto Exchange,0.6,False
TX0001726,2019-01-01,2019,Kerala,West Bengal,ACC549268,ACC174289,566705.45,Hawala-linked Transfer,Bank Transfer,0.69,True
TX0001727,2021-01-06,2021,Haryana,Tamil Nadu,ACC708660,ACC447812,112897.24,Cash Deposit,Crypto Exchange,0.18,False
TX0001728,2021-04-25,2021,Haryana,Kerala,ACC871753,ACC435961,210634.33,Trade Invoice Payment,Bank Transfer,0.11,False
TX0001729,2020-07-17,2020,Telangana,Bihar,ACC395098,ACC648982,120123.34,Trade Invoice Payment,Cash,0.22,False
TX0001730,2018-02-14,2018,Telangana,Haryana,ACC692712,ACC987348,151792.04,Trade Invoice Payment,Cash,0.24,False
TX0001731,2020-10-24,2020,Haryana,Uttar Pradesh,ACC466539,ACC322904,3293268.94,Remittance,Bank Transfer,0.49,False
TX0001732,2020-11-27,2020,Bihar,Kerala,ACC549720,ACC789003,28137.15,Remittance,Crypto Exchange,0.3,False
TX0001733,2024-12-10,2024,Jammu and Kashmir,Gujarat,ACC684798,ACC106481,1441566.73,Shell Company Transfer,Bank Transfer,0.72,True
TX0001734,2022-09-04,2022,Rajasthan,West Bengal,ACC847111,ACC662416,9989.47,Crypto Off-ramp,Cash,0.6,False
TX0001735,2021-03-13,2021,Mizoram,Rajasthan,ACC873749,ACC216144,4760.35,Hawala-linked Transfer,Cash,0.57,False
TX0001736,2021-06-15,2021,Karnataka,Maharashtra,ACC683985,ACC823688,549590.54,Cash Deposit,Bank Transfer,0.15,False
TX0001737,2022-01-09,2022,Bihar,Bihar,ACC305748,ACC839129,37506.01,Remittance,Hawala Network,0.0,False
TX0001738,2019-02-08,2019,Assam,Bihar,ACC397102,ACC400158,200077.41,Trade Invoice Payment,Bank Transfer,0.17,False
TX0001739,2022-12-10,2022,Delhi,Uttar Pradesh,ACC465271,ACC218011,38548.02,Trade Invoice Payment,Bank Transfer,0.29,False
TX0001740,2024-09-16,2024,Gujarat,Kerala,ACC735941,ACC783724,178894.79,Shell Company Transfer,Hawala Network,0.74,True
TX0001741,2023-03-12,2023,Haryana,Andhra Pradesh,ACC244536,ACC791817,654416.68,Remittance,Crypto Exchange,0.14,False
TX0001742,2021-05-06,2021,Kerala,Jammu and Kashmir,ACC325815,ACC834002,61122.2,Trade Invoice Payment,Crypto Exchange,0.25,False
TX0001743,2021-12-14,2021,Delhi,Gujarat,ACC913254,ACC165325,115541.5,Cash Deposit,Crypto Exchange,0.21,False
TX0001744,2019-05-24,2019,Karnataka,Assam,ACC390512,ACC707870,66211.25,Remittance,Crypto Exchange,0.29,False
TX0001745,2021-06-26,2021,Jammu and Kashmir,Andhra Pradesh,ACC145361,ACC592319,64019.79,Cash Deposit,Cash,0.18,False
TX0001746,2019-11-18,2019,Telangana,Karnataka,ACC645287,ACC630178,82769.03,Trade Invoice Payment,Crypto Exchange,0.29,False
TX0001747,2022-02-22,2022,Andhra Pradesh,Delhi,ACC319779,ACC188997,114496.47,Shell Company Transfer,UPI,0.74,True
TX0001748,2019-01-01,2019,Punjab,Mizoram,ACC818115,ACC730092,193190.39,Trade Invoice Payment,Hawala Network,0.15,False
TX0001749,2024-07-03,2024,Gujarat,Delhi,ACC903322,ACC380846,981122.59,Trade Invoice Payment,Hawala Network,0.22,False
TX0001750,2020-12-22,2020,Tamil Nadu,Madhya Pradesh,ACC231721,ACC852696,191501.95,Remittance,Hawala Network,0.29,False
TX0001751,2018-10-14,2018,Maharashtra,Punjab,ACC344222,ACC375504,333623.48,Remittance,Hawala Network,0.1,False
TX0001752,2021-09-07,2021,Manipur,Gujarat,ACC967844,ACC994582,76617.39,Trade Invoice Payment,Hawala Network,0.16,False
TX0001753,2024-12-18,2024,Madhya Pradesh,Rajasthan,ACC904010,ACC261857,65459.3,Trade Invoice Payment,Crypto Exchange,0.23,False
TX0001754,2024-09-20,2024,Karnataka,Delhi,ACC356724,ACC901879,1094874.44,Cash Deposit,Cash,0.28,False
TX0001755,2018-08-15,2018,West Bengal,Gujarat,ACC506160,ACC861841,71897.7,Trade Invoice Payment,Bank Transfer,0.2,False
TX0001756,2019-03-13,2019,Gujarat,Jammu and Kashmir,ACC491686,ACC114765,71645.06,Remittance,UPI,0.21,False
TX0001757,2021-06-15,2021,Gujarat,Delhi,ACC849693,ACC144154,210025.4,Trade Invoice Payment,Crypto Exchange,0.28,False
TX0001758,2024-02-26,2024,Karnataka,Andhra Pradesh,ACC173617,ACC323170,64375.74,Cash Deposit,Bank Transfer,0.11,False
TX0001759,2024-06-22,2024,Manipur,Telangana,ACC365032,ACC843529,26541.27,Remittance,Crypto Exchange,0.15,False
TX0001760,2019-06-17,2019,Bihar,Jammu and Kashmir,ACC260229,ACC635028,273904.57,Cash Deposit,Cash,0.18,False
TX0001761,2021-04-08,2021,Odisha,Gujarat,ACC806913,ACC906196,69452.26,Trade Invoice Payment,Cash,0.11,False
TX0001762,2022-11-27,2022,Uttar Pradesh,Karnataka,ACC189044,ACC186284,430182.99,Shell Company Transfer,Hawala Network,0.67,True
TX0001763,2022-05-18,2022,Kerala,West Bengal,ACC282076,ACC394109,182558.09,Hawala-linked Transfer,Hawala Network,0.63,False
TX0001764,2020-01-24,2020,Karnataka,Telangana,ACC595206,ACC788899,20131.72,Cash Deposit,Hawala Network,0.27,False
TX0001765,2020-02-08,2020,Madhya Pradesh,Jammu and Kashmir,ACC316074,ACC968205,50098.4,Cash Deposit,Cash,0.15,False
TX0001766,2022-02-21,2022,Andhra Pradesh,Punjab,ACC401089,ACC387329,42078.8,Remittance,Bank Transfer,0.15,False
TX0001767,2023-04-01,2023,Assam,Kerala,ACC684678,ACC783555,96623.87,Remittance,Cash,0.28,False
TX0001768,2022-07-12,2022,Mizoram,Haryana,ACC814021,ACC984881,3918.72,Cash Deposit,UPI,0.18,False
TX0001769,2018-05-23,2018,Gujarat,Uttar Pradesh,ACC593244,ACC306527,460061.63,Remittance,Bank Transfer,0.19,False
TX0001770,2020-03-16,2020,Manipur,Telangana,ACC788328,ACC554527,29843.49,Trade Invoice Payment,Cash,0.15,False
TX0001771,2019-06-06,2019,Assam,Kerala,ACC449798,ACC746334,59014.64,Trade Invoice Payment,UPI,0.11,False
TX0001772,2018-04-19,2018,Delhi,Gujarat,ACC452174,ACC739403,835569.79,Shell Company Transfer,Cash,0.61,False
TX0001773,2022-02-08,2022,Rajasthan,West Bengal,ACC549342,ACC990810,74387.89,Trade Invoice Payment,Hawala Network,0.21,False
TX0001774,2021-07-11,2021,Haryana,West Bengal,ACC525574,ACC256089,333171.52,Shell Company Transfer,Cash,0.64,False
TX0001775,2022-06-26,2022,Assam,Delhi,ACC904832,ACC513276,133898.15,Remittance,Bank Transfer,0.18,False
TX0001776,2023-07-16,2023,Gujarat,Odisha,ACC623628,ACC846000,152293.98,Trade Invoice Payment,UPI,0.27,False
TX0001777,2018-02-24,2018,Jammu and Kashmir,Telangana,ACC236511,ACC899433,16404.64,Shell Company Transfer,UPI,0.59,False
TX0001778,2020-07-07,2020,Gujarat,Andhra Pradesh,ACC381648,ACC378422,27503.0,Cash Deposit,Hawala Network,0.26,False
TX0001779,2023-05-25,2023,Jammu and Kashmir,Bihar,ACC406443,ACC571159,21117.7,Hawala-linked Transfer,UPI,0.72,True
TX0001780,2019-03-13,2019,Madhya Pradesh,Bihar,ACC503484,ACC588591,165919.45,Trade Invoice Payment,UPI,0.27,False
TX0001781,2020-10-20,2020,Karnataka,Tamil Nadu,ACC263486,ACC175836,22896.14,Remittance,Bank Transfer,0.28,False
TX0001782,2022-01-19,2022,Odisha,Gujarat,ACC680284,ACC958202,606694.27,Trade Invoice Payment,UPI,0.12,False
TX0001783,2024-10-26,2024,Uttar Pradesh,Telangana,ACC890560,ACC138859,57769.34,Trade Invoice Payment,Cash,0.19,False
TX0001784,2021-05-03,2021,Tamil Nadu,Telangana,ACC342987,ACC106935,394408.63,Cash Deposit,Crypto Exchange,0.12,False
TX0001785,2019-12-23,2019,Gujarat,Andhra Pradesh,ACC381997,ACC518506,107052.26,Hawala-linked Transfer,Cash,0.64,False
TX0001786,2024-04-21,2024,Madhya Pradesh,Gujarat,ACC175208,ACC509472,123455.42,Remittance,Cash,0.26,False
TX0001787,2023-11-13,2023,Bihar,Punjab,ACC495931,ACC699396,322194.3,Cash Deposit,UPI,0.16,False
TX0001788,2020-07-11,2020,Odisha,Haryana,ACC264504,ACC261993,256618.46,Crypto Off-ramp,Bank Transfer,0.7,True
TX0001789,2021-05-22,2021,Haryana,Delhi,ACC230842,ACC169033,958181.32,Trade Invoice Payment,Crypto Exchange,0.18,False
TX0001790,2020-01-13,2020,Mizoram,Madhya Pradesh,ACC283443,ACC437790,95671.35,Trade Invoice Payment,Bank Transfer,0.26,False
TX0001791,2018-09-23,2018,Madhya Pradesh,Telangana,ACC357399,ACC880442,4328.18,Crypto Off-ramp,Crypto Exchange,0.6,False
TX0001792,2019-07-21,2019,Madhya Pradesh,Jammu and Kashmir,ACC541168,ACC132303,226739.74,Cash Deposit,Hawala Network,0.29,False
TX0001793,2018-04-21,2018,Madhya Pradesh,Telangana,ACC350328,ACC901543,3311.06,Trade Invoice Payment,Bank Transfer,0.18,False
TX0001794,2021-01-10,2021,Haryana,Andhra Pradesh,ACC716511,ACC556840,63784.88,Trade Invoice Payment,Crypto Exchange,0.16,False
TX0001795,2023-03-24,2023,Rajasthan,Punjab,ACC385330,ACC307345,125318.6,Shell Company Transfer,UPI,0.7,True
TX0001796,2023-03-22,2023,Mizoram,Maharashtra,ACC303683,ACC549593,138597.64,Cash Deposit,Crypto Exchange,0.29,False
TX0001797,2018-03-20,2018,Uttar Pradesh,Andhra Pradesh,ACC207488,ACC255075,288382.96,Shell Company Transfer,Cash,0.56,False
TX0001798,2021-12-02,2021,Telangana,Kerala,ACC112880,ACC688571,24198.34,Remittance,Crypto Exchange,0.26,False
TX0001799,2021-06-20,2021,Haryana,Andhra Pradesh,ACC757758,ACC791995,26234.71,Trade Invoice Payment,Crypto Exchange,0.15,False
TX0001800,2022-03-17,2022,Maharashtra,Odisha,ACC657968,ACC453312,128815.45,Trade Invoice Payment,Bank Transfer,0.26,False
TX0001801,2020-08-26,2020,Haryana,Bihar,ACC292139,ACC778828,128141.38,Trade Invoice Payment,Bank Transfer,0.27,False
TX0001802,2019-06-14,2019,Manipur,Maharashtra,ACC668173,ACC175281,37346.95,Remittance,Bank Transfer,0.15,False
TX0001803,2024-02-05,2024,Uttar Pradesh,Odisha,ACC469742,ACC173869,102344.65,Trade Invoice Payment,UPI,0.1,False
TX0001804,2021-02-15,2021,Manipur,Uttar Pradesh,ACC593263,ACC558654,149897.34,Cash Deposit,Cash,0.26,False
TX0001805,2019-12-05,2019,Kerala,Maharashtra,ACC942424,ACC922857,6274597.32,Hawala-linked Transfer,Crypto Exchange,1.0,True
TX0001806,2019-10-09,2019,Mizoram,Telangana,ACC926537,ACC928684,69999.3,Crypto Off-ramp,UPI,0.72,True
TX0001807,2024-05-19,2024,Tamil Nadu,Assam,ACC653820,ACC738827,12936.94,Remittance,Crypto Exchange,0.15,False
TX0001808,2021-07-16,2021,Jammu and Kashmir,Bihar,ACC620986,ACC639434,61698.9,Cash Deposit,Crypto Exchange,0.25,False
TX0001809,2020-03-18,2020,Punjab,Kerala,ACC868093,ACC319974,155699.45,Cash Deposit,Cash,0.26,False
TX0001810,2021-06-17,2021,Telangana,Andhra Pradesh,ACC191998,ACC971310,29196.55,Trade Invoice Payment,Bank Transfer,0.16,False
TX0001811,2024-03-10,2024,Maharashtra,Madhya Pradesh,ACC654281,ACC956893,229627.84,Remittance,Hawala Network,0.26,False
TX0001812,2020-04-05,2020,Odisha,Telangana,ACC504989,ACC696831,775581.4,Shell Company Transfer,Bank Transfer,0.55,False
TX0001813,2022-01-07,2022,Madhya Pradesh,Tamil Nadu,ACC796123,ACC877570,64953.04,Trade Invoice Payment,Crypto Exchange,0.16,False
TX0001814,2020-11-08,2020,Gujarat,Madhya Pradesh,ACC995938,ACC150345,919331.56,Trade Invoice Payment,Crypto Exchange,0.11,False
TX0001815,2021-05-26,2021,Manipur,Maharashtra,ACC886008,ACC545652,29311.22,Trade Invoice Payment,UPI,0.28,False
TX0001816,2021-07-09,2021,Assam,Mizoram,ACC417674,ACC536061,21392.2,Trade Invoice Payment,Cash,0.25,False
TX0001817,2023-11-18,2023,Madhya Pradesh,Punjab,ACC795789,ACC960546,42743.95,Remittance,UPI,0.13,False
TX0001818,2023-03-25,2023,Kerala,Andhra Pradesh,ACC927861,ACC928359,20798.57,Cash Deposit,Bank Transfer,0.27,False
TX0001819,2018-03-18,2018,Assam,Rajasthan,ACC450423,ACC544502,79608.34,Hawala-linked Transfer,Crypto Exchange,0.59,False
TX0001820,2018-06-18,2018,Bihar,Gujarat,ACC814599,ACC957583,22761.32,Crypto Off-ramp,Hawala Network,0.59,False
TX0001821,2022-09-14,2022,Assam,Madhya Pradesh,ACC207015,ACC456548,39218.36,Cash Deposit,Crypto Exchange,0.17,False
TX0001822,2021-08-16,2021,West Bengal,Manipur,ACC436817,ACC348689,153096.15,Trade Invoice Payment,Hawala Network,0.26,False
TX0001823,2020-05-08,2020,Punjab,Tamil Nadu,ACC668156,ACC698160,560809.78,Crypto Off-ramp,Hawala Network,0.71,True
TX0001824,2024-05-03,2024,West Bengal,Haryana,ACC652374,ACC353145,51099.28,Cash Deposit,Bank Transfer,0.25,False
TX0001825,2020-12-03,2020,Delhi,Punjab,ACC369742,ACC509236,34281.77,Cash Deposit,UPI,0.12,False
TX0001826,2020-08-09,2020,Jammu and Kashmir,Jammu and Kashmir,ACC212917,ACC249218,195983.62,Crypto Off-ramp,Bank Transfer,0.61,False
TX0001827,2023-10-02,2023,Bihar,Manipur,ACC310904,ACC387080,452014.82,Remittance,Cash,0.12,False
TX0001828,2021-08-06,2021,Tamil Nadu,Manipur,ACC438458,ACC298898,288887.56,Trade Invoice Payment,Bank Transfer,0.18,False
TX0001829,2022-12-07,2022,Gujarat,Maharashtra,ACC388439,ACC788571,265536.81,Remittance,Crypto Exchange,0.11,False
TX0001830,2019-02-17,2019,Punjab,Manipur,ACC119481,ACC614957,232744.82,Trade Invoice Payment,Bank Transfer,0.15,False
TX0001831,2022-03-08,2022,Rajasthan,Delhi,ACC981059,ACC840961,1302385.31,Trade Invoice Payment,Crypto Exchange,0.21,False
TX0001832,2022-11-01,2022,Madhya Pradesh,Uttar Pradesh,ACC455621,ACC166719,180667.88,Remittance,UPI,0.13,False
TX0001833,2021-03-16,2021,Andhra Pradesh,Telangana,ACC908574,ACC285010,69744.53,Remittance,Hawala Network,0.23,False
TX0001834,2023-05-12,2023,Madhya Pradesh,Jammu and Kashmir,ACC436872,ACC138933,292623.89,Trade Invoice Payment,Hawala Network,0.24,False
TX0001835,2021-12-19,2021,Haryana,Tamil Nadu,ACC641440,ACC316072,52055.35,Trade Invoice Payment,Hawala Network,0.14,False
TX0001836,2022-09-01,2022,Telangana,Uttar Pradesh,ACC480289,ACC748722,1774151.71,Trade Invoice Payment,Cash,0.17,False
TX0001837,2023-04-20,2023,Haryana,Gujarat,ACC995620,ACC898938,59754.92,Shell Company Transfer,UPI,0.63,False
TX0001838,2022-06-20,2022,Odisha,Odisha,ACC390080,ACC855493,198456.74,Remittance,Hawala Network,0.16,False
TX0001839,2020-04-18,2020,Madhya Pradesh,Karnataka,ACC447973,ACC345809,90001.02,Trade Invoice Payment,Cash,0.17,False
TX0001840,2020-05-09,2020,Telangana,West Bengal,ACC534049,ACC795512,177908.15,Remittance,UPI,0.28,False
TX0001841,2021-08-19,2021,Kerala,Jammu and Kashmir,ACC862335,ACC397596,149783.34,Remittance,Bank Transfer,0.16,False
TX0001842,2024-06-20,2024,Rajasthan,Assam,ACC478380,ACC284598,39660.39,Remittance,UPI,0.25,False
TX0001843,2021-07-07,2021,Gujarat,Telangana,ACC295381,ACC578174,655110.36,Remittance,Cash,0.16,False
TX0001844,2021-03-06,2021,Mizoram,Kerala,ACC586110,ACC502597,611837.81,Trade Invoice Payment,Cash,0.26,False
TX0001845,2020-06-05,2020,Odisha,Rajasthan,ACC432493,ACC905750,86844.08,Shell Company Transfer,Cash,0.65,True
TX0001846,2024-08-16,2024,Manipur,Uttar Pradesh,ACC871963,ACC271683,304818.31,Cash Deposit,Crypto Exchange,0.29,False
TX0001847,2020-07-04,2020,Punjab,Uttar Pradesh,ACC428618,ACC429370,72233.9,Remittance,Crypto Exchange,0.23,False
TX0001848,2021-03-17,2021,Punjab,Haryana,ACC750480,ACC189481,80925.15,Cash Deposit,UPI,0.19,False
TX0001849,2019-04-08,2019,Assam,Telangana,ACC327177,ACC872949,147714.9,Shell Company Transfer,Crypto Exchange,0.61,False
TX0001850,2023-10-04,2023,Haryana,Manipur,ACC649668,ACC992259,26365.78,Shell Company Transfer,UPI,0.6,False
TX0001851,2021-04-10,2021,Punjab,Mizoram,ACC297882,ACC691530,116419.81,Hawala-linked Transfer,Bank Transfer,0.72,True
TX0001852,2024-05-16,2024,Assam,West Bengal,ACC637298,ACC460357,16154.5,Shell Company Transfer,UPI,0.68,True
TX0001853,2018-01-09,2018,Bihar,Tamil Nadu,ACC832883,ACC905459,222344.72,Cash Deposit,Crypto Exchange,0.18,False
TX0001854,2019-08-03,2019,Maharashtra,Manipur,ACC465337,ACC268798,60254.98,Trade Invoice Payment,Cash,0.15,False
TX0001855,2019-04-07,2019,Mizoram,Odisha,ACC941062,ACC743352,613907.1,Trade Invoice Payment,Crypto Exchange,0.24,False
TX0001856,2021-09-13,2021,Manipur,Tamil Nadu,ACC116381,ACC880431,3933.98,Trade Invoice Payment,UPI,0.2,False
TX0001857,2021-07-08,2021,Gujarat,Delhi,ACC439180,ACC908345,37369.18,Trade Invoice Payment,UPI,0.17,False
TX0001858,2024-04-13,2024,Uttar Pradesh,Assam,ACC718333,ACC404134,138762.46,Trade Invoice Payment,Crypto Exchange,0.14,False
TX0001859,2020-01-11,2020,Rajasthan,Rajasthan,ACC377230,ACC478226,399536.38,Remittance,Cash,0.16,False
TX0001860,2023-06-04,2023,Kerala,Andhra Pradesh,ACC801858,ACC681873,200356.24,Trade Invoice Payment,Cash,0.18,False
TX0001861,2018-09-25,2018,Mizoram,West Bengal,ACC592140,ACC945982,89735.95,Hawala-linked Transfer,UPI,0.69,True
TX0001862,2024-06-22,2024,Mizoram,Assam,ACC443687,ACC354794,80061.47,Trade Invoice Payment,Crypto Exchange,0.25,False
TX0001863,2019-06-08,2019,Andhra Pradesh,Manipur,ACC592497,ACC447499,281741.82,Remittance,Hawala Network,0.18,False
TX0001864,2023-01-06,2023,Tamil Nadu,Tamil Nadu,ACC424909,ACC110499,8633.3,Remittance,Crypto Exchange,0.18,False
TX0001865,2023-04-12,2023,Telangana,Bihar,ACC482423,ACC975960,337351.65,Remittance,Bank Transfer,0.21,False
TX0001866,2018-04-24,2018,Jammu and Kashmir,Tamil Nadu,ACC944950,ACC457691,49687.25,Cash Deposit,Cash,0.12,False
TX0001867,2022-05-23,2022,Manipur,Manipur,ACC198175,ACC684123,198092.31,Crypto Off-ramp,UPI,0.56,False
TX0001868,2022-12-02,2022,Odisha,West Bengal,ACC145683,ACC843483,150988.88,Trade Invoice Payment,UPI,0.17,False
TX0001869,2018-03-12,2018,Uttar Pradesh,Jammu and Kashmir,ACC912108,ACC401999,160853.63,Hawala-linked Transfer,Cash,0.71,True
TX0001870,2021-09-16,2021,Telangana,Gujarat,ACC640516,ACC709070,57106.35,Hawala-linked Transfer,Crypto Exchange,0.68,True
TX0001871,2019-11-07,2019,Madhya Pradesh,Delhi,ACC392682,ACC970452,3034.28,Trade Invoice Payment,Cash,0.15,False
TX0001872,2018-08-23,2018,Andhra Pradesh,Mizoram,ACC268290,ACC159614,54507.7,Hawala-linked Transfer,Cash,0.73,True
TX0001873,2019-08-26,2019,Gujarat,Mizoram,ACC779687,ACC405693,35474.44,Trade Invoice Payment,Bank Transfer,0.12,False
TX0001874,2020-11-08,2020,Bihar,Rajasthan,ACC832941,ACC245304,40521.6,Remittance,Hawala Network,0.24,False
TX0001875,2022-06-25,2022,Madhya Pradesh,Telangana,ACC683222,ACC391652,90119.65,Cash Deposit,Hawala Network,0.29,False
TX0001876,2018-01-10,2018,Manipur,Manipur,ACC849575,ACC710064,2877812.49,Hawala-linked Transfer,UPI,0.85,True
TX0001877,2019-07-20,2019,Odisha,Uttar Pradesh,ACC230545,ACC295333,345579.43,Trade Invoice Payment,Hawala Network,0.28,False
TX0001878,2024-04-14,2024,Assam,Rajasthan,ACC961476,ACC387811,66075.19,Hawala-linked Transfer,Bank Transfer,0.74,True
TX0001879,2018-10-12,2018,West Bengal,Uttar Pradesh,ACC611628,ACC957905,67675.9,Remittance,Crypto Exchange,0.17,False
TX0001880,2019-04-06,2019,Odisha,Mizoram,ACC311261,ACC178081,223904.24,Remittance,Bank Transfer,0.24,False
TX0001881,2024-04-02,2024,Gujarat,Tamil Nadu,ACC487554,ACC541696,4062.37,Remittance,Cash,0.18,False
TX0001882,2018-10-10,2018,Jammu and Kashmir,Assam,ACC774977,ACC894319,413484.18,Remittance,Cash,0.29,False
TX0001883,2022-06-27,2022,Punjab,Manipur,ACC832296,ACC735578,452755.57,Trade Invoice Payment,Crypto Exchange,0.24,False
TX0001884,2022-05-06,2022,Manipur,Delhi,ACC687838,ACC700212,49853.42,Trade Invoice Payment,Hawala Network,0.17,False
TX0001885,2022-04-09,2022,Karnataka,Karnataka,ACC479887,ACC809723,46987.34,Remittance,Hawala Network,0.13,False
TX0001886,2022-06-06,2022,Madhya Pradesh,Assam,ACC917496,ACC136021,315410.71,Shell Company Transfer,Hawala Network,0.74,True
TX0001887,2019-08-17,2019,Madhya Pradesh,West Bengal,ACC304683,ACC968619,379845.02,Hawala-linked Transfer,Cash,0.72,True
TX0001888,2023-05-17,2023,Haryana,Mizoram,ACC894596,ACC107361,60707.56,Hawala-linked Transfer,Crypto Exchange,0.71,True
TX0001889,2022-07-06,2022,Bihar,Odisha,ACC145698,ACC394931,49857.26,Shell Company Transfer,UPI,0.56,False
TX0001890,2018-11-21,2018,Punjab,Maharashtra,ACC574300,ACC181123,2511572.58,Trade Invoice Payment,Hawala Network,0.49,False
TX0001891,2021-04-05,2021,Punjab,Tamil Nadu,ACC188373,ACC115059,30587.32,Trade Invoice Payment,Cash,0.27,False
TX0001892,2018-03-20,2018,Maharashtra,Delhi,ACC598544,ACC456491,108104.25,Trade Invoice Payment,Hawala Network,0.2,False
TX0001893,2023-12-03,2023,West Bengal,Telangana,ACC307034,ACC798985,25401.03,Trade Invoice Payment,UPI,0.13,False
TX0001894,2019-07-01,2019,Manipur,Odisha,ACC954987,ACC177147,7867.63,Trade Invoice Payment,Cash,0.19,False
TX0001895,2024-12-07,2024,Assam,Punjab,ACC118748,ACC864521,394591.51,Remittance,Crypto Exchange,0.2,False
TX0001896,2018-11-08,2018,Bihar,Tamil Nadu,ACC654379,ACC792654,222191.84,Shell Company Transfer,Crypto Exchange,0.67,True
TX0001897,2018-02-04,2018,Mizoram,Odisha,ACC339551,ACC159001,173114.68,Remittance,Hawala Network,0.27,False
TX0001898,2023-06-23,2023,Uttar Pradesh,Mizoram,ACC300782,ACC560717,14750.5,Hawala-linked Transfer,UPI,0.6,False
TX0001899,2018-05-22,2018,Andhra Pradesh,Rajasthan,ACC764282,ACC579691,46235.16,Trade Invoice Payment,UPI,0.2,False
TX0001900,2022-03-25,2022,Tamil Nadu,West Bengal,ACC888561,ACC404118,20479.88,Hawala-linked Transfer,Crypto Exchange,0.72,True
TX0001901,2022-04-27,2022,Maharashtra,Madhya Pradesh,ACC363644,ACC668214,38341.1,Remittance,Crypto Exchange,0.13,False
TX0001902,2021-09-17,2021,Kerala,Uttar Pradesh,ACC591244,ACC234349,212039.98,Shell Company Transfer,Cash,0.64,False
TX0001903,2023-09-05,2023,Madhya Pradesh,Andhra Pradesh,ACC906465,ACC891819,478962.4,Cash Deposit,Bank Transfer,0.22,False
TX0001904,2024-05-06,2024,Andhra Pradesh,West Bengal,ACC715940,ACC729554,21915.91,Remittance,Cash,0.17,False
TX0001905,2023-11-23,2023,Kerala,Punjab,ACC387214,ACC982178,33084.93,Remittance,UPI,0.21,False
TX0001906,2020-10-11,2020,Haryana,West Bengal,ACC533786,ACC807031,55375.86,Cash Deposit,Cash,0.19,False
TX0001907,2020-01-12,2020,Rajasthan,Jammu and Kashmir,ACC442273,ACC955640,254331.8,Remittance,Hawala Network,0.11,False
TX0001908,2022-04-26,2022,Tamil Nadu,Bihar,ACC390805,ACC113800,107890.15,Shell Company Transfer,Bank Transfer,0.65,True
TX0001909,2021-01-26,2021,Uttar Pradesh,Mizoram,ACC845662,ACC914159,123546.49,Trade Invoice Payment,UPI,0.22,False
TX0001910,2022-02-21,2022,Assam,Mizoram,ACC924374,ACC852051,10542.17,Remittance,Bank Transfer,0.12,False
TX0001911,2023-01-04,2023,Tamil Nadu,Odisha,ACC457748,ACC201834,14396.48,Hawala-linked Transfer,UPI,0.58,False
TX0001912,2019-11-07,2019,Andhra Pradesh,Gujarat,ACC116317,ACC781478,19098.09,Cash Deposit,Cash,0.23,False
TX0001913,2021-09-17,2021,Odisha,Jammu and Kashmir,ACC457160,ACC114444,363076.28,Cash Deposit,Cash,0.26,False
TX0001914,2018-12-08,2018,Tamil Nadu,West Bengal,ACC911501,ACC472078,383626.1,Trade Invoice Payment,Cash,0.21,False
TX0001915,2023-08-20,2023,Madhya Pradesh,Madhya Pradesh,ACC417662,ACC811436,309135.05,Trade Invoice Payment,Crypto Exchange,0.06,False
TX0001916,2020-08-04,2020,Manipur,Odisha,ACC728819,ACC344269,31473.22,Trade Invoice Payment,UPI,0.2,False
TX0001917,2024-09-12,2024,Manipur,Odisha,ACC742945,ACC543692,121714.34,Shell Company Transfer,Cash,0.56,False
TX0001918,2024-12-25,2024,Tamil Nadu,Gujarat,ACC527834,ACC971448,53841.1,Trade Invoice Payment,UPI,0.28,False
TX0001919,2021-12-19,2021,Maharashtra,Maharashtra,ACC806714,ACC454317,61889.24,Hawala-linked Transfer,UPI,0.47,False
TX0001920,2023-12-01,2023,Jammu and Kashmir,Manipur,ACC442203,ACC577806,49610.65,Hawala-linked Transfer,Crypto Exchange,0.55,False
TX0001921,2018-09-09,2018,Odisha,Jammu and Kashmir,ACC484631,ACC773228,8546.33,Remittance,Hawala Network,0.13,False
TX0001922,2019-01-24,2019,Delhi,Kerala,ACC874507,ACC135737,701209.46,Hawala-linked Transfer,Hawala Network,0.64,False
TX0001923,2020-07-01,2020,Tamil Nadu,Punjab,ACC438565,ACC910203,43064.05,Trade Invoice Payment,Cash,0.15,False
TX0001924,2021-07-13,2021,Haryana,Assam,ACC546680,ACC112466,10701.98,Remittance,Hawala Network,0.18,False
TX0001925,2020-08-11,2020,Punjab,Punjab,ACC486080,ACC514867,233178.3,Hawala-linked Transfer,Bank Transfer,0.49,False
TX0001926,2024-05-25,2024,Uttar Pradesh,Uttar Pradesh,ACC733059,ACC855641,16700.03,Trade Invoice Payment,Hawala Network,0.12,False
TX0001927,2019-11-18,2019,Telangana,Karnataka,ACC344789,ACC505474,1016566.2,Trade Invoice Payment,Cash,0.12,False
TX0001928,2019-05-10,2019,Gujarat,Telangana,ACC202353,ACC947284,1136528.55,Trade Invoice Payment,UPI,0.25,False
TX0001929,2022-01-21,2022,Jammu and Kashmir,Delhi,ACC176298,ACC409671,25610.65,Trade Invoice Payment,Crypto Exchange,0.29,False
TX0001930,2023-08-08,2023,Maharashtra,Rajasthan,ACC317538,ACC481113,140480.88,Hawala-linked Transfer,Hawala Network,0.56,False
TX0001931,2022-05-11,2022,Maharashtra,Punjab,ACC478778,ACC727746,476214.6,Cash Deposit,UPI,0.28,False
TX0001932,2024-09-24,2024,Punjab,Odisha,ACC997138,ACC206923,5827.43,Remittance,Cash,0.16,False
TX0001933,2024-07-14,2024,Jammu and Kashmir,Rajasthan,ACC989373,ACC992070,183297.72,Cash Deposit,Hawala Network,0.23,False
TX0001934,2023-04-03,2023,Karnataka,Karnataka,ACC350179,ACC413892,155409.61,Trade Invoice Payment,Bank Transfer,0.05,False
TX0001935,2023-06-04,2023,Karnataka,Haryana,ACC177705,ACC828842,56766.08,Trade Invoice Payment,Bank Transfer,0.11,False
TX0001936,2021-08-14,2021,Odisha,Bihar,ACC198629,ACC246286,20199.72,Remittance,Bank Transfer,0.1,False
TX0001937,2023-06-25,2023,Manipur,Karnataka,ACC766648,ACC494780,37513.03,Trade Invoice Payment,Hawala Network,0.14,False
TX0001938,2023-09-11,2023,Tamil Nadu,Bihar,ACC780867,ACC671979,6646.44,Hawala-linked Transfer,Bank Transfer,0.6,False
TX0001939,2022-04-12,2022,Telangana,Assam,ACC725122,ACC564365,8068.89,Cash Deposit,Cash,0.12,False
TX0001940,2024-02-27,2024,Tamil Nadu,Jammu and Kashmir,ACC995553,ACC685839,236304.65,Shell Company Transfer,Crypto Exchange,0.67,True
TX0001941,2021-06-23,2021,Andhra Pradesh,Telangana,ACC692996,ACC148010,128936.13,Crypto Off-ramp,Cash,0.56,False
TX0001942,2020-12-21,2020,Rajasthan,Andhra Pradesh,ACC568356,ACC992226,1897499.25,Remittance,Hawala Network,0.15,False
TX0001943,2019-10-11,2019,Jammu and Kashmir,Jammu and Kashmir,ACC406646,ACC688687,80418.3,Shell Company Transfer,Cash,0.46,False
TX0001944,2022-08-25,2022,Rajasthan,Punjab,ACC968836,ACC680205,389137.37,Cash Deposit,Crypto Exchange,0.17,False
TX0001945,2024-08-12,2024,West Bengal,Punjab,ACC976503,ACC575205,224460.29,Hawala-linked Transfer,UPI,0.74,True
TX0001946,2022-12-24,2022,Assam,Uttar Pradesh,ACC672728,ACC309757,3052260.02,Trade Invoice Payment,Cash,0.53,False
TX0001947,2021-01-02,2021,Tamil Nadu,Karnataka,ACC183064,ACC467800,250774.11,Trade Invoice Payment,Hawala Network,0.2,False
TX0001948,2018-01-17,2018,Mizoram,Odisha,ACC895559,ACC937647,68342.63,Trade Invoice Payment,Bank Transfer,0.29,False
TX0001949,2024-01-21,2024,Odisha,Bihar,ACC649381,ACC781378,48287.82,Shell Company Transfer,UPI,0.59,False
TX0001950,2022-07-22,2022,Kerala,Telangana,ACC239733,ACC329969,69646.13,Remittance,Hawala Network,0.11,False
TX0001951,2021-07-26,2021,Punjab,Telangana,ACC293800,ACC903532,1159453.12,Remittance,Crypto Exchange,0.19,False
TX0001952,2023-12-07,2023,West Bengal,Rajasthan,ACC670382,ACC254785,169979.82,Trade Invoice Payment,Crypto Exchange,0.25,False
TX0001953,2022-02-12,2022,Gujarat,Andhra Pradesh,ACC904444,ACC932553,80944.94,Remittance,Bank Transfer,0.16,False
TX0001954,2024-02-01,2024,Gujarat,Kerala,ACC425690,ACC584378,128178.84,Remittance,Crypto Exchange,0.12,False
TX0001955,2023-03-01,2023,Haryana,Assam,ACC463088,ACC719280,175046.18,Hawala-linked Transfer,Hawala Network,0.75,True
TX0001956,2022-09-13,2022,West Bengal,Rajasthan,ACC583992,ACC251922,40608.41,Cash Deposit,Crypto Exchange,0.26,False
TX0001957,2023-07-14,2023,Odisha,West Bengal,ACC475974,ACC906855,28393.15,Crypto Off-ramp,Hawala Network,0.56,False
TX0001958,2018-01-17,2018,Jammu and Kashmir,Bihar,ACC112186,ACC513359,18661.49,Trade Invoice Payment,UPI,0.22,False
TX0001959,2023-02-19,2023,Odisha,Madhya Pradesh,ACC490000,ACC842151,35007.24,Trade Invoice Payment,UPI,0.22,False
TX0001960,2023-08-13,2023,Odisha,Bihar,ACC458543,ACC645239,5033.22,Cash Deposit,UPI,0.13,False
TX0001961,2020-01-10,2020,Manipur,Jammu and Kashmir,ACC762768,ACC351909,32923.19,Crypto Off-ramp,UPI,0.61,False
TX0001962,2018-12-02,2018,Assam,Rajasthan,ACC484228,ACC991463,425116.52,Hawala-linked Transfer,UPI,0.57,False
TX0001963,2022-01-17,2022,Kerala,Odisha,ACC104659,ACC630462,1552127.24,Crypto Off-ramp,Hawala Network,0.56,False
TX0001964,2021-09-27,2021,Uttar Pradesh,West Bengal,ACC996359,ACC967191,284480.21,Shell Company Transfer,UPI,0.56,False
TX0001965,2021-10-23,2021,Punjab,Tamil Nadu,ACC969333,ACC740914,138212.16,Remittance,Bank Transfer,0.14,False
TX0001966,2018-10-07,2018,Madhya Pradesh,Odisha,ACC650179,ACC342318,218624.53,Trade Invoice Payment,Crypto Exchange,0.17,False
TX0001967,2023-02-07,2023,Odisha,Maharashtra,ACC375632,ACC743850,44165.23,Trade Invoice Payment,Hawala Network,0.1,False
TX0001968,2021-01-02,2021,Maharashtra,West Bengal,ACC948144,ACC192131,678592.17,Cash Deposit,Crypto Exchange,0.3,False
TX0001969,2022-01-15,2022,Kerala,Andhra Pradesh,ACC585106,ACC427929,253683.98,Remittance,Crypto Exchange,0.28,False
TX0001970,2022-10-06,2022,Punjab,Mizoram,ACC454036,ACC733376,49469.31,Remittance,Cash,0.28,False
TX0001971,2022-11-12,2022,Punjab,Delhi,ACC156635,ACC514648,137649.9,Shell Company Transfer,Hawala Network,0.56,False
TX0001972,2019-02-07,2019,Karnataka,Assam,ACC521588,ACC645355,65734.17,Shell Company Transfer,Cash,0.74,True
TX0001973,2023-05-05,2023,Kerala,Maharashtra,ACC399058,ACC339400,68592.43,Trade Invoice Payment,Hawala Network,0.27,False
TX0001974,2020-05-14,2020,Kerala,Manipur,ACC128886,ACC107036,256455.04,Crypto Off-ramp,Hawala Network,0.64,False
TX0001975,2018-04-15,2018,Punjab,Madhya Pradesh,ACC179210,ACC823022,149161.92,Hawala-linked Transfer,Hawala Network,0.7,True
TX0001976,2022-01-24,2022,Punjab,Manipur,ACC836130,ACC307037,62384.49,Trade Invoice Payment,UPI,0.16,False
TX0001977,2021-08-16,2021,Maharashtra,Rajasthan,ACC918248,ACC968251,6860.48,Hawala-linked Transfer,Hawala Network,0.58,False
TX0001978,2020-11-12,2020,Andhra Pradesh,Gujarat,ACC529443,ACC465157,112652.6,Cash Deposit,Hawala Network,0.1,False
TX0001979,2018-03-06,2018,Bihar,Uttar Pradesh,ACC129569,ACC810253,108133.63,Remittance,Hawala Network,0.18,False
TX0001980,2024-10-23,2024,Madhya Pradesh,Jammu and Kashmir,ACC998019,ACC346843,2501.47,Shell Company Transfer,UPI,0.58,False
TX0001981,2022-02-12,2022,Tamil Nadu,Odisha,ACC982402,ACC607888,142255.73,Cash Deposit,Crypto Exchange,0.27,False
TX0001982,2022-07-08,2022,Delhi,Maharashtra,ACC774161,ACC819725,40201.57,Remittance,Hawala Network,0.25,False
TX0001983,2020-06-17,2020,Tamil Nadu,Andhra Pradesh,ACC109670,ACC761942,155842.9,Trade Invoice Payment,Cash,0.1,False
TX0001984,2024-01-24,2024,Tamil Nadu,Manipur,ACC954928,ACC112357,482433.69,Hawala-linked Transfer,Bank Transfer,0.68,True
TX0001985,2021-07-14,2021,Maharashtra,Bihar,ACC341093,ACC603585,126855.04,Cash Deposit,Hawala Network,0.13,False
TX0001986,2024-12-05,2024,Telangana,Jammu and Kashmir,ACC309394,ACC985598,18133.86,Trade Invoice Payment,Hawala Network,0.29,False
TX0001987,2020-08-24,2020,Manipur,Manipur,ACC656992,ACC121992,34660.13,Trade Invoice Payment,Cash,0.16,False
TX0001988,2021-01-17,2021,Manipur,Bihar,ACC307470,ACC651019,29503.14,Trade Invoice Payment,Cash,0.14,False
TX0001989,2022-01-10,2022,Andhra Pradesh,Odisha,ACC780907,ACC557420,31686.18,Remittance,Cash,0.12,False
TX0001990,2024-01-12,2024,Manipur,Odisha,ACC426052,ACC438484,156166.05,Cash Deposit,Hawala Network,0.11,False
TX0001991,2018-03-25,2018,Punjab,Telangana,ACC640554,ACC298921,261695.46,Trade Invoice Payment,UPI,0.12,False
TX0001992,2018-10-01,2018,Tamil Nadu,Kerala,ACC129565,ACC906221,940564.72,Remittance,Hawala Network,0.29,False
TX0001993,2018-12-12,2018,Tamil Nadu,Haryana,ACC297650,ACC487624,308405.44,Crypto Off-ramp,Bank Transfer,0.6,False
TX0001994,2019-01-07,2019,Rajasthan,Uttar Pradesh,ACC367592,ACC946521,20881.7,Hawala-linked Transfer,Cash,0.66,True
TX0001995,2023-05-12,2023,Uttar Pradesh,Bihar,ACC465228,ACC923500,302062.41,Trade Invoice Payment,Hawala Network,0.11,False
TX0001996,2019-12-03,2019,West Bengal,Madhya Pradesh,ACC752763,ACC997971,21101.6,Cash Deposit,Hawala Network,0.16,False
TX0001997,2019-12-07,2019,Gujarat,Delhi,ACC756303,ACC647630,285054.62,Trade Invoice Payment,Cash,0.25,False
TX0001998,2021-10-18,2021,Gujarat,Jammu and Kashmir,ACC531182,ACC344248,312232.17,Trade Invoice Payment,Hawala Network,0.28,False
TX0001999,2018-11-09,2018,Mizoram,Kerala,ACC184542,ACC437606,188831.49,Trade Invoice Payment,Bank Transfer,0.19,False
TX0002000,2024-06-15,2024,Rajasthan,Jammu and Kashmir,ACC431700,ACC244701,35607.15,Remittance,Cash,0.21,False
TX0002001,2018-03-08,2018,Uttar Pradesh,Rajasthan,ACC516204,ACC257885,19001.64,Shell Company Transfer,Cash,0.62,False
TX0002002,2019-11-14,2019,Delhi,Assam,ACC536221,ACC687559,57221.6,Cash Deposit,Crypto Exchange,0.29,False
TX0002003,2023-06-22,2023,Maharashtra,Uttar Pradesh,ACC640136,ACC495452,92619.01,Hawala-linked Transfer,Cash,0.66,True
TX0002004,2019-07-22,2019,Kerala,Maharashtra,ACC603993,ACC941825,16111.74,Trade Invoice Payment,Crypto Exchange,0.28,False
TX0002005,2024-04-04,2024,Telangana,Odisha,ACC598379,ACC977715,13834.83,Trade Invoice Payment,Crypto Exchange,0.25,False
TX0002006,2024-11-16,2024,Tamil Nadu,Mizoram,ACC371548,ACC439714,56729.83,Remittance,Crypto Exchange,0.12,False
TX0002007,2018-04-02,2018,Manipur,Telangana,ACC421557,ACC558866,34661.15,Trade Invoice Payment,Bank Transfer,0.24,False
TX0002008,2024-11-25,2024,Assam,Uttar Pradesh,ACC748950,ACC154159,31977.5,Remittance,UPI,0.29,False
TX0002009,2023-04-23,2023,Karnataka,Jammu and Kashmir,ACC183106,ACC272172,115804.27,Hawala-linked Transfer,Hawala Network,0.67,True
TX0002010,2019-03-22,2019,Punjab,Odisha,ACC198409,ACC559332,84125.22,Cash Deposit,UPI,0.16,False
TX0002011,2018-08-21,2018,Haryana,Maharashtra,ACC748911,ACC602809,207893.25,Remittance,Bank Transfer,0.18,False
TX0002012,2021-05-27,2021,Jammu and Kashmir,Kerala,ACC838884,ACC959225,141539.9,Remittance,UPI,0.25,False
TX0002013,2019-11-20,2019,Gujarat,Punjab,ACC723300,ACC819637,249117.52,Trade Invoice Payment,Cash,0.21,False
TX0002014,2020-05-05,2020,Manipur,Tamil Nadu,ACC938964,ACC593543,161572.72,Remittance,Crypto Exchange,0.19,False
TX0002015,2019-03-20,2019,Assam,Tamil Nadu,ACC507057,ACC899877,100681.83,Trade Invoice Payment,Hawala Network,0.15,False
TX0002016,2021-04-04,2021,Telangana,Kerala,ACC841828,ACC218122,403112.23,Trade Invoice Payment,Crypto Exchange,0.11,False
TX0002017,2024-01-26,2024,Rajasthan,Rajasthan,ACC790024,ACC873491,234278.47,Remittance,Crypto Exchange,0.05,False
TX0002018,2021-06-22,2021,Tamil Nadu,Kerala,ACC733143,ACC455984,590637.04,Cash Deposit,Bank Transfer,0.3,False
TX0002019,2018-04-21,2018,Gujarat,Delhi,ACC215306,ACC669881,44730.97,Trade Invoice Payment,Bank Transfer,0.26,False
TX0002020,2019-08-06,2019,Karnataka,Manipur,ACC514748,ACC966670,63601.02,Hawala-linked Transfer,Hawala Network,0.72,True
TX0002021,2024-02-12,2024,Karnataka,Odisha,ACC441105,ACC878967,11908.52,Remittance,UPI,0.27,False
TX0002022,2020-08-03,2020,Odisha,Andhra Pradesh,ACC929485,ACC704236,341522.17,Trade Invoice Payment,Bank Transfer,0.24,False
TX0002023,2019-08-21,2019,Bihar,Uttar Pradesh,ACC377961,ACC898409,16103.95,Remittance,Hawala Network,0.16,False
TX0002024,2020-05-24,2020,Rajasthan,Haryana,ACC194972,ACC793211,58428.17,Remittance,Crypto Exchange,0.15,False
TX0002025,2018-06-24,2018,Delhi,Andhra Pradesh,ACC116500,ACC121995,110203.59,Shell Company Transfer,Bank Transfer,0.7,True
TX0002026,2023-10-19,2023,Telangana,Tamil Nadu,ACC339538,ACC566003,52200.51,Cash Deposit,Bank Transfer,0.21,False
TX0002027,2023-12-26,2023,Karnataka,Andhra Pradesh,ACC606808,ACC265077,76037.45,Remittance,Hawala Network,0.29,False
TX0002028,2024-06-23,2024,Bihar,Mizoram,ACC358286,ACC417935,85094.6,Cash Deposit,Crypto Exchange,0.24,False
TX0002029,2020-02-05,2020,Manipur,Andhra Pradesh,ACC685100,ACC660126,72246.11,Trade Invoice Payment,Cash,0.17,False
TX0002030,2024-05-12,2024,Uttar Pradesh,Rajasthan,ACC512060,ACC714053,294002.69,Remittance,Crypto Exchange,0.29,False
TX0002031,2022-12-14,2022,Odisha,Odisha,ACC595742,ACC917519,162072.16,Remittance,Hawala Network,0.16,False
TX0002032,2024-11-08,2024,Andhra Pradesh,Delhi,ACC751642,ACC145269,75288.89,Crypto Off-ramp,Bank Transfer,0.62,False
TX0002033,2019-12-12,2019,Jammu and Kashmir,Rajasthan,ACC563524,ACC786405,192964.39,Remittance,Cash,0.19,False
TX0002034,2020-11-02,2020,Assam,Kerala,ACC792214,ACC953919,77522.21,Hawala-linked Transfer,Hawala Network,0.55,False
TX0002035,2020-10-09,2020,Madhya Pradesh,Maharashtra,ACC690125,ACC662838,214429.17,Hawala-linked Transfer,Bank Transfer,0.73,True
TX0002036,2019-02-22,2019,Gujarat,Uttar Pradesh,ACC496654,ACC981890,68119.13,Cash Deposit,Cash,0.18,False
TX0002037,2023-12-10,2023,Odisha,Karnataka,ACC526815,ACC962548,129575.63,Trade Invoice Payment,UPI,0.18,False
TX0002038,2021-10-03,2021,Kerala,Andhra Pradesh,ACC444677,ACC975848,172836.43,Cash Deposit,Hawala Network,0.16,False
TX0002039,2024-04-13,2024,Manipur,Bihar,ACC775395,ACC900899,376974.62,Trade Invoice Payment,Crypto Exchange,0.19,False
TX0002040,2023-04-27,2023,Odisha,Madhya Pradesh,ACC507567,ACC742229,321896.93,Shell Company Transfer,Cash,0.56,False
TX0002041,2018-07-14,2018,Andhra Pradesh,West Bengal,ACC587723,ACC939222,312082.91,Shell Company Transfer,UPI,0.58,False
TX0002042,2022-10-17,2022,Odisha,Karnataka,ACC337825,ACC417857,50287.08,Trade Invoice Payment,Crypto Exchange,0.14,False
TX0002043,2021-10-04,2021,Gujarat,Madhya Pradesh,ACC332805,ACC550338,157539.49,Remittance,Bank Transfer,0.12,False
TX0002044,2024-04-24,2024,West Bengal,Karnataka,ACC148958,ACC136532,161332.24,Hawala-linked Transfer,UPI,0.57,False
TX0002045,2023-09-10,2023,Jammu and Kashmir,Gujarat,ACC977969,ACC462588,71173.47,Cash Deposit,UPI,0.26,False
TX0002046,2020-07-12,2020,Bihar,Manipur,ACC110985,ACC457359,1217964.99,Trade Invoice Payment,Hawala Network,0.2,False
TX0002047,2021-03-13,2021,Kerala,Delhi,ACC665714,ACC273122,213887.22,Trade Invoice Payment,UPI,0.24,False
TX0002048,2018-04-15,2018,Odisha,Kerala,ACC806510,ACC290615,54951.88,Remittance,Hawala Network,0.25,False
TX0002049,2021-07-06,2021,Delhi,Mizoram,ACC799794,ACC421063,38413.99,Remittance,Crypto Exchange,0.12,False
TX0002050,2021-01-22,2021,Manipur,Uttar Pradesh,ACC293888,ACC764573,152113.04,Shell Company Transfer,Bank Transfer,0.68,True
TX0002051,2023-05-24,2023,Mizoram,Rajasthan,ACC172464,ACC298703,106555.21,Trade Invoice Payment,Hawala Network,0.17,False
TX0002052,2024-07-21,2024,Delhi,Delhi,ACC198295,ACC376964,90072.23,Trade Invoice Payment,Bank Transfer,0.09,False
TX0002053,2023-04-26,2023,Delhi,Mizoram,ACC176606,ACC464298,644672.17,Hawala-linked Transfer,Hawala Network,0.74,True
TX0002054,2019-01-11,2019,West Bengal,Manipur,ACC890343,ACC796478,74778.08,Remittance,Crypto Exchange,0.22,False
TX0002055,2019-04-07,2019,Kerala,Manipur,ACC320578,ACC694480,23470.51,Remittance,UPI,0.21,False
TX0002056,2024-11-27,2024,Uttar Pradesh,Manipur,ACC547911,ACC177177,15364.18,Hawala-linked Transfer,Hawala Network,0.72,True
TX0002057,2018-09-09,2018,Odisha,Uttar Pradesh,ACC546175,ACC528057,40702.39,Shell Company Transfer,Hawala Network,0.64,False
TX0002058,2021-01-01,2021,Tamil Nadu,Mizoram,ACC523871,ACC589895,110536.73,Trade Invoice Payment,UPI,0.24,False
TX0002059,2021-04-21,2021,Madhya Pradesh,Andhra Pradesh,ACC814534,ACC199849,243498.31,Trade Invoice Payment,Bank Transfer,0.16,False
TX0002060,2024-04-23,2024,Mizoram,Odisha,ACC708136,ACC399170,41191.81,Trade Invoice Payment,Cash,0.22,False
TX0002061,2019-09-14,2019,Odisha,Jammu and Kashmir,ACC464601,ACC353102,36023.42,Trade Invoice Payment,UPI,0.18,False
TX0002062,2024-05-03,2024,Telangana,Madhya Pradesh,ACC777026,ACC433096,188300.34,Remittance,Bank Transfer,0.23,False
TX0002063,2023-09-14,2023,Uttar Pradesh,Bihar,ACC180220,ACC869702,8461.01,Trade Invoice Payment,Cash,0.2,False
TX0002064,2024-07-13,2024,Delhi,Uttar Pradesh,ACC916845,ACC979619,710729.98,Remittance,Crypto Exchange,0.12,False
TX0002065,2022-11-12,2022,Odisha,Andhra Pradesh,ACC650076,ACC701186,129123.32,Cash Deposit,Cash,0.15,False
TX0002066,2018-07-11,2018,West Bengal,Delhi,ACC762471,ACC192173,1082136.12,Shell Company Transfer,Crypto Exchange,0.71,True
TX0002067,2018-05-26,2018,Haryana,Tamil Nadu,ACC933778,ACC705937,17766.55,Trade Invoice Payment,Hawala Network,0.25,False
TX0002068,2020-04-17,2020,Mizoram,Rajasthan,ACC188156,ACC334417,15956.68,Cash Deposit,Crypto Exchange,0.28,False
TX0002069,2019-12-16,2019,Manipur,Mizoram,ACC452950,ACC123831,19180.53,Trade Invoice Payment,Hawala Network,0.12,False
TX0002070,2023-07-06,2023,Rajasthan,Jammu and Kashmir,ACC772778,ACC497385,407137.05,Remittance,UPI,0.1,False
TX0002071,2024-10-21,2024,Karnataka,Uttar Pradesh,ACC309902,ACC544629,150553.71,Trade Invoice Payment,Crypto Exchange,0.26,False
TX0002072,2021-04-24,2021,Manipur,West Bengal,ACC369931,ACC500423,62001.41,Remittance,Hawala Network,0.26,False
TX0002073,2024-10-07,2024,Rajasthan,Maharashtra,ACC346573,ACC354818,31878.45,Trade Invoice Payment,Bank Transfer,0.21,False
TX0002074,2020-05-09,2020,Jammu and Kashmir,Mizoram,ACC859764,ACC577786,180321.7,Trade Invoice Payment,Cash,0.27,False
TX0002075,2023-03-16,2023,Odisha,Uttar Pradesh,ACC139846,ACC942495,46194.15,Crypto Off-ramp,Crypto Exchange,0.74,True
TX0002076,2019-05-05,2019,Andhra Pradesh,Uttar Pradesh,ACC485514,ACC982472,57957.86,Hawala-linked Transfer,Hawala Network,0.72,True
TX0002077,2021-08-01,2021,Odisha,Telangana,ACC209562,ACC786719,101571.17,Remittance,Bank Transfer,0.23,False
TX0002078,2021-12-02,2021,Rajasthan,Tamil Nadu,ACC229513,ACC104114,75067.26,Remittance,Cash,0.15,False
TX0002079,2018-08-16,2018,Odisha,Tamil Nadu,ACC977631,ACC483498,27793.67,Trade Invoice Payment,Crypto Exchange,0.23,False
TX0002080,2022-04-26,2022,Jammu and Kashmir,Manipur,ACC772230,ACC886999,602644.44,Shell Company Transfer,UPI,0.67,True
TX0002081,2024-10-12,2024,Madhya Pradesh,Bihar,ACC621068,ACC604251,56229.4,Remittance,UPI,0.21,False
TX0002082,2018-07-23,2018,Karnataka,Manipur,ACC780355,ACC436846,145586.04,Trade Invoice Payment,Cash,0.11,False
TX0002083,2021-02-25,2021,West Bengal,Mizoram,ACC552722,ACC866970,5605506.44,Cash Deposit,UPI,0.36,False
TX0002084,2022-10-06,2022,Punjab,Uttar Pradesh,ACC325628,ACC287222,28645.91,Shell Company Transfer,UPI,0.7,True
TX0002085,2018-05-12,2018,Odisha,Odisha,ACC981970,ACC611088,65484.32,Remittance,Hawala Network,0.14,False
TX0002086,2019-10-02,2019,Karnataka,West Bengal,ACC467886,ACC534791,65113.98,Trade Invoice Payment,Hawala Network,0.15,False
TX0002087,2019-05-09,2019,Maharashtra,Maharashtra,ACC300342,ACC997846,192719.02,Remittance,Bank Transfer,0.11,False
TX0002088,2020-07-05,2020,Rajasthan,Bihar,ACC778459,ACC221714,89144.24,Remittance,Cash,0.21,False
TX0002089,2024-08-23,2024,Kerala,Haryana,ACC104473,ACC698435,466630.87,Remittance,Cash,0.13,False
TX0002090,2019-10-09,2019,Telangana,Punjab,ACC143715,ACC781099,29477.67,Crypto Off-ramp,Bank Transfer,0.69,True
TX0002091,2023-07-06,2023,Bihar,West Bengal,ACC339246,ACC216922,314426.96,Remittance,UPI,0.22,False
TX0002092,2021-05-21,2021,Haryana,Gujarat,ACC925129,ACC804881,22137.42,Trade Invoice Payment,Cash,0.25,False
TX0002093,2019-11-19,2019,Gujarat,Gujarat,ACC368518,ACC970978,128712.69,Remittance,Bank Transfer,0.07,False
TX0002094,2022-08-02,2022,Punjab,Madhya Pradesh,ACC276800,ACC478930,56925.32,Remittance,Bank Transfer,0.14,False
TX0002095,2019-08-25,2019,Punjab,Karnataka,ACC450988,ACC665090,346974.54,Cash Deposit,Cash,0.11,False
TX0002096,2022-10-20,2022,Gujarat,Andhra Pradesh,ACC855030,ACC731549,40860.88,Trade Invoice Payment,Hawala Network,0.27,False
TX0002097,2023-12-12,2023,Uttar Pradesh,Gujarat,ACC367398,ACC227451,144477.89,Cash Deposit,Crypto Exchange,0.21,False
TX0002098,2019-11-06,2019,Tamil Nadu,Maharashtra,ACC617545,ACC402119,322566.5,Cash Deposit,Cash,0.16,False
TX0002099,2019-05-15,2019,Uttar Pradesh,Assam,ACC477487,ACC381633,34843.79,Cash Deposit,UPI,0.27,False
TX0002100,2024-05-19,2024,Uttar Pradesh,Haryana,ACC329267,ACC256953,602909.26,Cash Deposit,UPI,0.19,False
TX0002101,2020-07-09,2020,Maharashtra,Manipur,ACC909100,ACC814425,19165.21,Trade Invoice Payment,Bank Transfer,0.26,False
TX0002102,2024-11-05,2024,Assam,Telangana,ACC778172,ACC222782,229923.32,Trade Invoice Payment,Bank Transfer,0.13,False
TX0002103,2019-05-27,2019,Tamil Nadu,Karnataka,ACC400402,ACC522998,42392.85,Remittance,Bank Transfer,0.22,False
TX0002104,2024-04-08,2024,Uttar Pradesh,Maharashtra,ACC196849,ACC750652,8569.21,Trade Invoice Payment,Hawala Network,0.21,False
TX0002105,2021-04-11,2021,Mizoram,Uttar Pradesh,ACC305347,ACC368513,613862.55,Cash Deposit,Bank Transfer,0.11,False
TX0002106,2019-07-16,2019,Karnataka,West Bengal,ACC743683,ACC208428,97466.15,Remittance,Cash,0.12,False
TX0002107,2020-04-17,2020,West Bengal,Punjab,ACC178384,ACC399656,105804.5,Trade Invoice Payment,UPI,0.2,False
TX0002108,2021-12-09,2021,Odisha,Kerala,ACC678792,ACC968597,532289.84,Trade Invoice Payment,Hawala Network,0.25,False
TX0002109,2021-01-02,2021,Telangana,Bihar,ACC431440,ACC550591,233888.89,Remittance,Bank Transfer,0.22,False
TX0002110,2020-05-06,2020,Tamil Nadu,Mizoram,ACC330322,ACC743896,56155.18,Trade Invoice Payment,UPI,0.12,False
TX0002111,2023-11-17,2023,Assam,Bihar,ACC458856,ACC153657,103532.16,Trade Invoice Payment,Crypto Exchange,0.19,False
TX0002112,2021-06-01,2021,Andhra Pradesh,Assam,ACC220561,ACC558556,165002.74,Trade Invoice Payment,Crypto Exchange,0.17,False
TX0002113,2021-02-22,2021,Odisha,Haryana,ACC190082,ACC247655,218882.69,Trade Invoice Payment,Bank Transfer,0.18,False
TX0002114,2022-06-11,2022,Madhya Pradesh,Manipur,ACC429852,ACC349758,10655.79,Hawala-linked Transfer,Bank Transfer,0.64,False
TX0002115,2023-08-18,2023,Madhya Pradesh,Tamil Nadu,ACC931677,ACC329054,621703.75,Cash Deposit,Crypto Exchange,0.11,False
TX0002116,2023-05-03,2023,Uttar Pradesh,Punjab,ACC405107,ACC292513,50801.5,Trade Invoice Payment,Crypto Exchange,0.18,False
TX0002117,2019-11-15,2019,Jammu and Kashmir,Mizoram,ACC186222,ACC391975,143066.27,Hawala-linked Transfer,Hawala Network,0.55,False
TX0002118,2021-11-19,2021,Mizoram,Manipur,ACC563154,ACC874903,817617.4,Remittance,Crypto Exchange,0.12,False
TX0002119,2021-09-13,2021,Telangana,Assam,ACC794757,ACC186129,231211.07,Crypto Off-ramp,Crypto Exchange,0.6,False
TX0002120,2023-04-26,2023,Telangana,Haryana,ACC232698,ACC467204,81022.84,Trade Invoice Payment,Hawala Network,0.21,False
TX0002121,2023-11-25,2023,Haryana,Gujarat,ACC388432,ACC924593,14143.58,Trade Invoice Payment,Crypto Exchange,0.26,False
TX0002122,2022-02-01,2022,Gujarat,Andhra Pradesh,ACC704557,ACC278882,58887.79,Remittance,UPI,0.25,False
TX0002123,2020-12-06,2020,Haryana,Odisha,ACC443585,ACC604563,1131256.53,Trade Invoice Payment,UPI,0.2,False
TX0002124,2023-04-14,2023,Delhi,Madhya Pradesh,ACC699527,ACC266037,62227.35,Cash Deposit,UPI,0.12,False
TX0002125,2023-03-18,2023,Maharashtra,Tamil Nadu,ACC484969,ACC266695,38725.32,Hawala-linked Transfer,UPI,0.61,False
TX0002126,2024-09-07,2024,Punjab,Manipur,ACC791840,ACC566029,97246.69,Shell Company Transfer,Crypto Exchange,0.66,True
TX0002127,2024-12-13,2024,Odisha,Jammu and Kashmir,ACC602398,ACC967049,16050.03,Crypto Off-ramp,Hawala Network,0.68,True
TX0002128,2021-03-11,2021,Odisha,Mizoram,ACC133218,ACC626395,211918.97,Shell Company Transfer,Bank Transfer,0.64,False
TX0002129,2022-12-08,2022,Manipur,Punjab,ACC134172,ACC929909,17944.57,Trade Invoice Payment,UPI,0.24,False
TX0002130,2023-12-10,2023,Madhya Pradesh,Odisha,ACC720097,ACC857994,344689.56,Remittance,Bank Transfer,0.14,False
TX0002131,2018-05-02,2018,Haryana,Uttar Pradesh,ACC291413,ACC846837,22393.44,Remittance,Bank Transfer,0.17,False
TX0002132,2020-01-17,2020,Andhra Pradesh,Telangana,ACC166729,ACC184059,32295.79,Shell Company Transfer,Bank Transfer,0.74,True
TX0002133,2024-03-05,2024,Odisha,Punjab,ACC131745,ACC181717,85330.75,Remittance,Bank Transfer,0.16,False
TX0002134,2018-06-11,2018,Gujarat,Telangana,ACC677025,ACC955320,84488.22,Hawala-linked Transfer,Cash,0.59,False
TX0002135,2018-01-01,2018,Maharashtra,Uttar Pradesh,ACC651218,ACC456027,82715.37,Remittance,Crypto Exchange,0.24,False
TX0002136,2022-04-20,2022,Assam,Maharashtra,ACC377238,ACC898811,368316.18,Trade Invoice Payment,Hawala Network,0.27,False
TX0002137,2024-02-16,2024,Madhya Pradesh,Mizoram,ACC123274,ACC849676,109928.28,Remittance,Hawala Network,0.24,False
TX0002138,2018-03-15,2018,Tamil Nadu,Bihar,ACC532683,ACC159339,16087.1,Remittance,Crypto Exchange,0.17,False
TX0002139,2024-12-19,2024,Rajasthan,Haryana,ACC695329,ACC183511,577476.43,Trade Invoice Payment,Crypto Exchange,0.21,False
TX0002140,2022-10-09,2022,Rajasthan,Maharashtra,ACC862987,ACC659481,29439.45,Trade Invoice Payment,Bank Transfer,0.22,False
TX0002141,2023-08-23,2023,Kerala,Andhra Pradesh,ACC175301,ACC318545,506845.56,Remittance,Cash,0.25,False
TX0002142,2019-09-26,2019,Haryana,Kerala,ACC754776,ACC896115,34637.24,Remittance,UPI,0.17,False
TX0002143,2021-03-15,2021,Maharashtra,Manipur,ACC560429,ACC907988,809807.66,Crypto Off-ramp,Hawala Network,0.56,False
TX0002144,2020-07-16,2020,Tamil Nadu,Uttar Pradesh,ACC816582,ACC849755,477193.27,Trade Invoice Payment,Cash,0.16,False
TX0002145,2024-06-03,2024,Bihar,Tamil Nadu,ACC484998,ACC519827,228689.93,Cash Deposit,Crypto Exchange,0.29,False
TX0002146,2020-02-23,2020,Kerala,Gujarat,ACC107753,ACC574301,260815.75,Remittance,UPI,0.19,False
TX0002147,2022-02-04,2022,Gujarat,Bihar,ACC340001,ACC706870,75051.21,Cash Deposit,UPI,0.21,False
TX0002148,2024-07-03,2024,Assam,Karnataka,ACC862674,ACC367719,15272.74,Remittance,Bank Transfer,0.14,False
TX0002149,2024-01-03,2024,Tamil Nadu,Haryana,ACC787790,ACC909630,111579.68,Shell Company Transfer,Bank Transfer,0.69,True
TX0002150,2019-01-19,2019,Tamil Nadu,Telangana,ACC273204,ACC754682,43448.31,Trade Invoice Payment,UPI,0.13,False
TX0002151,2018-12-15,2018,Delhi,Rajasthan,ACC704166,ACC932792,26577.64,Crypto Off-ramp,Hawala Network,0.72,True
TX0002152,2023-03-08,2023,Haryana,Telangana,ACC620056,ACC671773,17649.24,Trade Invoice Payment,Crypto Exchange,0.25,False
TX0002153,2022-11-01,2022,Maharashtra,Andhra Pradesh,ACC165084,ACC863969,1362814.32,Trade Invoice Payment,Crypto Exchange,0.14,False
TX0002154,2023-01-19,2023,Uttar Pradesh,Andhra Pradesh,ACC866925,ACC779483,114483.64,Remittance,Hawala Network,0.18,False
TX0002155,2019-01-23,2019,Jammu and Kashmir,Madhya Pradesh,ACC918286,ACC558689,169572.96,Shell Company Transfer,Hawala Network,0.69,True
TX0002156,2019-03-13,2019,Gujarat,Assam,ACC987870,ACC766967,130941.45,Trade Invoice Payment,UPI,0.23,False
TX0002157,2020-05-27,2020,Manipur,Delhi,ACC380872,ACC456848,40961.42,Hawala-linked Transfer,Crypto Exchange,0.69,True
TX0002158,2023-09-21,2023,Manipur,Uttar Pradesh,ACC419791,ACC441424,13774.75,Shell Company Transfer,Cash,0.6,False
TX0002159,2020-01-01,2020,Delhi,Uttar Pradesh,ACC570404,ACC689442,320931.95,Hawala-linked Transfer,Cash,0.68,True
TX0002160,2024-04-12,2024,Rajasthan,Andhra Pradesh,ACC668559,ACC814830,189376.82,Shell Company Transfer,Bank Transfer,0.66,True
TX0002161,2022-06-19,2022,Kerala,Uttar Pradesh,ACC154481,ACC241392,31810.9,Shell Company Transfer,Crypto Exchange,0.72,True
TX0002162,2020-12-19,2020,Delhi,Haryana,ACC547146,ACC469728,252295.48,Cash Deposit,Crypto Exchange,0.25,False
TX0002163,2019-08-14,2019,Odisha,Telangana,ACC285668,ACC191129,58494.39,Remittance,Bank Transfer,0.29,False
TX0002164,2018-10-17,2018,Gujarat,Manipur,ACC723843,ACC969159,64571.23,Hawala-linked Transfer,Hawala Network,0.65,True
TX0002165,2021-05-19,2021,Assam,Telangana,ACC300940,ACC677748,113168.62,Remittance,Hawala Network,0.24,False
TX0002166,2020-10-20,2020,Maharashtra,Madhya Pradesh,ACC784279,ACC483824,194869.36,Trade Invoice Payment,UPI,0.24,False
TX0002167,2018-10-04,2018,Andhra Pradesh,Punjab,ACC661925,ACC815965,172281.28,Trade Invoice Payment,Bank Transfer,0.29,False
TX0002168,2021-06-19,2021,Punjab,Andhra Pradesh,ACC845504,ACC344589,144479.5,Trade Invoice Payment,Cash,0.2,False
TX0002169,2024-04-08,2024,Madhya Pradesh,Kerala,ACC680020,ACC785351,15412.61,Trade Invoice Payment,Hawala Network,0.24,False
TX0002170,2019-07-15,2019,Assam,Tamil Nadu,ACC887600,ACC676007,109155.7,Trade Invoice Payment,Cash,0.23,False
TX0002171,2019-04-14,2019,Delhi,Andhra Pradesh,ACC905053,ACC555874,70371.49,Trade Invoice Payment,Cash,0.11,False
TX0002172,2018-03-12,2018,Odisha,Jammu and Kashmir,ACC661008,ACC951979,476246.46,Remittance,Cash,0.25,False
TX0002173,2024-03-24,2024,Uttar Pradesh,Manipur,ACC616402,ACC522174,9376.54,Cash Deposit,Crypto Exchange,0.27,False
TX0002174,2018-06-25,2018,Manipur,Kerala,ACC186230,ACC789813,99861.21,Hawala-linked Transfer,UPI,0.74,True
TX0002175,2021-03-05,2021,Bihar,Karnataka,ACC895384,ACC782900,71074.83,Remittance,UPI,0.23,False
TX0002176,2019-07-09,2019,Kerala,Delhi,ACC783534,ACC578814,27977.09,Shell Company Transfer,Crypto Exchange,0.67,True
TX0002177,2023-03-16,2023,Manipur,Telangana,ACC101294,ACC481216,95892.53,Remittance,Cash,0.11,False
TX0002178,2020-11-16,2020,Tamil Nadu,Manipur,ACC568507,ACC828599,5258325.34,Trade Invoice Payment,Cash,0.52,False
TX0002179,2020-02-11,2020,Maharashtra,Karnataka,ACC302962,ACC577865,70792.15,Remittance,Bank Transfer,0.2,False
TX0002180,2020-08-02,2020,Mizoram,Assam,ACC694916,ACC433008,70700.57,Crypto Off-ramp,Bank Transfer,0.72,True
TX0002181,2019-12-27,2019,Karnataka,Jammu and Kashmir,ACC822098,ACC647900,29800.91,Trade Invoice Payment,Cash,0.22,False
TX0002182,2022-03-26,2022,Delhi,Maharashtra,ACC533444,ACC598310,152319.53,Cash Deposit,UPI,0.21,False
TX0002183,2022-04-10,2022,Assam,Gujarat,ACC757576,ACC171302,34987.34,Cash Deposit,Bank Transfer,0.15,False
TX0002184,2021-11-17,2021,Maharashtra,Odisha,ACC416745,ACC983533,37901.2,Trade Invoice Payment,Hawala Network,0.11,False
TX0002185,2020-06-16,2020,Delhi,Kerala,ACC122346,ACC622115,11832.67,Remittance,UPI,0.26,False
TX0002186,2018-09-18,2018,Jammu and Kashmir,Madhya Pradesh,ACC619030,ACC422858,47968.5,Cash Deposit,UPI,0.17,False
TX0002187,2020-07-19,2020,Gujarat,Karnataka,ACC269699,ACC580853,124758.65,Remittance,Cash,0.2,False
TX0002188,2024-05-14,2024,Uttar Pradesh,Uttar Pradesh,ACC190694,ACC647516,106105.68,Remittance,Bank Transfer,0.04,False
TX0002189,2018-12-09,2018,Punjab,Tamil Nadu,ACC706086,ACC789737,91543.65,Trade Invoice Payment,Cash,0.21,False
TX0002190,2022-05-23,2022,Uttar Pradesh,Uttar Pradesh,ACC490852,ACC335959,74569.08,Remittance,Hawala Network,0.07,False
TX0002191,2018-11-11,2018,Telangana,West Bengal,ACC706831,ACC763174,53531.37,Cash Deposit,Hawala Network,0.17,False
TX0002192,2019-07-09,2019,Andhra Pradesh,Manipur,ACC904575,ACC374924,219626.62,Trade Invoice Payment,Crypto Exchange,0.19,False
TX0002193,2023-08-15,2023,Gujarat,Jammu and Kashmir,ACC257382,ACC802627,138020.54,Hawala-linked Transfer,UPI,0.69,True
TX0002194,2021-06-03,2021,Gujarat,West Bengal,ACC319552,ACC432511,97627.09,Remittance,UPI,0.15,False
TX0002195,2020-03-17,2020,Andhra Pradesh,Uttar Pradesh,ACC832027,ACC656527,33857.4,Trade Invoice Payment,Crypto Exchange,0.14,False
TX0002196,2020-07-16,2020,Kerala,Mizoram,ACC631286,ACC145163,106610.72,Remittance,Cash,0.22,False
TX0002197,2023-04-25,2023,Karnataka,Odisha,ACC322924,ACC163974,54082.35,Trade Invoice Payment,Hawala Network,0.12,False
TX0002198,2022-11-19,2022,Gujarat,Tamil Nadu,ACC334375,ACC467946,75189.71,Trade Invoice Payment,Bank Transfer,0.16,False
TX0002199,2019-10-25,2019,Jammu and Kashmir,Punjab,ACC384292,ACC392232,487344.94,Remittance,Hawala Network,0.3,False
TX0002200,2022-12-22,2022,Jammu and Kashmir,Delhi,ACC186421,ACC896786,285766.95,Remittance,Cash,0.28,False
TX0002201,2022-07-17,2022,Madhya Pradesh,Delhi,ACC635506,ACC871321,80212.98,Cash Deposit,Crypto Exchange,0.19,False
TX0002202,2019-01-23,2019,Gujarat,Tamil Nadu,ACC389609,ACC751610,269759.17,Trade Invoice Payment,Crypto Exchange,0.24,False
TX0002203,2020-06-07,2020,Punjab,Maharashtra,ACC938156,ACC251451,65346.82,Crypto Off-ramp,Cash,0.63,False
TX0002204,2020-09-27,2020,Gujarat,Odisha,ACC930730,ACC892498,184986.28,Shell Company Transfer,UPI,0.73,True
TX0002205,2024-02-17,2024,Gujarat,Jammu and Kashmir,ACC280498,ACC584155,3697.98,Shell Company Transfer,Bank Transfer,0.73,True
TX0002206,2018-06-27,2018,Mizoram,Odisha,ACC562708,ACC891144,500785.92,Cash Deposit,Bank Transfer,0.23,False
TX0002207,2019-05-10,2019,Andhra Pradesh,Jammu and Kashmir,ACC946411,ACC521423,52116.13,Remittance,Crypto Exchange,0.21,False
TX0002208,2020-06-26,2020,Maharashtra,Karnataka,ACC957725,ACC879513,3595958.68,Crypto Off-ramp,UPI,0.81,True
TX0002209,2018-01-26,2018,Haryana,Odisha,ACC865424,ACC991974,142895.43,Trade Invoice Payment,Hawala Network,0.28,False
TX0002210,2019-05-21,2019,Bihar,Delhi,ACC774766,ACC210124,53519.37,Trade Invoice Payment,UPI,0.25,False
TX0002211,2023-10-26,2023,West Bengal,Karnataka,ACC732756,ACC643063,104405.77,Trade Invoice Payment,Crypto Exchange,0.26,False
TX0002212,2024-03-05,2024,Haryana,Punjab,ACC554468,ACC595495,26418.72,Trade Invoice Payment,UPI,0.13,False
TX0002213,2018-04-17,2018,Punjab,Gujarat,ACC764830,ACC969016,40677.8,Remittance,Hawala Network,0.13,False
TX0002214,2018-12-06,2018,Madhya Pradesh,Mizoram,ACC893455,ACC526814,52284.95,Cash Deposit,UPI,0.17,False
TX0002215,2023-09-12,2023,Maharashtra,Delhi,ACC598969,ACC580710,273281.16,Trade Invoice Payment,Cash,0.15,False
TX0002216,2022-10-05,2022,Assam,Punjab,ACC761105,ACC609827,326072.89,Crypto Off-ramp,Hawala Network,0.74,True
TX0002217,2019-11-15,2019,Telangana,Madhya Pradesh,ACC487953,ACC300893,17286.78,Remittance,Crypto Exchange,0.21,False
TX0002218,2020-01-13,2020,Uttar Pradesh,Madhya Pradesh,ACC134838,ACC288993,8280.95,Remittance,Crypto Exchange,0.29,False
TX0002219,2023-02-01,2023,Tamil Nadu,Mizoram,ACC699561,ACC451402,47092.03,Trade Invoice Payment,UPI,0.2,False
TX0002220,2018-12-07,2018,Jammu and Kashmir,Uttar Pradesh,ACC899156,ACC647428,37787.26,Remittance,UPI,0.14,False
TX0002221,2021-09-06,2021,Madhya Pradesh,Rajasthan,ACC555086,ACC186990,49203.2,Trade Invoice Payment,Bank Transfer,0.11,False
TX0002222,2020-11-15,2020,Delhi,West Bengal,ACC197645,ACC880351,127303.01,Cash Deposit,Hawala Network,0.14,False
TX0002223,2021-07-20,2021,Haryana,Madhya Pradesh,ACC976707,ACC840745,38368.71,Remittance,Crypto Exchange,0.25,False
TX0002224,2021-01-07,2021,West Bengal,Kerala,ACC318830,ACC264098,119085.56,Shell Company Transfer,Bank Transfer,0.63,False
TX0002225,2021-12-08,2021,Rajasthan,Manipur,ACC112073,ACC453701,521207.74,Hawala-linked Transfer,UPI,0.71,True
TX0002226,2019-03-13,2019,Madhya Pradesh,Mizoram,ACC819958,ACC778678,148850.21,Trade Invoice Payment,UPI,0.15,False
TX0002227,2023-03-12,2023,Mizoram,Uttar Pradesh,ACC528428,ACC778748,79728.16,Hawala-linked Transfer,Crypto Exchange,0.66,True
TX0002228,2020-07-18,2020,West Bengal,Odisha,ACC281948,ACC541784,104465.56,Trade Invoice Payment,Bank Transfer,0.14,False
TX0002229,2019-11-26,2019,West Bengal,Mizoram,ACC908550,ACC326132,27848.2,Trade Invoice Payment,Hawala Network,0.27,False
TX0002230,2022-03-20,2022,Haryana,West Bengal,ACC319070,ACC511066,33900.3,Remittance,Hawala Network,0.2,False
TX0002231,2023-07-26,2023,Uttar Pradesh,Haryana,ACC327950,ACC151463,34603.91,Hawala-linked Transfer,UPI,0.68,True
TX0002232,2024-01-01,2024,Mizoram,Rajasthan,ACC763004,ACC467934,12137.75,Trade Invoice Payment,UPI,0.16,False
TX0002233,2019-06-25,2019,Delhi,Telangana,ACC769657,ACC683828,37702.51,Remittance,Bank Transfer,0.15,False
TX0002234,2018-05-24,2018,Bihar,Assam,ACC970446,ACC440180,73065.77,Shell Company Transfer,Cash,0.71,True
TX0002235,2022-05-17,2022,Gujarat,Maharashtra,ACC145234,ACC663986,9875.57,Trade Invoice Payment,Hawala Network,0.15,False
TX0002236,2024-03-08,2024,Mizoram,Jammu and Kashmir,ACC460652,ACC933115,60835.12,Remittance,Bank Transfer,0.15,False
TX0002237,2022-04-20,2022,Assam,Jammu and Kashmir,ACC382752,ACC893646,22185.71,Trade Invoice Payment,Hawala Network,0.12,False
TX0002238,2024-09-12,2024,Jammu and Kashmir,Kerala,ACC378360,ACC970773,203362.61,Cash Deposit,Bank Transfer,0.15,False
TX0002239,2019-07-14,2019,Jammu and Kashmir,Andhra Pradesh,ACC282026,ACC747710,914809.06,Remittance,Cash,0.26,False
TX0002240,2023-04-08,2023,Gujarat,Uttar Pradesh,ACC903921,ACC968767,52309.96,Trade Invoice Payment,Crypto Exchange,0.13,False
TX0002241,2023-08-27,2023,Assam,Delhi,ACC691524,ACC536103,51198.68,Hawala-linked Transfer,Bank Transfer,0.64,False
TX0002242,2018-09-26,2018,Tamil Nadu,Karnataka,ACC872667,ACC287654,352875.52,Crypto Off-ramp,Bank Transfer,0.7,True
TX0002243,2019-11-25,2019,Tamil Nadu,Gujarat,ACC498648,ACC564511,28833.17,Hawala-linked Transfer,Cash,0.74,True
TX0002244,2022-04-21,2022,Odisha,Mizoram,ACC276525,ACC700171,21993.51,Cash Deposit,Crypto Exchange,0.13,False
TX0002245,2021-09-10,2021,Uttar Pradesh,Madhya Pradesh,ACC741099,ACC829993,766112.17,Shell Company Transfer,Cash,0.58,False
TX0002246,2022-03-24,2022,Kerala,Andhra Pradesh,ACC739286,ACC683261,41015.76,Cash Deposit,UPI,0.29,False
TX0002247,2020-03-11,2020,Tamil Nadu,Assam,ACC772441,ACC188883,665634.98,Hawala-linked Transfer,Crypto Exchange,0.55,False
TX0002248,2023-03-25,2023,Andhra Pradesh,Rajasthan,ACC607778,ACC727766,49478.76,Trade Invoice Payment,Bank Transfer,0.25,False
TX0002249,2024-09-16,2024,Haryana,Assam,ACC156550,ACC344000,75315.94,Cash Deposit,Bank Transfer,0.14,False
TX0002250,2020-04-13,2020,Telangana,Uttar Pradesh,ACC822004,ACC714050,16070.02,Cash Deposit,Crypto Exchange,0.29,False
TX0002251,2022-11-02,2022,Gujarat,West Bengal,ACC787147,ACC560501,131240.38,Hawala-linked Transfer,Cash,0.57,False
TX0002252,2021-12-05,2021,West Bengal,Telangana,ACC275109,ACC614416,202849.65,Cash Deposit,UPI,0.15,False
TX0002253,2019-11-19,2019,Uttar Pradesh,Bihar,ACC147416,ACC283441,848126.84,Remittance,Bank Transfer,0.13,False
TX0002254,2023-12-15,2023,Haryana,Tamil Nadu,ACC352516,ACC560005,46003.41,Remittance,Cash,0.24,False
TX0002255,2022-04-07,2022,Andhra Pradesh,Madhya Pradesh,ACC260006,ACC720759,151359.41,Trade Invoice Payment,Crypto Exchange,0.1,False
TX0002256,2023-01-15,2023,Kerala,Maharashtra,ACC839274,ACC526629,202708.49,Trade Invoice Payment,Bank Transfer,0.18,False
TX0002257,2023-09-26,2023,Uttar Pradesh,Bihar,ACC642208,ACC712022,159308.95,Remittance,Crypto Exchange,0.29,False
TX0002258,2020-12-26,2020,Madhya Pradesh,Rajasthan,ACC765061,ACC203408,4336.55,Trade Invoice Payment,Hawala Network,0.16,False
TX0002259,2018-01-18,2018,Delhi,Telangana,ACC736844,ACC288974,40119.12,Crypto Off-ramp,UPI,0.7,True
TX0002260,2022-09-13,2022,Gujarat,Tamil Nadu,ACC750916,ACC594022,138529.69,Trade Invoice Payment,Cash,0.21,False
TX0002261,2019-06-10,2019,Assam,Rajasthan,ACC504100,ACC221444,66322.03,Trade Invoice Payment,Crypto Exchange,0.26,False
TX0002262,2019-11-22,2019,Karnataka,Andhra Pradesh,ACC430201,ACC680872,91373.12,Hawala-linked Transfer,UPI,0.68,True
TX0002263,2021-03-26,2021,Tamil Nadu,Uttar Pradesh,ACC334720,ACC338643,93004.62,Remittance,Bank Transfer,0.18,False
TX0002264,2022-12-21,2022,Delhi,Jammu and Kashmir,ACC510905,ACC581817,68859.74,Trade Invoice Payment,Crypto Exchange,0.2,False
TX0002265,2019-04-20,2019,Karnataka,Tamil Nadu,ACC260351,ACC410278,10616.12,Cash Deposit,Crypto Exchange,0.24,False
TX0002266,2019-10-26,2019,Andhra Pradesh,Tamil Nadu,ACC527723,ACC735433,6271.9,Remittance,Crypto Exchange,0.15,False
TX0002267,2019-12-12,2019,West Bengal,Mizoram,ACC219627,ACC362741,324935.61,Shell Company Transfer,Hawala Network,0.62,False
TX0002268,2023-06-06,2023,Uttar Pradesh,West Bengal,ACC746951,ACC898062,220793.43,Remittance,Bank Transfer,0.23,False
TX0002269,2019-03-20,2019,Delhi,Gujarat,ACC989035,ACC861695,82185.59,Trade Invoice Payment,Hawala Network,0.28,False
TX0002270,2020-12-18,2020,Punjab,Gujarat,ACC905191,ACC429771,114575.05,Shell Company Transfer,UPI,0.64,False
TX0002271,2019-09-03,2019,Assam,Delhi,ACC894879,ACC791008,124622.27,Remittance,Bank Transfer,0.25,False
TX0002272,2021-01-25,2021,Madhya Pradesh,Bihar,ACC635675,ACC411942,166141.12,Trade Invoice Payment,Hawala Network,0.27,False
TX0002273,2021-04-02,2021,West Bengal,Uttar Pradesh,ACC225051,ACC116476,51397.12,Crypto Off-ramp,Bank Transfer,0.69,True
TX0002274,2018-06-17,2018,Andhra Pradesh,Delhi,ACC291681,ACC203221,318923.89,Hawala-linked Transfer,Cash,0.75,True
TX0002275,2020-12-03,2020,Rajasthan,Mizoram,ACC206514,ACC829194,164296.12,Trade Invoice Payment,Bank Transfer,0.27,False
TX0002276,2023-11-27,2023,Kerala,Punjab,ACC184782,ACC830046,104197.99,Shell Company Transfer,Crypto Exchange,0.67,True
TX0002277,2022-07-04,2022,Assam,Maharashtra,ACC501984,ACC364221,153946.09,Cash Deposit,Crypto Exchange,0.25,False
TX0002278,2019-08-02,2019,Andhra Pradesh,West Bengal,ACC214421,ACC286373,622467.84,Remittance,UPI,0.23,False
TX0002279,2018-06-12,2018,Maharashtra,Karnataka,ACC794448,ACC341810,13226.27,Trade Invoice Payment,Crypto Exchange,0.12,False
TX0002280,2023-01-04,2023,Uttar Pradesh,Kerala,ACC585294,ACC300244,208479.94,Trade Invoice Payment,Bank Transfer,0.15,False
TX0002281,2021-01-27,2021,Karnataka,Delhi,ACC441107,ACC936660,92283.22,Remittance,Bank Transfer,0.24,False
TX0002282,2020-04-25,2020,Maharashtra,Haryana,ACC189747,ACC404544,261013.49,Cash Deposit,Hawala Network,0.24,False
TX0002283,2019-06-13,2019,Maharashtra,West Bengal,ACC366943,ACC360659,22653.52,Hawala-linked Transfer,UPI,0.57,False
TX0002284,2023-11-24,2023,Maharashtra,Rajasthan,ACC170002,ACC800425,112906.88,Trade Invoice Payment,UPI,0.13,False
TX0002285,2023-04-14,2023,Odisha,West Bengal,ACC914147,ACC708713,10669.6,Remittance,Bank Transfer,0.24,False
TX0002286,2019-05-09,2019,Delhi,West Bengal,ACC994756,ACC219788,81537.74,Cash Deposit,Cash,0.11,False
TX0002287,2019-12-17,2019,Andhra Pradesh,Punjab,ACC249171,ACC394999,88148.29,Trade Invoice Payment,Crypto Exchange,0.12,False
TX0002288,2020-08-22,2020,Karnataka,Haryana,ACC848862,ACC494724,95727.04,Shell Company Transfer,Cash,0.66,True
TX0002289,2024-04-26,2024,Assam,Madhya Pradesh,ACC654057,ACC770260,135100.0,Cash Deposit,Crypto Exchange,0.21,False
TX0002290,2020-10-18,2020,Karnataka,Assam,ACC518436,ACC117671,26044.77,Cash Deposit,Bank Transfer,0.23,False
TX0002291,2022-03-21,2022,Manipur,Bihar,ACC922880,ACC386262,93765.29,Cash Deposit,Bank Transfer,0.22,False
TX0002292,2024-10-18,2024,Maharashtra,Uttar Pradesh,ACC605328,ACC213781,85987.9,Cash Deposit,UPI,0.24,False
TX0002293,2018-02-16,2018,Kerala,Maharashtra,ACC519969,ACC492399,10060.49,Hawala-linked Transfer,Cash,0.62,False
TX0002294,2023-12-19,2023,West Bengal,Manipur,ACC492990,ACC422631,22150.94,Remittance,Crypto Exchange,0.11,False
TX0002295,2018-02-05,2018,Andhra Pradesh,Manipur,ACC129356,ACC247915,209139.81,Crypto Off-ramp,Cash,0.61,False
TX0002296,2020-12-08,2020,West Bengal,Jammu and Kashmir,ACC786401,ACC215839,1120445.26,Remittance,Bank Transfer,0.17,False
TX0002297,2023-11-18,2023,Maharashtra,Kerala,ACC176887,ACC345748,351337.1,Trade Invoice Payment,UPI,0.11,False
TX0002298,2022-10-22,2022,Jammu and Kashmir,Haryana,ACC135884,ACC423530,113100.43,Trade Invoice Payment,Hawala Network,0.27,False
TX0002299,2020-07-06,2020,Rajasthan,Rajasthan,ACC999732,ACC675399,274314.65,Trade Invoice Payment,Bank Transfer,0.15,False
TX0002300,2018-02-01,2018,Delhi,West Bengal,ACC531124,ACC605793,152327.94,Remittance,Crypto Exchange,0.16,False
TX0002301,2022-10-01,2022,Manipur,Telangana,ACC320938,ACC441563,99784.61,Cash Deposit,Crypto Exchange,0.22,False
TX0002302,2023-09-03,2023,Tamil Nadu,Maharashtra,ACC640722,ACC851756,6241096.72,Shell Company Transfer,Crypto Exchange,1.0,True
TX0002303,2023-02-05,2023,Uttar Pradesh,Maharashtra,ACC175150,ACC662881,304795.59,Cash Deposit,Bank Transfer,0.25,False
TX0002304,2024-01-22,2024,Rajasthan,Kerala,ACC285147,ACC569897,57459.32,Hawala-linked Transfer,Bank Transfer,0.65,True
TX0002305,2024-01-22,2024,Karnataka,Jammu and Kashmir,ACC636943,ACC326753,98023.61,Hawala-linked Transfer,UPI,0.74,True
TX0002306,2020-09-07,2020,Telangana,Karnataka,ACC289909,ACC845421,79205.44,Remittance,Crypto Exchange,0.24,False
TX0002307,2019-10-21,2019,Manipur,Odisha,ACC556863,ACC261792,53549.23,Cash Deposit,Bank Transfer,0.15,False
TX0002308,2018-01-19,2018,Haryana,Madhya Pradesh,ACC225412,ACC680829,340748.07,Remittance,UPI,0.23,False
TX0002309,2019-10-27,2019,Kerala,West Bengal,ACC562181,ACC737044,45402.86,Crypto Off-ramp,UPI,0.64,False
TX0002310,2023-07-07,2023,Haryana,Telangana,ACC774302,ACC607578,252532.15,Trade Invoice Payment,Crypto Exchange,0.12,False
TX0002311,2022-04-25,2022,Madhya Pradesh,Assam,ACC451490,ACC616277,10713.55,Shell Company Transfer,UPI,0.63,False
TX0002312,2019-05-21,2019,Punjab,Odisha,ACC762760,ACC535851,41442.23,Cash Deposit,Crypto Exchange,0.14,False
TX0002313,2021-09-09,2021,Andhra Pradesh,Tamil Nadu,ACC495257,ACC119461,29309.24,Trade Invoice Payment,Bank Transfer,0.21,False
TX0002314,2022-02-12,2022,Rajasthan,Bihar,ACC966979,ACC772064,60034.43,Shell Company Transfer,Crypto Exchange,0.6,False
TX0002315,2022-11-25,2022,Maharashtra,Kerala,ACC385442,ACC928261,59310.61,Trade Invoice Payment,Cash,0.23,False
TX0002316,2019-10-10,2019,Delhi,Bihar,ACC986186,ACC126922,38558.69,Hawala-linked Transfer,Cash,0.69,True
TX0002317,2020-09-12,2020,Maharashtra,Rajasthan,ACC566122,ACC400718,1004248.98,Crypto Off-ramp,Cash,0.67,True
TX0002318,2022-11-26,2022,Haryana,Jammu and Kashmir,ACC770836,ACC705676,28989.04,Trade Invoice Payment,UPI,0.13,False
TX0002319,2019-09-22,2019,Telangana,Kerala,ACC160635,ACC944769,14646.68,Trade Invoice Payment,Bank Transfer,0.19,False
TX0002320,2021-09-04,2021,Mizoram,Madhya Pradesh,ACC561937,ACC379962,151811.37,Cash Deposit,UPI,0.28,False
TX0002321,2020-03-24,2020,Delhi,Assam,ACC832341,ACC805969,21060.52,Crypto Off-ramp,Cash,0.66,True
TX0002322,2023-11-10,2023,Punjab,West Bengal,ACC803928,ACC215096,89168.91,Cash Deposit,Crypto Exchange,0.16,False
TX0002323,2020-06-13,2020,Telangana,West Bengal,ACC340563,ACC828944,37330.16,Shell Company Transfer,Crypto Exchange,0.63,False
TX0002324,2022-12-23,2022,Gujarat,Assam,ACC506564,ACC351868,39360.97,Remittance,Bank Transfer,0.24,False
TX0002325,2020-05-14,2020,Punjab,Bihar,ACC404832,ACC161609,48046.62,Hawala-linked Transfer,Crypto Exchange,0.57,False
TX0002326,2020-06-01,2020,Tamil Nadu,Delhi,ACC526467,ACC693080,439110.45,Crypto Off-ramp,UPI,0.71,True
TX0002327,2018-01-06,2018,Haryana,Punjab,ACC421102,ACC936023,81507.69,Trade Invoice Payment,Hawala Network,0.3,False
TX0002328,2020-11-02,2020,Gujarat,Madhya Pradesh,ACC953852,ACC172639,304221.52,Trade Invoice Payment,Cash,0.19,False
TX0002329,2018-12-14,2018,Bihar,Tamil Nadu,ACC751876,ACC267134,51302.3,Hawala-linked Transfer,Crypto Exchange,0.57,False
TX0002330,2020-11-20,2020,West Bengal,Punjab,ACC617181,ACC509072,16969.72,Trade Invoice Payment,Hawala Network,0.18,False
TX0002331,2018-11-09,2018,Mizoram,Manipur,ACC597175,ACC773901,27551.06,Crypto Off-ramp,Crypto Exchange,0.58,False
TX0002332,2024-12-01,2024,Assam,Odisha,ACC350619,ACC236506,8160.51,Remittance,UPI,0.12,False
TX0002333,2021-05-14,2021,Uttar Pradesh,Kerala,ACC102287,ACC951468,28380.07,Shell Company Transfer,Crypto Exchange,0.7,True
TX0002334,2022-01-21,2022,Telangana,Haryana,ACC942715,ACC206416,3736.59,Remittance,Bank Transfer,0.27,False
TX0002335,2020-06-22,2020,Andhra Pradesh,Delhi,ACC867830,ACC558801,12737.39,Trade Invoice Payment,Bank Transfer,0.17,False
TX0002336,2019-03-10,2019,Odisha,Madhya Pradesh,ACC222288,ACC713171,16268.52,Cash Deposit,Bank Transfer,0.2,False
TX0002337,2019-10-21,2019,Mizoram,Haryana,ACC299607,ACC198807,761140.92,Trade Invoice Payment,Hawala Network,0.13,False
TX0002338,2022-07-08,2022,Punjab,Uttar Pradesh,ACC359167,ACC577749,11846.04,Remittance,Cash,0.16,False
TX0002339,2023-07-02,2023,Kerala,Maharashtra,ACC670652,ACC163635,49483.59,Remittance,Hawala Network,0.29,False
TX0002340,2020-10-01,2020,Jammu and Kashmir,Punjab,ACC919256,ACC480836,179070.34,Trade Invoice Payment,Cash,0.17,False
TX0002341,2020-09-03,2020,Manipur,Tamil Nadu,ACC614269,ACC919575,180210.08,Trade Invoice Payment,UPI,0.26,False
TX0002342,2024-04-10,2024,Bihar,Maharashtra,ACC338967,ACC510927,14678.64,Remittance,UPI,0.26,False
TX0002343,2023-11-06,2023,Haryana,Punjab,ACC266393,ACC403631,368940.69,Cash Deposit,Bank Transfer,0.25,False
TX0002344,2018-06-01,2018,Maharashtra,Punjab,ACC621965,ACC897055,65077.5,Trade Invoice Payment,UPI,0.15,False
TX0002345,2019-04-04,2019,Karnataka,Assam,ACC451130,ACC687188,63376.2,Shell Company Transfer,Bank Transfer,0.68,True
TX0002346,2019-11-21,2019,Tamil Nadu,Gujarat,ACC409341,ACC213796,22987.69,Shell Company Transfer,Bank Transfer,0.57,False
TX0002347,2024-05-27,2024,Telangana,West Bengal,ACC282583,ACC450005,70257.08,Trade Invoice Payment,Hawala Network,0.21,False
TX0002348,2023-02-07,2023,Maharashtra,Madhya Pradesh,ACC118230,ACC566152,29615.88,Hawala-linked Transfer,UPI,0.64,False
TX0002349,2021-08-13,2021,Madhya Pradesh,Madhya Pradesh,ACC939298,ACC362604,332875.2,Remittance,Crypto Exchange,0.12,False
TX0002350,2019-02-27,2019,Uttar Pradesh,Tamil Nadu,ACC790176,ACC795917,149062.87,Trade Invoice Payment,Hawala Network,0.18,False
TX0002351,2023-10-16,2023,West Bengal,Bihar,ACC604052,ACC606355,60642.14,Remittance,Cash,0.26,False
TX0002352,2019-06-20,2019,Haryana,Bihar,ACC396804,ACC105845,10891.49,Remittance,Crypto Exchange,0.2,False
TX0002353,2023-01-13,2023,Manipur,Telangana,ACC485086,ACC172348,2544509.42,Trade Invoice Payment,UPI,0.38,False
TX0002354,2020-11-05,2020,Odisha,Kerala,ACC267566,ACC363125,49812.16,Hawala-linked Transfer,Bank Transfer,0.72,True
TX0002355,2023-03-26,2023,Tamil Nadu,Manipur,ACC257676,ACC958366,72367.99,Remittance,Bank Transfer,0.3,False
TX0002356,2022-12-01,2022,Uttar Pradesh,Odisha,ACC281316,ACC183544,19205.94,Cash Deposit,UPI,0.18,False
TX0002357,2024-01-18,2024,Uttar Pradesh,Tamil Nadu,ACC457659,ACC180054,79575.56,Trade Invoice Payment,Hawala Network,0.25,False
TX0002358,2022-06-14,2022,Kerala,Assam,ACC802535,ACC610699,151602.77,Hawala-linked Transfer,UPI,0.66,True
TX0002359,2018-11-04,2018,Assam,Mizoram,ACC895554,ACC976583,30330.87,Cash Deposit,UPI,0.21,False
TX0002360,2021-05-01,2021,Kerala,Bihar,ACC349811,ACC588960,796430.12,Crypto Off-ramp,Cash,0.59,False
TX0002361,2020-03-12,2020,West Bengal,Manipur,ACC871965,ACC537241,658000.23,Trade Invoice Payment,Cash,0.12,False
TX0002362,2019-12-14,2019,Gujarat,Delhi,ACC125685,ACC193496,242875.42,Hawala-linked Transfer,Cash,0.67,True
TX0002363,2019-02-23,2019,Andhra Pradesh,Assam,ACC405531,ACC363322,132661.76,Hawala-linked Transfer,Crypto Exchange,0.59,False
TX0002364,2023-01-01,2023,Haryana,West Bengal,ACC331422,ACC598290,105029.64,Trade Invoice Payment,Hawala Network,0.2,False
TX0002365,2020-09-07,2020,Uttar Pradesh,West Bengal,ACC573964,ACC535075,9710.26,Remittance,UPI,0.21,False
TX0002366,2020-07-08,2020,Manipur,Karnataka,ACC479223,ACC520365,22037.69,Remittance,UPI,0.14,False
TX0002367,2018-10-04,2018,Jammu and Kashmir,Gujarat,ACC658314,ACC429403,90197.41,Cash Deposit,UPI,0.27,False
TX0002368,2022-03-15,2022,Gujarat,Delhi,ACC807828,ACC697556,96530.39,Cash Deposit,Crypto Exchange,0.25,False
TX0002369,2021-09-04,2021,Mizoram,Assam,ACC328874,ACC666509,28301.85,Shell Company Transfer,Bank Transfer,0.75,True
TX0002370,2019-07-03,2019,Odisha,Delhi,ACC568516,ACC787168,835084.42,Remittance,Cash,0.3,False
TX0002371,2019-11-27,2019,Manipur,Haryana,ACC810286,ACC537111,139546.18,Hawala-linked Transfer,Bank Transfer,0.6,False
TX0002372,2020-03-17,2020,Gujarat,Andhra Pradesh,ACC907651,ACC145173,43878.53,Crypto Off-ramp,Cash,0.56,False
TX0002373,2019-12-07,2019,Punjab,Kerala,ACC271878,ACC710552,17821.98,Hawala-linked Transfer,Bank Transfer,0.55,False
TX0002374,2021-04-07,2021,Odisha,Andhra Pradesh,ACC592647,ACC673834,60911.54,Trade Invoice Payment,Cash,0.19,False
TX0002375,2021-09-22,2021,Assam,Delhi,ACC528332,ACC798615,11585.27,Trade Invoice Payment,Crypto Exchange,0.18,False
TX0002376,2018-02-21,2018,Haryana,Bihar,ACC409292,ACC231448,162897.39,Shell Company Transfer,Cash,0.6,False
TX0002377,2024-11-27,2024,Jammu and Kashmir,Maharashtra,ACC638525,ACC732794,28160.77,Remittance,Bank Transfer,0.14,False
TX0002378,2024-06-11,2024,Punjab,Bihar,ACC971602,ACC234739,152084.34,Cash Deposit,Cash,0.26,False
TX0002379,2023-05-26,2023,Punjab,Uttar Pradesh,ACC404355,ACC116972,19354.23,Remittance,Hawala Network,0.14,False
TX0002380,2023-09-25,2023,West Bengal,Uttar Pradesh,ACC212810,ACC345870,6988.6,Hawala-linked Transfer,UPI,0.61,False
TX0002381,2024-05-11,2024,Tamil Nadu,Telangana,ACC803582,ACC473362,807746.26,Cash Deposit,Hawala Network,0.14,False
TX0002382,2018-02-11,2018,Karnataka,Telangana,ACC596820,ACC292342,53510.87,Hawala-linked Transfer,Cash,0.61,False
TX0002383,2018-07-05,2018,Delhi,Mizoram,ACC757879,ACC352032,110284.51,Remittance,Hawala Network,0.13,False
TX0002384,2021-04-03,2021,Odisha,Rajasthan,ACC538114,ACC190207,32014.04,Shell Company Transfer,Hawala Network,0.61,False
TX0002385,2019-05-23,2019,Odisha,Haryana,ACC798818,ACC283576,1089641.91,Remittance,Crypto Exchange,0.24,False
TX0002386,2022-06-19,2022,West Bengal,Madhya Pradesh,ACC319263,ACC675351,153535.23,Trade Invoice Payment,UPI,0.15,False
TX0002387,2024-10-12,2024,Delhi,Manipur,ACC133791,ACC545538,449675.67,Remittance,Crypto Exchange,0.12,False
TX0002388,2022-01-12,2022,Odisha,Madhya Pradesh,ACC794424,ACC628247,586180.51,Hawala-linked Transfer,Cash,0.74,True
TX0002389,2020-06-11,2020,Gujarat,Punjab,ACC862247,ACC791499,269389.65,Hawala-linked Transfer,UPI,0.59,False
TX0002390,2022-03-02,2022,Rajasthan,Uttar Pradesh,ACC958860,ACC835575,126306.53,Crypto Off-ramp,Bank Transfer,0.73,True
TX0002391,2023-10-16,2023,Gujarat,Uttar Pradesh,ACC519181,ACC892362,31675.35,Trade Invoice Payment,Bank Transfer,0.21,False
TX0002392,2019-01-07,2019,Punjab,Gujarat,ACC782314,ACC312992,129151.61,Hawala-linked Transfer,Cash,0.72,True
TX0002393,2022-02-13,2022,Haryana,Telangana,ACC344635,ACC709600,40938.27,Shell Company Transfer,UPI,0.61,False
TX0002394,2022-06-11,2022,Uttar Pradesh,Uttar Pradesh,ACC928805,ACC428147,7141.55,Trade Invoice Payment,Bank Transfer,0.02,False
TX0002395,2019-09-06,2019,Uttar Pradesh,Delhi,ACC928525,ACC883034,102706.64,Trade Invoice Payment,UPI,0.23,False
TX0002396,2021-06-02,2021,Andhra Pradesh,Manipur,ACC637474,ACC780268,4130663.78,Remittance,Cash,0.4,False
TX0002397,2023-09-21,2023,Madhya Pradesh,Kerala,ACC981123,ACC924602,26270.12,Trade Invoice Payment,Bank Transfer,0.16,False
TX0002398,2018-11-19,2018,Odisha,Jammu and Kashmir,ACC481382,ACC566372,103734.27,Trade Invoice Payment,Crypto Exchange,0.12,False
TX0002399,2019-12-16,2019,Maharashtra,Andhra Pradesh,ACC958320,ACC937977,74345.92,Trade Invoice Payment,Cash,0.28,False
TX0002400,2019-03-23,2019,Gujarat,Karnataka,ACC257365,ACC582333,564292.84,Crypto Off-ramp,Crypto Exchange,0.67,True
TX0002401,2023-12-03,2023,Jammu and Kashmir,Odisha,ACC844330,ACC959978,654209.25,Remittance,Bank Transfer,0.26,False
TX0002402,2022-09-07,2022,Odisha,Kerala,ACC967500,ACC191472,189705.6,Cash Deposit,Crypto Exchange,0.22,False
TX0002403,2019-10-11,2019,Mizoram,Odisha,ACC793627,ACC366646,70447.12,Remittance,Crypto Exchange,0.26,False
TX0002404,2024-04-07,2024,Telangana,Kerala,ACC641863,ACC128513,140250.72,Remittance,Crypto Exchange,0.22,False
TX0002405,2018-05-18,2018,Haryana,West Bengal,ACC463680,ACC118586,17620.01,Cash Deposit,Bank Transfer,0.3,False
TX0002406,2024-09-06,2024,Karnataka,Maharashtra,ACC701342,ACC418164,62014.88,Remittance,Hawala Network,0.22,False
TX0002407,2022-01-13,2022,Karnataka,Delhi,ACC448887,ACC553331,130024.98,Trade Invoice Payment,Crypto Exchange,0.22,False
TX0002408,2021-05-14,2021,Haryana,Gujarat,ACC287973,ACC793356,750317.84,Hawala-linked Transfer,Crypto Exchange,0.57,False
TX0002409,2020-03-22,2020,Manipur,Odisha,ACC315675,ACC115525,72270.81,Trade Invoice Payment,Hawala Network,0.12,False
TX0002410,2018-08-26,2018,Odisha,Telangana,ACC756575,ACC680422,50477.29,Trade Invoice Payment,Bank Transfer,0.2,False
TX0002411,2019-02-06,2019,Telangana,Odisha,ACC537441,ACC586820,106419.29,Trade Invoice Payment,Cash,0.3,False
TX0002412,2020-01-21,2020,Tamil Nadu,Haryana,ACC479329,ACC505090,541547.09,Remittance,Crypto Exchange,0.19,False
TX0002413,2022-02-12,2022,Manipur,Uttar Pradesh,ACC721327,ACC810037,39703.96,Cash Deposit,UPI,0.21,False
TX0002414,2019-05-19,2019,Haryana,Manipur,ACC246279,ACC362304,13053.7,Trade Invoice Payment,Hawala Network,0.11,False
TX0002415,2019-02-14,2019,Telangana,West Bengal,ACC829668,ACC140312,3536.58,Hawala-linked Transfer,UPI,0.64,False
TX0002416,2023-01-25,2023,Maharashtra,Telangana,ACC771298,ACC282709,24187.7,Remittance,Bank Transfer,0.19,False
TX0002417,2023-11-02,2023,Gujarat,Andhra Pradesh,ACC779733,ACC194359,72822.04,Cash Deposit,Hawala Network,0.15,False
TX0002418,2021-03-18,2021,Mizoram,Odisha,ACC696602,ACC949502,60505.1,Trade Invoice Payment,UPI,0.27,False
TX0002419,2020-03-18,2020,Madhya Pradesh,Bihar,ACC365495,ACC322277,81068.11,Hawala-linked Transfer,Bank Transfer,0.68,True
TX0002420,2022-03-16,2022,Manipur,Manipur,ACC891305,ACC125665,22554.6,Trade Invoice Payment,UPI,0.16,False
TX0002421,2023-01-18,2023,Tamil Nadu,Mizoram,ACC639758,ACC169441,722470.33,Shell Company Transfer,Hawala Network,0.72,True
TX0002422,2020-08-01,2020,Punjab,Karnataka,ACC614424,ACC159500,860692.09,Remittance,Crypto Exchange,0.26,False
TX0002423,2024-10-14,2024,Tamil Nadu,Telangana,ACC733921,ACC946043,202752.1,Trade Invoice Payment,Crypto Exchange,0.19,False
TX0002424,2018-12-15,2018,Assam,Gujarat,ACC588457,ACC358005,1292351.33,Trade Invoice Payment,Hawala Network,0.16,False
TX0002425,2022-04-22,2022,Uttar Pradesh,Punjab,ACC469404,ACC433822,257911.33,Trade Invoice Payment,UPI,0.28,False
TX0002426,2020-07-03,2020,Jammu and Kashmir,Delhi,ACC257185,ACC371681,183702.69,Remittance,Hawala Network,0.22,False
TX0002427,2019-02-18,2019,Maharashtra,Karnataka,ACC166045,ACC294718,777880.7,Cash Deposit,Crypto Exchange,0.29,False
TX0002428,2021-07-13,2021,Odisha,Kerala,ACC527602,ACC712721,106152.37,Trade Invoice Payment,Cash,0.19,False
TX0002429,2023-02-19,2023,Madhya Pradesh,Tamil Nadu,ACC901361,ACC161413,35197.4,Trade Invoice Payment,Cash,0.21,False
TX0002430,2019-05-08,2019,Mizoram,Gujarat,ACC560708,ACC472867,127001.02,Trade Invoice Payment,Hawala Network,0.19,False
TX0002431,2023-05-10,2023,Maharashtra,Manipur,ACC285901,ACC836745,24708.94,Trade Invoice Payment,Cash,0.14,False
TX0002432,2021-04-16,2021,Bihar,Mizoram,ACC829272,ACC398055,209588.67,Remittance,Crypto Exchange,0.18,False
TX0002433,2019-08-06,2019,Odisha,Andhra Pradesh,ACC402848,ACC826165,67545.59,Trade Invoice Payment,Hawala Network,0.22,False
TX0002434,2019-01-01,2019,Haryana,Kerala,ACC931840,ACC780210,371963.59,Trade Invoice Payment,UPI,0.19,False
TX0002435,2023-03-12,2023,Madhya Pradesh,Jammu and Kashmir,ACC515826,ACC657215,44440.85,Remittance,Hawala Network,0.18,False
TX0002436,2020-03-26,2020,Telangana,Bihar,ACC749662,ACC318051,85280.1,Remittance,Hawala Network,0.21,False
TX0002437,2020-02-13,2020,Delhi,Bihar,ACC905432,ACC376469,720751.85,Shell Company Transfer,Hawala Network,0.7,True
TX0002438,2021-03-02,2021,Madhya Pradesh,Rajasthan,ACC544449,ACC136512,98482.57,Trade Invoice Payment,Hawala Network,0.22,False
TX0002439,2022-09-08,2022,Manipur,Jammu and Kashmir,ACC815517,ACC746749,10137.21,Shell Company Transfer,Bank Transfer,0.64,False
TX0002440,2024-06-09,2024,Assam,Madhya Pradesh,ACC819962,ACC292006,6815.38,Hawala-linked Transfer,UPI,0.6,False
TX0002441,2019-04-09,2019,Mizoram,Gujarat,ACC869648,ACC492519,11826.69,Trade Invoice Payment,Crypto Exchange,0.21,False
TX0002442,2020-07-04,2020,Uttar Pradesh,Andhra Pradesh,ACC175345,ACC444856,1259389.01,Cash Deposit,Bank Transfer,0.21,False
TX0002443,2021-08-19,2021,Haryana,Uttar Pradesh,ACC175719,ACC983870,63832.61,Crypto Off-ramp,Hawala Network,0.62,False
TX0002444,2023-04-02,2023,Odisha,Mizoram,ACC968173,ACC810071,15877.9,Hawala-linked Transfer,Crypto Exchange,0.74,True
TX0002445,2022-11-17,2022,Tamil Nadu,Telangana,ACC384063,ACC571609,90585.26,Remittance,Hawala Network,0.25,False
TX0002446,2023-04-13,2023,Delhi,Maharashtra,ACC623577,ACC263475,64844.28,Hawala-linked Transfer,Bank Transfer,0.57,False
TX0002447,2019-10-04,2019,Telangana,Andhra Pradesh,ACC942949,ACC144779,2296025.44,Trade Invoice Payment,Hawala Network,0.38,False
TX0002448,2020-05-13,2020,Assam,Bihar,ACC596441,ACC184273,33653.31,Hawala-linked Transfer,Cash,0.63,False
TX0002449,2024-11-16,2024,Jammu and Kashmir,Odisha,ACC121448,ACC392995,54187.97,Remittance,Hawala Network,0.17,False
TX0002450,2020-06-08,2020,Mizoram,Odisha,ACC584800,ACC889335,319418.66,Shell Company Transfer,Hawala Network,0.57,False
TX0002451,2020-11-15,2020,West Bengal,Gujarat,ACC915493,ACC317214,280472.92,Trade Invoice Payment,Bank Transfer,0.2,False
TX0002452,2024-04-24,2024,Maharashtra,Mizoram,ACC736964,ACC393983,745279.93,Trade Invoice Payment,Crypto Exchange,0.24,False
TX0002453,2021-05-26,2021,Telangana,Haryana,ACC411263,ACC533708,182117.94,Remittance,UPI,0.18,False
TX0002454,2019-05-07,2019,Madhya Pradesh,Kerala,ACC152852,ACC380070,33047.08,Shell Company Transfer,Hawala Network,0.68,True
TX0002455,2024-03-19,2024,Haryana,Jammu and Kashmir,ACC923223,ACC225492,536807.79,Shell Company Transfer,Bank Transfer,0.68,True
TX0002456,2020-02-17,2020,Jammu and Kashmir,Maharashtra,ACC559477,ACC843937,103469.25,Cash Deposit,Hawala Network,0.28,False
TX0002457,2019-10-01,2019,West Bengal,Rajasthan,ACC924226,ACC519560,263092.79,Trade Invoice Payment,Cash,0.1,False
TX0002458,2022-09-22,2022,Kerala,Jammu and Kashmir,ACC542080,ACC686671,2629839.9,Trade Invoice Payment,Crypto Exchange,0.46,False
TX0002459,2019-11-13,2019,Madhya Pradesh,Manipur,ACC272311,ACC396389,2346577.86,Remittance,Crypto Exchange,0.38,False
TX0002460,2023-08-08,2023,Gujarat,Karnataka,ACC396013,ACC967477,19677.48,Remittance,Hawala Network,0.17,False
TX0002461,2018-03-03,2018,Gujarat,Uttar Pradesh,ACC975110,ACC106728,30798.38,Cash Deposit,Bank Transfer,0.15,False
TX0002462,2023-06-24,2023,Gujarat,Uttar Pradesh,ACC294216,ACC304820,210839.5,Trade Invoice Payment,Cash,0.17,False
TX0002463,2024-09-21,2024,Punjab,Maharashtra,ACC739215,ACC706905,31567.06,Remittance,UPI,0.18,False
TX0002464,2018-12-12,2018,Mizoram,Odisha,ACC736500,ACC600904,157543.49,Hawala-linked Transfer,UPI,0.72,True
TX0002465,2024-09-10,2024,Telangana,Haryana,ACC220221,ACC491014,22331.82,Trade Invoice Payment,Crypto Exchange,0.26,False
TX0002466,2018-08-22,2018,Bihar,Assam,ACC866615,ACC170919,260839.29,Hawala-linked Transfer,UPI,0.6,False
TX0002467,2024-08-07,2024,Rajasthan,West Bengal,ACC562503,ACC790343,164374.67,Remittance,Crypto Exchange,0.15,False
TX0002468,2018-03-23,2018,Manipur,Haryana,ACC180955,ACC901001,135534.53,Cash Deposit,Bank Transfer,0.2,False
TX0002469,2023-11-24,2023,Maharashtra,Karnataka,ACC163577,ACC751447,50732.3,Cash Deposit,Hawala Network,0.14,False
TX0002470,2023-09-05,2023,Manipur,Bihar,ACC829272,ACC792382,65273.2,Trade Invoice Payment,UPI,0.2,False
TX0002471,2021-06-06,2021,Andhra Pradesh,Bihar,ACC961244,ACC119811,582612.95,Cash Deposit,Cash,0.27,False
TX0002472,2021-10-11,2021,West Bengal,Karnataka,ACC356787,ACC635008,89918.7,Trade Invoice Payment,Cash,0.19,False
TX0002473,2022-07-23,2022,Punjab,Telangana,ACC324425,ACC710353,187416.79,Shell Company Transfer,UPI,0.74,True
TX0002474,2024-07-12,2024,Telangana,Gujarat,ACC260959,ACC677606,129880.19,Hawala-linked Transfer,Bank Transfer,0.72,True
TX0002475,2021-05-04,2021,Madhya Pradesh,Uttar Pradesh,ACC689358,ACC647680,47097.18,Trade Invoice Payment,UPI,0.13,False
TX0002476,2018-05-13,2018,Rajasthan,Andhra Pradesh,ACC907346,ACC778581,456089.0,Trade Invoice Payment,UPI,0.19,False
TX0002477,2019-01-01,2019,Assam,Rajasthan,ACC381657,ACC401253,39621.1,Trade Invoice Payment,Cash,0.14,False
TX0002478,2018-02-24,2018,Karnataka,Manipur,ACC593314,ACC609438,225007.02,Shell Company Transfer,Crypto Exchange,0.74,True
TX0002479,2020-07-25,2020,Andhra Pradesh,Telangana,ACC351780,ACC664134,31929.16,Shell Company Transfer,Cash,0.58,False
TX0002480,2019-02-05,2019,Delhi,Assam,ACC845585,ACC134214,85151.75,Remittance,UPI,0.18,False
TX0002481,2021-10-09,2021,Delhi,Andhra Pradesh,ACC248680,ACC767031,55560.0,Remittance,Bank Transfer,0.27,False
TX0002482,2023-03-18,2023,Telangana,Jammu and Kashmir,ACC493624,ACC617092,51881.16,Hawala-linked Transfer,Bank Transfer,0.65,True
TX0002483,2024-06-14,2024,Haryana,Delhi,ACC605931,ACC338318,256263.87,Remittance,Cash,0.21,False
TX0002484,2020-09-26,2020,Gujarat,West Bengal,ACC412903,ACC455894,24495.95,Cash Deposit,Bank Transfer,0.26,False
TX0002485,2019-06-22,2019,Jammu and Kashmir,Tamil Nadu,ACC432857,ACC802803,51271.26,Trade Invoice Payment,Cash,0.22,False
TX0002486,2021-10-17,2021,Haryana,Mizoram,ACC100442,ACC465038,971035.52,Trade Invoice Payment,Crypto Exchange,0.18,False
TX0002487,2020-11-22,2020,Rajasthan,Bihar,ACC517722,ACC319388,270788.06,Trade Invoice Payment,Hawala Network,0.15,False
TX0002488,2019-10-06,2019,Rajasthan,Mizoram,ACC214708,ACC106959,271400.45,Trade Invoice Payment,Bank Transfer,0.19,False
TX0002489,2022-06-23,2022,Haryana,Tamil Nadu,ACC330619,ACC686213,112657.48,Cash Deposit,Hawala Network,0.14,False
TX0002490,2020-06-06,2020,Delhi,Haryana,ACC722554,ACC124425,274151.02,Remittance,Cash,0.29,False
TX0002491,2024-12-20,2024,Telangana,Madhya Pradesh,ACC588367,ACC237451,20936.39,Trade Invoice Payment,UPI,0.19,False
TX0002492,2023-09-25,2023,Bihar,Telangana,ACC312821,ACC402728,106666.68,Trade Invoice Payment,Cash,0.14,False
TX0002493,2019-07-14,2019,Assam,Uttar Pradesh,ACC815126,ACC135493,133782.26,Trade Invoice Payment,Hawala Network,0.13,False
TX0002494,2021-12-18,2021,Tamil Nadu,Haryana,ACC139662,ACC565680,396587.96,Trade Invoice Payment,Cash,0.25,False
TX0002495,2024-05-13,2024,Manipur,Jammu and Kashmir,ACC788075,ACC880350,3123795.3,Trade Invoice Payment,Bank Transfer,0.43,False
TX0002496,2018-12-06,2018,Punjab,Andhra Pradesh,ACC987952,ACC577165,233219.07,Trade Invoice Payment,Bank Transfer,0.15,False
TX0002497,2023-05-17,2023,Kerala,Karnataka,ACC796387,ACC557446,394505.92,Trade Invoice Payment,Crypto Exchange,0.21,False
TX0002498,2022-10-14,2022,Telangana,Assam,ACC634953,ACC100365,2425187.62,Trade Invoice Payment,Cash,0.41,False
TX0002499,2018-02-24,2018,Maharashtra,Bihar,ACC348271,ACC998800,34749.24,Crypto Off-ramp,Bank Transfer,0.6,False
TX0002500,2022-05-25,2022,Odisha,Mizoram,ACC432578,ACC318423,154041.75,Shell Company Transfer,UPI,0.68,True
TX0002501,2023-11-13,2023,Punjab,Madhya Pradesh,ACC252133,ACC441055,1172804.74,Remittance,UPI,0.19,False
TX0002502,2024-01-23,2024,Bihar,Manipur,ACC491746,ACC490385,202838.39,Hawala-linked Transfer,Bank Transfer,0.68,True
TX0002503,2020-06-21,2020,Jammu and Kashmir,Haryana,ACC712199,ACC750196,70906.28,Trade Invoice Payment,Bank Transfer,0.2,False
TX0002504,2024-12-08,2024,Andhra Pradesh,West Bengal,ACC350584,ACC862803,28150.67,Cash Deposit,Hawala Network,0.11,False
TX0002505,2019-08-27,2019,Manipur,Uttar Pradesh,ACC843665,ACC483667,44420.89,Hawala-linked Transfer,Hawala Network,0.6,False
TX0002506,2021-09-15,2021,Gujarat,Mizoram,ACC170961,ACC660568,104266.97,Remittance,UPI,0.16,False
TX0002507,2019-09-08,2019,Maharashtra,Rajasthan,ACC765773,ACC703870,41353.71,Cash Deposit,Bank Transfer,0.16,False
TX0002508,2020-10-14,2020,Gujarat,Mizoram,ACC894695,ACC390949,181355.45,Trade Invoice Payment,UPI,0.1,False
TX0002509,2022-12-13,2022,Haryana,West Bengal,ACC285810,ACC154107,78092.53,Remittance,Hawala Network,0.12,False
TX0002510,2020-01-13,2020,Delhi,Bihar,ACC949558,ACC504151,112243.92,Trade Invoice Payment,Crypto Exchange,0.17,False
TX0002511,2021-07-06,2021,West Bengal,Delhi,ACC199821,ACC666471,14224.33,Shell Company Transfer,Cash,0.6,False
TX0002512,2021-04-17,2021,Maharashtra,Jammu and Kashmir,ACC435139,ACC156880,10669.86,Remittance,UPI,0.19,False
TX0002513,2019-09-18,2019,Gujarat,Mizoram,ACC223507,ACC760598,1117908.66,Remittance,Hawala Network,0.22,False
TX0002514,2018-01-26,2018,Karnataka,Mizoram,ACC319396,ACC594760,232284.31,Shell Company Transfer,Crypto Exchange,0.59,False
TX0002515,2018-12-02,2018,Kerala,Uttar Pradesh,ACC859048,ACC125323,2353701.23,Remittance,Crypto Exchange,0.55,False
TX0002516,2024-08-12,2024,Assam,Madhya Pradesh,ACC144168,ACC667175,13354.66,Cash Deposit,Cash,0.2,False
TX0002517,2024-04-03,2024,Andhra Pradesh,Andhra Pradesh,ACC806737,ACC676957,351785.27,Remittance,Bank Transfer,0.02,False
TX0002518,2020-07-21,2020,Odisha,Rajasthan,ACC940149,ACC534427,99241.89,Cash Deposit,Hawala Network,0.28,False
TX0002519,2024-03-01,2024,Bihar,Haryana,ACC587655,ACC352907,35046.3,Remittance,UPI,0.3,False
TX0002520,2019-02-02,2019,Odisha,Odisha,ACC441601,ACC860352,47383.39,Hawala-linked Transfer,Cash,0.59,False
TX0002521,2021-08-27,2021,West Bengal,Gujarat,ACC764836,ACC225601,263053.58,Shell Company Transfer,Cash,0.66,True
TX0002522,2021-01-05,2021,Karnataka,Rajasthan,ACC584448,ACC284086,17940.22,Remittance,Cash,0.26,False
TX0002523,2024-03-16,2024,West Bengal,Tamil Nadu,ACC383544,ACC266426,32873.94,Trade Invoice Payment,Bank Transfer,0.23,False
TX0002524,2021-10-11,2021,Telangana,Telangana,ACC844138,ACC529015,718645.32,Crypto Off-ramp,Cash,0.53,False
TX0002525,2019-04-21,2019,Gujarat,Odisha,ACC446500,ACC293155,246378.38,Remittance,Crypto Exchange,0.12,False
TX0002526,2021-12-12,2021,Uttar Pradesh,Bihar,ACC180971,ACC596233,103300.0,Shell Company Transfer,UPI,0.56,False
TX0002527,2024-01-14,2024,Andhra Pradesh,Andhra Pradesh,ACC805444,ACC878352,118193.86,Trade Invoice Payment,Cash,0.12,False
TX0002528,2023-06-23,2023,Haryana,Madhya Pradesh,ACC729651,ACC827967,55864.55,Hawala-linked Transfer,Crypto Exchange,0.62,False
TX0002529,2021-07-15,2021,Telangana,Telangana,ACC387055,ACC402589,81552.68,Trade Invoice Payment,Crypto Exchange,0.02,False
TX0002530,2024-04-08,2024,Mizoram,Bihar,ACC222952,ACC520306,217327.22,Remittance,Crypto Exchange,0.3,False
TX0002531,2020-06-18,2020,Madhya Pradesh,Odisha,ACC294499,ACC475744,68078.01,Remittance,Bank Transfer,0.25,False
TX0002532,2019-04-02,2019,Tamil Nadu,Delhi,ACC727809,ACC671061,409212.34,Crypto Off-ramp,Cash,0.75,True
TX0002533,2021-09-23,2021,Andhra Pradesh,Manipur,ACC820355,ACC622278,29037.71,Trade Invoice Payment,Bank Transfer,0.26,False
TX0002534,2021-06-21,2021,Jammu and Kashmir,West Bengal,ACC549773,ACC684300,42967.83,Remittance,UPI,0.21,False
TX0002535,2022-01-08,2022,Karnataka,Telangana,ACC930518,ACC981308,330052.43,Trade Invoice Payment,Bank Transfer,0.17,False
TX0002536,2022-04-11,2022,Assam,Manipur,ACC270100,ACC514199,40657.68,Trade Invoice Payment,Hawala Network,0.13,False
TX0002537,2020-06-27,2020,Jammu and Kashmir,Uttar Pradesh,ACC483572,ACC304134,385617.25,Cash Deposit,Crypto Exchange,0.14,False
TX0002538,2022-11-26,2022,West Bengal,Odisha,ACC203243,ACC329993,170686.71,Remittance,Crypto Exchange,0.26,False
TX0002539,2019-07-06,2019,Mizoram,Kerala,ACC145473,ACC717976,62001.95,Remittance,Hawala Network,0.12,False
TX0002540,2024-08-24,2024,Madhya Pradesh,Maharashtra,ACC440173,ACC875436,522031.3,Remittance,Bank Transfer,0.26,False
TX0002541,2024-06-04,2024,West Bengal,Maharashtra,ACC853637,ACC872463,194037.18,Shell Company Transfer,Crypto Exchange,0.57,False
TX0002542,2020-03-25,2020,Madhya Pradesh,Rajasthan,ACC400105,ACC203365,850187.28,Hawala-linked Transfer,UPI,0.67,True
TX0002543,2018-12-16,2018,Assam,Karnataka,ACC402040,ACC191165,236062.63,Cash Deposit,Cash,0.16,False
TX0002544,2022-10-16,2022,West Bengal,Uttar Pradesh,ACC771892,ACC646133,256616.64,Crypto Off-ramp,UPI,0.71,True
TX0002545,2019-06-26,2019,Gujarat,Andhra Pradesh,ACC281425,ACC949329,75306.2,Hawala-linked Transfer,Hawala Network,0.7,True
TX0002546,2020-11-23,2020,Maharashtra,Gujarat,ACC596682,ACC134854,92571.31,Remittance,UPI,0.22,False
TX0002547,2020-08-20,2020,Gujarat,Manipur,ACC355045,ACC283390,39894.5,Trade Invoice Payment,Bank Transfer,0.15,False
TX0002548,2022-11-19,2022,Kerala,Punjab,ACC682240,ACC764473,38383.94,Remittance,Crypto Exchange,0.28,False
TX0002549,2023-07-20,2023,Punjab,Maharashtra,ACC417053,ACC993628,15900.18,Trade Invoice Payment,Bank Transfer,0.24,False
TX0002550,2019-11-25,2019,Jammu and Kashmir,Rajasthan,ACC620566,ACC850016,154484.01,Trade Invoice Payment,Bank Transfer,0.17,False
TX0002551,2021-05-21,2021,Uttar Pradesh,Jammu and Kashmir,ACC967620,ACC756256,88841.54,Remittance,Bank Transfer,0.1,False
TX0002552,2024-11-07,2024,Mizoram,Haryana,ACC841198,ACC855971,153844.44,Crypto Off-ramp,Hawala Network,0.68,True
TX0002553,2024-06-17,2024,Jammu and Kashmir,Punjab,ACC208216,ACC661455,423846.16,Shell Company Transfer,Cash,0.65,True
TX0002554,2020-10-04,2020,Rajasthan,Odisha,ACC318738,ACC881676,527120.25,Remittance,Hawala Network,0.12,False
TX0002555,2021-10-06,2021,Bihar,Uttar Pradesh,ACC408564,ACC776734,42239.93,Trade Invoice Payment,Cash,0.28,False
TX0002556,2020-09-10,2020,Assam,Uttar Pradesh,ACC890834,ACC624273,148386.32,Trade Invoice Payment,Bank Transfer,0.24,False
TX0002557,2020-10-08,2020,Bihar,Karnataka,ACC493284,ACC887683,35419.22,Trade Invoice Payment,Bank Transfer,0.17,False
TX0002558,2023-04-03,2023,Maharashtra,Andhra Pradesh,ACC763228,ACC903044,59127.1,Cash Deposit,Cash,0.19,False
TX0002559,2023-11-14,2023,Jammu and Kashmir,Maharashtra,ACC606865,ACC592419,8560.81,Trade Invoice Payment,Hawala Network,0.22,False
TX0002560,2022-03-06,2022,Manipur,Odisha,ACC243926,ACC350312,11405.77,Hawala-linked Transfer,Cash,0.61,False
TX0002561,2024-06-02,2024,Manipur,West Bengal,ACC188656,ACC341454,191528.85,Cash Deposit,Hawala Network,0.22,False
TX0002562,2023-06-26,2023,Karnataka,West Bengal,ACC907410,ACC961991,137110.89,Cash Deposit,Bank Transfer,0.27,False
TX0002563,2023-05-03,2023,Assam,Tamil Nadu,ACC273485,ACC228619,51993.08,Trade Invoice Payment,Crypto Exchange,0.12,False
TX0002564,2021-07-21,2021,Andhra Pradesh,Maharashtra,ACC250505,ACC494324,404015.76,Trade Invoice Payment,Bank Transfer,0.19,False
TX0002565,2021-07-27,2021,Maharashtra,Uttar Pradesh,ACC409483,ACC113397,419979.89,Remittance,UPI,0.19,False
TX0002566,2020-09-19,2020,Uttar Pradesh,Maharashtra,ACC284926,ACC550027,410464.84,Hawala-linked Transfer,Cash,0.68,True
TX0002567,2022-11-01,2022,Haryana,Telangana,ACC273901,ACC144376,208935.13,Remittance,Hawala Network,0.26,False
TX0002568,2019-11-05,2019,Maharashtra,Maharashtra,ACC707116,ACC202306,50589.71,Trade Invoice Payment,Hawala Network,0.07,False
TX0002569,2022-05-10,2022,Maharashtra,Delhi,ACC814871,ACC547778,5819.45,Cash Deposit,Cash,0.22,False
TX0002570,2018-08-13,2018,Odisha,Assam,ACC995518,ACC613183,205469.18,Remittance,Cash,0.21,False
TX0002571,2018-09-06,2018,Rajasthan,West Bengal,ACC280821,ACC615590,37784.65,Cash Deposit,Cash,0.21,False
TX0002572,2021-08-08,2021,Haryana,West Bengal,ACC377673,ACC287845,5556.7,Remittance,UPI,0.17,False
TX0002573,2019-10-09,2019,Telangana,Odisha,ACC176800,ACC343912,32781.17,Crypto Off-ramp,Crypto Exchange,0.56,False
TX0002574,2022-04-26,2022,Karnataka,Kerala,ACC972703,ACC628745,820933.28,Shell Company Transfer,Hawala Network,0.74,True
TX0002575,2022-11-27,2022,Haryana,Andhra Pradesh,ACC768999,ACC827027,14873.27,Trade Invoice Payment,UPI,0.21,False
TX0002576,2020-11-26,2020,Andhra Pradesh,Madhya Pradesh,ACC112213,ACC869055,125389.91,Hawala-linked Transfer,Crypto Exchange,0.71,True
TX0002577,2021-12-19,2021,Andhra Pradesh,Telangana,ACC610329,ACC793144,109487.45,Remittance,UPI,0.1,False
TX0002578,2018-11-19,2018,Rajasthan,Jammu and Kashmir,ACC199202,ACC555248,293420.06,Remittance,UPI,0.29,False
TX0002579,2019-11-12,2019,Telangana,Madhya Pradesh,ACC858106,ACC477858,82278.55,Remittance,Hawala Network,0.11,False
TX0002580,2022-10-05,2022,Karnataka,Telangana,ACC616617,ACC330277,120475.64,Trade Invoice Payment,Hawala Network,0.11,False
TX0002581,2020-11-13,2020,Telangana,Jammu and Kashmir,ACC573637,ACC176407,46278.47,Trade Invoice Payment,Hawala Network,0.14,False
TX0002582,2019-11-09,2019,Telangana,Delhi,ACC642180,ACC763758,3247.1,Trade Invoice Payment,UPI,0.12,False
TX0002583,2019-08-15,2019,Uttar Pradesh,Punjab,ACC757979,ACC975209,356960.62,Trade Invoice Payment,Crypto Exchange,0.24,False
TX0002584,2021-05-19,2021,Maharashtra,Andhra Pradesh,ACC727928,ACC734688,49252.79,Cash Deposit,Cash,0.15,False
TX0002585,2024-11-23,2024,Gujarat,Bihar,ACC508821,ACC986029,658412.15,Trade Invoice Payment,Cash,0.19,False
TX0002586,2019-11-13,2019,Jammu and Kashmir,Karnataka,ACC422668,ACC222907,83487.22,Trade Invoice Payment,Hawala Network,0.24,False
TX0002587,2022-12-18,2022,West Bengal,Gujarat,ACC220725,ACC715467,79063.18,Crypto Off-ramp,Bank Transfer,0.66,True
TX0002588,2019-03-17,2019,Maharashtra,Manipur,ACC125729,ACC252707,116491.47,Cash Deposit,UPI,0.25,False
TX0002589,2021-07-26,2021,Rajasthan,Mizoram,ACC240037,ACC168293,934863.27,Trade Invoice Payment,Crypto Exchange,0.11,False
TX0002590,2019-11-12,2019,Uttar Pradesh,Andhra Pradesh,ACC751168,ACC844819,280842.11,Remittance,Hawala Network,0.27,False
TX0002591,2020-01-14,2020,Haryana,Jammu and Kashmir,ACC473443,ACC501867,273892.92,Trade Invoice Payment,Cash,0.22,False
TX0002592,2021-12-02,2021,Gujarat,West Bengal,ACC347754,ACC940757,264898.95,Crypto Off-ramp,Cash,0.69,True
TX0002593,2023-09-06,2023,Karnataka,Kerala,ACC797678,ACC725273,54994.8,Crypto Off-ramp,Bank Transfer,0.71,True
TX0002594,2018-09-01,2018,Kerala,Karnataka,ACC237890,ACC278456,10640.22,Trade Invoice Payment,UPI,0.17,False
TX0002595,2020-09-12,2020,West Bengal,Uttar Pradesh,ACC332537,ACC312839,43849.56,Crypto Off-ramp,Hawala Network,0.57,False
TX0002596,2018-06-17,2018,Assam,Odisha,ACC592653,ACC522578,47745.43,Trade Invoice Payment,Crypto Exchange,0.17,False
TX0002597,2023-02-01,2023,Kerala,Jammu and Kashmir,ACC129839,ACC958221,193455.27,Trade Invoice Payment,Crypto Exchange,0.29,False
TX0002598,2023-11-18,2023,Gujarat,Odisha,ACC738260,ACC917272,7735.54,Trade Invoice Payment,UPI,0.17,False
TX0002599,2018-09-17,2018,Rajasthan,Bihar,ACC550436,ACC150331,39459.74,Trade Invoice Payment,UPI,0.21,False
TX0002600,2022-07-12,2022,Andhra Pradesh,Assam,ACC834365,ACC746091,70671.63,Trade Invoice Payment,Cash,0.12,False
TX0002601,2023-01-05,2023,Maharashtra,Gujarat,ACC732154,ACC305412,390157.23,Crypto Off-ramp,Cash,0.7,True
TX0002602,2019-07-09,2019,Karnataka,Karnataka,ACC576872,ACC594768,67040.3,Remittance,Bank Transfer,0.0,False
TX0002603,2020-01-05,2020,Bihar,Mizoram,ACC160462,ACC433253,83801.41,Remittance,Crypto Exchange,0.28,False
TX0002604,2024-09-16,2024,Assam,Bihar,ACC858884,ACC184924,62275.31,Remittance,Crypto Exchange,0.14,False
TX0002605,2022-02-07,2022,Manipur,West Bengal,ACC917823,ACC553534,69930.83,Trade Invoice Payment,Bank Transfer,0.25,False
TX0002606,2020-12-17,2020,Uttar Pradesh,Bihar,ACC258072,ACC493985,116950.56,Trade Invoice Payment,Hawala Network,0.21,False
TX0002607,2021-11-13,2021,Karnataka,Tamil Nadu,ACC779595,ACC998256,30890.49,Crypto Off-ramp,Bank Transfer,0.6,False
TX0002608,2024-08-13,2024,Madhya Pradesh,West Bengal,ACC797029,ACC572626,61979.14,Remittance,Cash,0.25,False
TX0002609,2023-04-21,2023,Mizoram,Manipur,ACC387122,ACC587475,41398.79,Hawala-linked Transfer,Cash,0.74,True
TX0002610,2023-08-04,2023,Bihar,Tamil Nadu,ACC965171,ACC671326,52472.06,Trade Invoice Payment,Hawala Network,0.17,False
TX0002611,2021-07-23,2021,Rajasthan,Gujarat,ACC124601,ACC182126,114329.33,Trade Invoice Payment,Crypto Exchange,0.17,False
TX0002612,2021-12-16,2021,Mizoram,Karnataka,ACC172522,ACC855275,47649.47,Trade Invoice Payment,Cash,0.19,False
TX0002613,2020-06-20,2020,Punjab,Jammu and Kashmir,ACC399528,ACC819560,142562.4,Trade Invoice Payment,UPI,0.14,False
TX0002614,2020-06-17,2020,Bihar,Haryana,ACC408213,ACC695060,111224.01,Trade Invoice Payment,Crypto Exchange,0.21,False
TX0002615,2018-12-03,2018,Assam,Bihar,ACC629642,ACC268069,240146.39,Trade Invoice Payment,Cash,0.24,False
TX0002616,2020-03-04,2020,Telangana,Gujarat,ACC797306,ACC603099,57451.05,Cash Deposit,Bank Transfer,0.17,False
TX0002617,2022-01-01,2022,Delhi,Manipur,ACC505028,ACC520857,584123.34,Remittance,UPI,0.16,False
TX0002618,2023-07-20,2023,Punjab,Andhra Pradesh,ACC497556,ACC784495,142183.18,Shell Company Transfer,Hawala Network,0.58,False
TX0002619,2019-11-06,2019,Haryana,Gujarat,ACC402039,ACC421785,33051.6,Remittance,Cash,0.16,False
TX0002620,2024-07-07,2024,Odisha,Assam,ACC996960,ACC920720,19517.49,Remittance,Bank Transfer,0.27,False
TX0002621,2020-02-12,2020,Madhya Pradesh,Andhra Pradesh,ACC463901,ACC791311,296432.98,Cash Deposit,Hawala Network,0.29,False
TX0002622,2021-04-17,2021,Rajasthan,Telangana,ACC563754,ACC966264,30707.39,Trade Invoice Payment,Bank Transfer,0.14,False
TX0002623,2018-06-20,2018,Kerala,Punjab,ACC515716,ACC811943,84449.71,Remittance,Bank Transfer,0.11,False
TX0002624,2024-07-20,2024,West Bengal,Bihar,ACC182662,ACC870942,15863.29,Trade Invoice Payment,Cash,0.2,False
TX0002625,2021-01-25,2021,Kerala,Haryana,ACC451242,ACC100480,24632.54,Trade Invoice Payment,Cash,0.25,False
TX0002626,2020-02-18,2020,Karnataka,Mizoram,ACC646604,ACC878985,79562.89,Cash Deposit,Cash,0.21,False
TX0002627,2023-08-07,2023,Gujarat,Bihar,ACC767886,ACC460085,7118.86,Remittance,Crypto Exchange,0.3,False
TX0002628,2018-03-25,2018,Madhya Pradesh,Gujarat,ACC770794,ACC170417,173811.26,Remittance,Hawala Network,0.25,False
TX0002629,2023-09-19,2023,Madhya Pradesh,Manipur,ACC608605,ACC940229,435540.76,Shell Company Transfer,UPI,0.74,True
TX0002630,2022-12-10,2022,Karnataka,Assam,ACC461955,ACC497662,385478.56,Shell Company Transfer,Crypto Exchange,0.61,False
TX0002631,2023-12-04,2023,Bihar,Gujarat,ACC165715,ACC740016,284985.78,Cash Deposit,Bank Transfer,0.21,False
TX0002632,2019-04-24,2019,Manipur,Jammu and Kashmir,ACC538287,ACC505274,3892.5,Trade Invoice Payment,Hawala Network,0.14,False
TX0002633,2020-11-24,2020,Mizoram,West Bengal,ACC877436,ACC704519,777569.95,Cash Deposit,UPI,0.2,False
TX0002634,2018-10-15,2018,Andhra Pradesh,Maharashtra,ACC969504,ACC945036,2450290.96,Shell Company Transfer,Cash,0.95,True
TX0002635,2019-07-06,2019,Bihar,Karnataka,ACC680876,ACC288690,115101.07,Trade Invoice Payment,Bank Transfer,0.24,False
TX0002636,2020-12-22,2020,Haryana,Mizoram,ACC794719,ACC814894,420079.2,Hawala-linked Transfer,Hawala Network,0.7,True
TX0002637,2020-12-05,2020,Haryana,Karnataka,ACC766640,ACC287700,29467.49,Remittance,Cash,0.16,False
TX0002638,2021-11-04,2021,Mizoram,Andhra Pradesh,ACC307095,ACC630812,77842.15,Trade Invoice Payment,Crypto Exchange,0.2,False
TX0002639,2023-05-08,2023,Kerala,Andhra Pradesh,ACC690199,ACC645780,255108.48,Remittance,UPI,0.1,False
TX0002640,2021-04-26,2021,Assam,Andhra Pradesh,ACC224582,ACC733809,2415691.13,Trade Invoice Payment,UPI,0.35,False
TX0002641,2023-10-05,2023,Rajasthan,Uttar Pradesh,ACC272040,ACC351886,552018.9,Trade Invoice Payment,UPI,0.15,False
TX0002642,2021-08-26,2021,Karnataka,Rajasthan,ACC125678,ACC941240,1082710.61,Trade Invoice Payment,Crypto Exchange,0.25,False
TX0002643,2021-03-25,2021,Manipur,Jammu and Kashmir,ACC820841,ACC828663,26619.29,Remittance,Cash,0.29,False
TX0002644,2023-03-12,2023,Manipur,Delhi,ACC237596,ACC201767,10664.99,Trade Invoice Payment,Hawala Network,0.23,False
TX0002645,2023-08-20,2023,Bihar,Telangana,ACC162565,ACC935810,26898.36,Shell Company Transfer,Cash,0.56,False
TX0002646,2023-10-16,2023,Kerala,Mizoram,ACC665738,ACC469061,434128.33,Trade Invoice Payment,Hawala Network,0.17,False
TX0002647,2023-09-07,2023,Delhi,Uttar Pradesh,ACC984067,ACC572552,29218.75,Trade Invoice Payment,UPI,0.13,False
TX0002648,2020-05-16,2020,Mizoram,Punjab,ACC361794,ACC381583,158884.77,Cash Deposit,Cash,0.15,False
TX0002649,2024-12-10,2024,Karnataka,West Bengal,ACC295077,ACC221105,336373.8,Cash Deposit,Crypto Exchange,0.29,False
TX0002650,2021-10-17,2021,Assam,Madhya Pradesh,ACC206750,ACC757625,1381506.72,Remittance,Crypto Exchange,0.17,False
TX0002651,2022-04-27,2022,Karnataka,Andhra Pradesh,ACC413556,ACC133987,344283.21,Cash Deposit,Crypto Exchange,0.11,False
TX0002652,2024-08-17,2024,Rajasthan,Uttar Pradesh,ACC199646,ACC919632,984003.01,Remittance,UPI,0.12,False
TX0002653,2020-07-15,2020,Bihar,Jammu and Kashmir,ACC420428,ACC224250,42338.29,Cash Deposit,Crypto Exchange,0.13,False
TX0002654,2019-12-09,2019,Maharashtra,Karnataka,ACC188923,ACC121012,265787.69,Trade Invoice Payment,Cash,0.18,False
TX0002655,2019-10-13,2019,Kerala,Andhra Pradesh,ACC589413,ACC873561,71168.02,Hawala-linked Transfer,Bank Transfer,0.66,True
TX0002656,2023-08-16,2023,Jammu and Kashmir,Madhya Pradesh,ACC278851,ACC704557,30290.28,Trade Invoice Payment,UPI,0.24,False
TX0002657,2023-09-01,2023,Karnataka,Gujarat,ACC667105,ACC579044,1993330.6,Remittance,Crypto Exchange,0.28,False
TX0002658,2019-06-14,2019,Gujarat,Manipur,ACC394364,ACC434107,2309323.33,Hawala-linked Transfer,Cash,0.84,True
TX0002659,2022-11-26,2022,Andhra Pradesh,Mizoram,ACC500217,ACC669775,33585.39,Shell Company Transfer,Hawala Network,0.63,False
TX0002660,2024-09-09,2024,Madhya Pradesh,Assam,ACC476690,ACC207712,91534.58,Trade Invoice Payment,Crypto Exchange,0.18,False
TX0002661,2022-03-19,2022,Andhra Pradesh,Gujarat,ACC744600,ACC816918,500243.68,Remittance,Hawala Network,0.21,False
TX0002662,2021-05-07,2021,Andhra Pradesh,Maharashtra,ACC484970,ACC592150,129616.44,Trade Invoice Payment,Bank Transfer,0.16,False
TX0002663,2023-02-03,2023,Maharashtra,Gujarat,ACC171556,ACC488824,200361.44,Shell Company Transfer,Cash,0.59,False
TX0002664,2024-01-15,2024,West Bengal,Gujarat,ACC181313,ACC553517,100021.9,Remittance,Cash,0.11,False
TX0002665,2022-09-26,2022,Rajasthan,Karnataka,ACC286709,ACC608935,29471.17,Shell Company Transfer,Bank Transfer,0.61,False
TX0002666,2024-03-15,2024,Punjab,Gujarat,ACC356627,ACC667448,47981.07,Crypto Off-ramp,Hawala Network,0.6,False
TX0002667,2020-04-12,2020,Bihar,Delhi,ACC711045,ACC480558,542445.5,Trade Invoice Payment,Crypto Exchange,0.16,False
TX0002668,2023-01-06,2023,Bihar,Kerala,ACC991377,ACC673728,70943.81,Cash Deposit,Hawala Network,0.3,False
TX0002669,2024-03-08,2024,Tamil Nadu,Kerala,ACC832734,ACC242760,78690.7,Trade Invoice Payment,Cash,0.17,False
TX0002670,2021-01-05,2021,Rajasthan,Uttar Pradesh,ACC742894,ACC437416,126491.18,Remittance,UPI,0.11,False
TX0002671,2019-10-19,2019,Karnataka,Punjab,ACC706294,ACC556912,233764.61,Hawala-linked Transfer,Bank Transfer,0.65,True
TX0002672,2021-09-14,2021,Telangana,Assam,ACC263650,ACC454829,763550.26,Trade Invoice Payment,Cash,0.12,False
TX0002673,2021-01-21,2021,Andhra Pradesh,Assam,ACC859412,ACC546465,129899.27,Shell Company Transfer,Crypto Exchange,0.62,False
TX0002674,2020-06-02,2020,Mizoram,Jammu and Kashmir,ACC262703,ACC860665,347757.61,Cash Deposit,Crypto Exchange,0.23,False
TX0002675,2018-07-11,2018,Jammu and Kashmir,Delhi,ACC145659,ACC118897,45334.22,Remittance,Cash,0.11,False
TX0002676,2024-10-02,2024,Gujarat,Delhi,ACC338117,ACC590940,78148.43,Hawala-linked Transfer,UPI,0.57,False
TX0002677,2021-01-07,2021,Maharashtra,Bihar,ACC778324,ACC427710,48999.65,Crypto Off-ramp,Hawala Network,0.59,False
TX0002678,2024-07-21,2024,Gujarat,Madhya Pradesh,ACC202132,ACC925587,415241.79,Cash Deposit,Hawala Network,0.27,False
TX0002679,2022-11-11,2022,Jammu and Kashmir,Haryana,ACC908693,ACC445269,129026.39,Trade Invoice Payment,Bank Transfer,0.12,False
TX0002680,2023-08-11,2023,Odisha,Andhra Pradesh,ACC949891,ACC140427,57840.1,Remittance,Crypto Exchange,0.11,False
TX0002681,2023-02-03,2023,Telangana,Manipur,ACC180400,ACC573106,128415.47,Remittance,Hawala Network,0.22,False
TX0002682,2021-04-19,2021,Manipur,Uttar Pradesh,ACC698637,ACC997131,39624.72,Remittance,Crypto Exchange,0.17,False
TX0002683,2024-07-19,2024,Mizoram,Karnataka,ACC183708,ACC418404,5774.54,Cash Deposit,Hawala Network,0.21,False
TX0002684,2024-08-17,2024,Manipur,Andhra Pradesh,ACC487876,ACC563183,261737.83,Remittance,UPI,0.16,False
TX0002685,2019-08-07,2019,Delhi,Maharashtra,ACC764684,ACC398478,7978.01,Trade Invoice Payment,Cash,0.11,False
TX0002686,2021-05-05,2021,Gujarat,Mizoram,ACC136679,ACC104568,193085.64,Remittance,Bank Transfer,0.16,False
TX0002687,2022-01-26,2022,Gujarat,Telangana,ACC556471,ACC826637,28776.91,Remittance,Hawala Network,0.23,False
TX0002688,2021-04-10,2021,Telangana,Manipur,ACC782619,ACC840933,31726.18,Remittance,Hawala Network,0.18,False
TX0002689,2021-01-07,2021,Jammu and Kashmir,Kerala,ACC993029,ACC880052,38720.7,Trade Invoice Payment,Crypto Exchange,0.11,False
TX0002690,2021-10-01,2021,Maharashtra,West Bengal,ACC732453,ACC961118,89296.45,Trade Invoice Payment,UPI,0.28,False
TX0002691,2023-12-07,2023,Gujarat,Rajasthan,ACC246259,ACC257014,431652.5,Trade Invoice Payment,Bank Transfer,0.29,False
TX0002692,2023-03-09,2023,Madhya Pradesh,Madhya Pradesh,ACC115193,ACC545682,114303.77,Cash Deposit,Bank Transfer,0.07,False
TX0002693,2018-03-01,2018,Gujarat,Bihar,ACC375205,ACC396020,18950.03,Remittance,Crypto Exchange,0.22,False
TX0002694,2023-03-01,2023,Punjab,Gujarat,ACC233204,ACC598795,102233.49,Cash Deposit,Cash,0.12,False
TX0002695,2023-06-07,2023,Uttar Pradesh,Punjab,ACC152083,ACC252548,72146.86,Hawala-linked Transfer,Cash,0.7,True
TX0002696,2021-02-07,2021,Haryana,Tamil Nadu,ACC158356,ACC574284,30686.75,Remittance,Hawala Network,0.16,False
TX0002697,2021-12-05,2021,Karnataka,Punjab,ACC197237,ACC116123,23292.33,Hawala-linked Transfer,UPI,0.66,True
TX0002698,2019-07-02,2019,Mizoram,Uttar Pradesh,ACC651927,ACC209142,94303.21,Shell Company Transfer,Hawala Network,0.58,False
TX0002699,2018-04-23,2018,Punjab,Uttar Pradesh,ACC172961,ACC316669,169963.21,Crypto Off-ramp,Hawala Network,0.75,True
TX0002700,2024-02-25,2024,Delhi,Maharashtra,ACC932868,ACC428224,38660.22,Crypto Off-ramp,Cash,0.58,False
TX0002701,2018-05-17,2018,Maharashtra,Andhra Pradesh,ACC591641,ACC699263,43630.27,Trade Invoice Payment,Cash,0.11,False
TX0002702,2019-06-13,2019,Tamil Nadu,Odisha,ACC714497,ACC668851,80057.69,Shell Company Transfer,Cash,0.74,True
TX0002703,2020-02-24,2020,Haryana,Odisha,ACC347711,ACC410758,51178.99,Trade Invoice Payment,UPI,0.12,False
TX0002704,2018-04-03,2018,Madhya Pradesh,Delhi,ACC191243,ACC614104,456808.2,Hawala-linked Transfer,Hawala Network,0.64,False
TX0002705,2019-09-19,2019,Kerala,Odisha,ACC657541,ACC706855,209888.82,Trade Invoice Payment,Cash,0.12,False
TX0002706,2019-10-02,2019,Madhya Pradesh,Maharashtra,ACC981880,ACC428932,509678.44,Remittance,Cash,0.17,False
TX0002707,2021-03-24,2021,Rajasthan,Bihar,ACC842252,ACC614738,73023.19,Cash Deposit,Hawala Network,0.19,False
TX0002708,2021-03-27,2021,Maharashtra,Karnataka,ACC626535,ACC271791,88489.84,Remittance,Crypto Exchange,0.29,False
TX0002709,2024-09-10,2024,Maharashtra,Manipur,ACC702832,ACC253768,167405.11,Trade Invoice Payment,Cash,0.2,False
TX0002710,2019-09-08,2019,Andhra Pradesh,Punjab,ACC827520,ACC440610,139662.81,Hawala-linked Transfer,Hawala Network,0.72,True
TX0002711,2021-02-26,2021,Madhya Pradesh,Punjab,ACC845457,ACC973049,111461.45,Shell Company Transfer,UPI,0.68,True
TX0002712,2018-04-19,2018,Uttar Pradesh,Karnataka,ACC481728,ACC478252,193843.54,Remittance,Crypto Exchange,0.13,False
TX0002713,2022-07-15,2022,Madhya Pradesh,Gujarat,ACC522024,ACC226079,1227848.63,Trade Invoice Payment,Crypto Exchange,0.12,False
TX0002714,2022-07-13,2022,Jammu and Kashmir,Tamil Nadu,ACC433466,ACC115089,40797.52,Trade Invoice Payment,UPI,0.11,False
TX0002715,2024-09-27,2024,Telangana,Gujarat,ACC592956,ACC441710,121160.51,Cash Deposit,UPI,0.23,False
TX0002716,2022-12-23,2022,Karnataka,Jammu and Kashmir,ACC173076,ACC414313,122048.34,Cash Deposit,Crypto Exchange,0.26,False
TX0002717,2019-03-09,2019,Manipur,Manipur,ACC520401,ACC844549,53041.84,Remittance,UPI,0.08,False
TX0002718,2018-08-24,2018,Tamil Nadu,Karnataka,ACC221946,ACC197488,2357238.12,Remittance,UPI,0.44,False
TX0002719,2024-02-10,2024,Odisha,Bihar,ACC119253,ACC850314,92849.18,Shell Company Transfer,Cash,0.56,False
TX0002720,2021-05-24,2021,Bihar,Mizoram,ACC153848,ACC992673,148924.34,Hawala-linked Transfer,UPI,0.69,True
TX0002721,2020-12-09,2020,Maharashtra,Karnataka,ACC132085,ACC159765,220583.54,Remittance,Bank Transfer,0.29,False
TX0002722,2024-07-02,2024,Kerala,Tamil Nadu,ACC635385,ACC359478,357323.18,Remittance,Bank Transfer,0.23,False
TX0002723,2020-06-21,2020,Bihar,Punjab,ACC691082,ACC290191,40106.27,Remittance,Cash,0.2,False
TX0002724,2022-04-22,2022,Maharashtra,Uttar Pradesh,ACC803442,ACC772713,29932.19,Remittance,Cash,0.15,False
TX0002725,2020-04-17,2020,Rajasthan,Jammu and Kashmir,ACC724248,ACC897871,115131.76,Hawala-linked Transfer,Crypto Exchange,0.66,True
TX0002726,2022-01-15,2022,Gujarat,Assam,ACC380735,ACC603697,38848.21,Shell Company Transfer,Hawala Network,0.69,True
TX0002727,2018-08-23,2018,West Bengal,Andhra Pradesh,ACC936916,ACC591899,6004.7,Hawala-linked Transfer,Cash,0.73,True
TX0002728,2023-06-15,2023,Tamil Nadu,Bihar,ACC541889,ACC424218,6832.43,Shell Company Transfer,Hawala Network,0.67,True
TX0002729,2024-01-18,2024,Delhi,Tamil Nadu,ACC452388,ACC985155,91838.84,Shell Company Transfer,UPI,0.69,True
TX0002730,2023-03-21,2023,Mizoram,Karnataka,ACC565885,ACC693027,107508.47,Hawala-linked Transfer,Bank Transfer,0.75,True
TX0002731,2018-05-06,2018,Odisha,Uttar Pradesh,ACC809801,ACC251909,47312.11,Hawala-linked Transfer,Cash,0.73,True
TX0002732,2023-08-25,2023,Andhra Pradesh,Telangana,ACC790847,ACC928984,555641.12,Trade Invoice Payment,UPI,0.26,False
TX0002733,2021-08-07,2021,Odisha,Manipur,ACC289801,ACC513259,75042.85,Remittance,Crypto Exchange,0.29,False
TX0002734,2024-01-19,2024,Andhra Pradesh,West Bengal,ACC745212,ACC215885,96164.81,Trade Invoice Payment,Crypto Exchange,0.18,False
TX0002735,2024-01-04,2024,Kerala,Haryana,ACC341322,ACC958787,165487.92,Trade Invoice Payment,Bank Transfer,0.24,False
TX0002736,2018-10-07,2018,Madhya Pradesh,Andhra Pradesh,ACC921733,ACC419675,52696.28,Cash Deposit,Hawala Network,0.22,False
TX0002737,2018-02-01,2018,Mizoram,Kerala,ACC905881,ACC767110,55377.98,Cash Deposit,Cash,0.22,False
TX0002738,2020-01-11,2020,Jammu and Kashmir,Haryana,ACC975072,ACC644896,112284.71,Trade Invoice Payment,Crypto Exchange,0.12,False
TX0002739,2021-04-26,2021,Telangana,Andhra Pradesh,ACC179107,ACC771834,35908.99,Trade Invoice Payment,Bank Transfer,0.28,False
TX0002740,2022-11-13,2022,Andhra Pradesh,Punjab,ACC975574,ACC902973,98460.01,Remittance,Hawala Network,0.25,False
TX0002741,2024-09-02,2024,Andhra Pradesh,Assam,ACC571049,ACC557634,281216.12,Hawala-linked Transfer,Cash,0.68,True
TX0002742,2018-04-05,2018,West Bengal,Tamil Nadu,ACC970632,ACC300020,73292.4,Cash Deposit,Hawala Network,0.17,False
TX0002743,2024-01-09,2024,Tamil Nadu,Assam,ACC169987,ACC909439,29099.95,Shell Company Transfer,Bank Transfer,0.61,False
TX0002744,2022-06-14,2022,Kerala,Tamil Nadu,ACC326373,ACC405627,2266991.26,Hawala-linked Transfer,Hawala Network,0.99,True
TX0002745,2020-04-04,2020,Bihar,Odisha,ACC687956,ACC403142,107328.46,Hawala-linked Transfer,Cash,0.7,True
TX0002746,2022-09-06,2022,Gujarat,Haryana,ACC522742,ACC250522,443391.08,Shell Company Transfer,Crypto Exchange,0.57,False
TX0002747,2019-01-20,2019,Tamil Nadu,Punjab,ACC202625,ACC326644,91100.59,Trade Invoice Payment,UPI,0.11,False
TX0002748,2023-06-24,2023,Mizoram,West Bengal,ACC133395,ACC828679,21589.32,Shell Company Transfer,Crypto Exchange,0.57,False
TX0002749,2023-10-20,2023,Rajasthan,Assam,ACC821606,ACC746830,60875.66,Remittance,Crypto Exchange,0.25,False
TX0002750,2022-07-23,2022,Karnataka,Rajasthan,ACC886955,ACC109537,26495.59,Remittance,Hawala Network,0.22,False
TX0002751,2019-09-03,2019,Rajasthan,Assam,ACC645097,ACC728926,58016.06,Cash Deposit,Bank Transfer,0.28,False
TX0002752,2024-08-22,2024,Mizoram,Assam,ACC785910,ACC552918,151227.93,Remittance,Crypto Exchange,0.2,False
TX0002753,2023-08-16,2023,Uttar Pradesh,Uttar Pradesh,ACC381898,ACC190346,51880.81,Trade Invoice Payment,Bank Transfer,0.1,False
TX0002754,2023-02-11,2023,Haryana,Uttar Pradesh,ACC456757,ACC749006,23938.69,Trade Invoice Payment,Hawala Network,0.11,False
TX0002755,2022-04-27,2022,Madhya Pradesh,Maharashtra,ACC700173,ACC590147,111990.31,Trade Invoice Payment,Bank Transfer,0.21,False
TX0002756,2018-07-01,2018,Bihar,Karnataka,ACC661950,ACC790054,59290.41,Shell Company Transfer,Bank Transfer,0.72,True
TX0002757,2019-03-16,2019,Kerala,Uttar Pradesh,ACC961688,ACC692416,39227.52,Cash Deposit,Crypto Exchange,0.27,False
TX0002758,2019-09-24,2019,Kerala,Bihar,ACC678322,ACC192468,2862587.04,Hawala-linked Transfer,Cash,0.93,True
TX0002759,2020-01-26,2020,Jammu and Kashmir,Madhya Pradesh,ACC189622,ACC716007,26089.0,Trade Invoice Payment,Crypto Exchange,0.11,False
TX0002760,2020-11-08,2020,Manipur,West Bengal,ACC850609,ACC253311,249416.91,Trade Invoice Payment,Cash,0.29,False
TX0002761,2024-09-26,2024,Manipur,Gujarat,ACC573106,ACC533782,18006.22,Trade Invoice Payment,Hawala Network,0.17,False
TX0002762,2021-04-21,2021,Punjab,Tamil Nadu,ACC958199,ACC366724,97102.76,Remittance,Cash,0.29,False
TX0002763,2019-05-09,2019,Delhi,Madhya Pradesh,ACC268849,ACC458568,192406.21,Trade Invoice Payment,Bank Transfer,0.18,False
TX0002764,2023-12-06,2023,Jammu and Kashmir,Tamil Nadu,ACC858646,ACC228689,30017.75,Remittance,Hawala Network,0.28,False
TX0002765,2019-11-04,2019,Delhi,Telangana,ACC601864,ACC913836,252024.31,Hawala-linked Transfer,Hawala Network,0.74,True
TX0002766,2019-02-14,2019,Tamil Nadu,Delhi,ACC357977,ACC725433,134591.16,Remittance,Crypto Exchange,0.28,False
TX0002767,2023-06-20,2023,West Bengal,Odisha,ACC520157,ACC568843,22179.24,Trade Invoice Payment,Bank Transfer,0.17,False
TX0002768,2019-08-16,2019,Maharashtra,West Bengal,ACC226923,ACC211814,136112.32,Cash Deposit,Crypto Exchange,0.16,False
TX0002769,2021-04-21,2021,Maharashtra,Tamil Nadu,ACC790930,ACC640659,214918.62,Trade Invoice Payment,Crypto Exchange,0.17,False
TX0002770,2023-09-27,2023,Bihar,Uttar Pradesh,ACC230579,ACC746446,153227.22,Trade Invoice Payment,Crypto Exchange,0.24,False
TX0002771,2023-06-09,2023,Uttar Pradesh,Bihar,ACC399453,ACC327678,125754.16,Hawala-linked Transfer,Hawala Network,0.74,True
TX0002772,2018-05-12,2018,Assam,Odisha,ACC708725,ACC830823,137070.51,Remittance,Bank Transfer,0.12,False
TX0002773,2021-02-03,2021,Madhya Pradesh,Telangana,ACC236318,ACC319229,21967.47,Cash Deposit,Hawala Network,0.2,False
TX0002774,2021-06-07,2021,Delhi,Mizoram,ACC204575,ACC581267,35979.98,Trade Invoice Payment,Crypto Exchange,0.11,False
TX0002775,2019-04-05,2019,Bihar,Manipur,ACC269339,ACC980928,23391.8,Shell Company Transfer,UPI,0.7,True
TX0002776,2024-02-06,2024,Rajasthan,Haryana,ACC412378,ACC961882,56151.12,Cash Deposit,Cash,0.29,False
TX0002777,2023-12-17,2023,Tamil Nadu,Telangana,ACC906605,ACC549880,78606.63,Trade Invoice Payment,Cash,0.28,False
TX0002778,2020-10-13,2020,Bihar,Telangana,ACC772655,ACC722523,61971.27,Shell Company Transfer,Hawala Network,0.57,False
TX0002779,2019-04-27,2019,Jammu and Kashmir,Odisha,ACC789160,ACC914310,878166.58,Hawala-linked Transfer,Bank Transfer,0.66,True
TX0002780,2024-05-14,2024,West Bengal,Manipur,ACC711864,ACC119298,146271.98,Shell Company Transfer,UPI,0.63,False
TX0002781,2023-04-02,2023,Delhi,Odisha,ACC900972,ACC221417,199377.91,Crypto Off-ramp,Cash,0.71,True
TX0002782,2018-08-07,2018,Karnataka,Bihar,ACC269664,ACC257279,320044.55,Hawala-linked Transfer,Crypto Exchange,0.61,False
TX0002783,2021-06-01,2021,Delhi,West Bengal,ACC169454,ACC276561,77729.03,Crypto Off-ramp,UPI,0.65,True
TX0002784,2021-01-15,2021,Madhya Pradesh,Odisha,ACC783016,ACC458387,37406.34,Remittance,Cash,0.14,False
TX0002785,2019-07-12,2019,Andhra Pradesh,Rajasthan,ACC457219,ACC922559,119361.37,Remittance,UPI,0.25,False
TX0002786,2021-10-21,2021,Madhya Pradesh,Assam,ACC756708,ACC782226,134330.08,Trade Invoice Payment,Bank Transfer,0.18,False
TX0002787,2022-12-06,2022,Madhya Pradesh,Karnataka,ACC849026,ACC715149,68037.29,Trade Invoice Payment,Bank Transfer,0.14,False
TX0002788,2019-09-24,2019,Telangana,Rajasthan,ACC310006,ACC217536,110140.09,Cash Deposit,Bank Transfer,0.28,False
TX0002789,2018-06-08,2018,Rajasthan,Manipur,ACC971306,ACC326210,125807.44,Shell Company Transfer,Cash,0.63,False
TX0002790,2019-01-24,2019,Madhya Pradesh,Rajasthan,ACC841825,ACC334921,1038784.66,Remittance,UPI,0.17,False
TX0002791,2023-03-07,2023,Assam,Haryana,ACC223855,ACC254916,55758.41,Shell Company Transfer,Bank Transfer,0.56,False
TX0002792,2021-02-23,2021,Kerala,Mizoram,ACC409529,ACC253162,46147.43,Remittance,Crypto Exchange,0.19,False
TX0002793,2019-09-23,2019,Tamil Nadu,West Bengal,ACC153255,ACC323938,1550366.3,Shell Company Transfer,UPI,0.59,False
TX0002794,2018-11-03,2018,Manipur,Tamil Nadu,ACC572592,ACC915862,323161.19,Shell Company Transfer,Cash,0.73,True
TX0002795,2024-11-21,2024,Telangana,West Bengal,ACC899442,ACC356905,25621.69,Trade Invoice Payment,UPI,0.29,False
TX0002796,2019-06-03,2019,Gujarat,Delhi,ACC578327,ACC855169,358572.27,Cash Deposit,Bank Transfer,0.15,False
TX0002797,2022-02-08,2022,Karnataka,Uttar Pradesh,ACC978488,ACC130405,127517.33,Remittance,Crypto Exchange,0.23,False
TX0002798,2024-11-21,2024,Odisha,Manipur,ACC246927,ACC541696,260224.04,Remittance,Hawala Network,0.29,False
TX0002799,2024-06-22,2024,Andhra Pradesh,Madhya Pradesh,ACC555920,ACC191567,414231.4,Shell Company Transfer,Bank Transfer,0.63,False
TX0002800,2021-04-22,2021,Mizoram,Gujarat,ACC750813,ACC282894,103318.06,Remittance,Cash,0.19,False
TX0002801,2022-02-18,2022,Assam,Assam,ACC287533,ACC969842,202741.12,Trade Invoice Payment,Crypto Exchange,0.04,False
TX0002802,2019-06-12,2019,Madhya Pradesh,Odisha,ACC136094,ACC565464,96201.17,Hawala-linked Transfer,UPI,0.63,False
TX0002803,2024-03-04,2024,Karnataka,Assam,ACC744450,ACC324096,252979.69,Trade Invoice Payment,Hawala Network,0.13,False
TX0002804,2021-04-21,2021,Uttar Pradesh,Haryana,ACC897929,ACC481530,91921.43,Crypto Off-ramp,Hawala Network,0.65,True
TX0002805,2021-08-27,2021,Delhi,Andhra Pradesh,ACC954622,ACC568560,380797.59,Shell Company Transfer,UPI,0.74,True
TX0002806,2022-11-22,2022,Andhra Pradesh,Rajasthan,ACC134807,ACC195201,845164.43,Trade Invoice Payment,UPI,0.14,False
TX0002807,2024-01-11,2024,Mizoram,Jammu and Kashmir,ACC694569,ACC135338,13209.46,Cash Deposit,Crypto Exchange,0.11,False
TX0002808,2019-09-05,2019,Uttar Pradesh,Haryana,ACC525809,ACC467140,402154.93,Cash Deposit,Bank Transfer,0.17,False
TX0002809,2023-03-04,2023,Maharashtra,Maharashtra,ACC263689,ACC991446,28195.67,Trade Invoice Payment,Bank Transfer,0.14,False
TX0002810,2018-05-10,2018,Haryana,Manipur,ACC588665,ACC652742,152810.82,Trade Invoice Payment,Hawala Network,0.19,False
TX0002811,2021-12-10,2021,Haryana,Gujarat,ACC523524,ACC978529,332854.05,Cash Deposit,UPI,0.22,False
TX0002812,2020-05-13,2020,Kerala,Karnataka,ACC329151,ACC120409,31773.33,Trade Invoice Payment,Crypto Exchange,0.12,False
TX0002813,2019-01-19,2019,Jammu and Kashmir,Rajasthan,ACC569383,ACC380965,172622.68,Shell Company Transfer,Cash,0.66,True
TX0002814,2022-06-21,2022,Delhi,Rajasthan,ACC930889,ACC574033,21944.33,Cash Deposit,UPI,0.23,False
TX0002815,2018-02-13,2018,Tamil Nadu,Maharashtra,ACC795642,ACC288221,60560.09,Remittance,Bank Transfer,0.19,False
TX0002816,2021-10-10,2021,Delhi,Haryana,ACC176483,ACC312478,22508.85,Remittance,Cash,0.2,False
TX0002817,2022-03-01,2022,Manipur,Bihar,ACC234548,ACC256889,55315.82,Cash Deposit,Crypto Exchange,0.15,False
TX0002818,2023-09-06,2023,Karnataka,Odisha,ACC265523,ACC733166,110865.12,Cash Deposit,Cash,0.1,False
TX0002819,2018-12-09,2018,Uttar Pradesh,Mizoram,ACC574169,ACC259337,173292.73,Remittance,UPI,0.3,False
TX0002820,2022-08-05,2022,Karnataka,Manipur,ACC290551,ACC424312,283340.76,Cash Deposit,Hawala Network,0.1,False
TX0002821,2021-04-12,2021,Madhya Pradesh,Andhra Pradesh,ACC394972,ACC567970,84008.74,Shell Company Transfer,UPI,0.7,True
TX0002822,2021-01-04,2021,Manipur,Telangana,ACC476196,ACC583880,45237.9,Hawala-linked Transfer,UPI,0.69,True
TX0002823,2020-12-17,2020,Odisha,Delhi,ACC436450,ACC192582,51537.17,Crypto Off-ramp,Hawala Network,0.66,True
TX0002824,2024-12-19,2024,Manipur,Rajasthan,ACC449049,ACC474743,122797.91,Remittance,Bank Transfer,0.2,False
TX0002825,2023-08-16,2023,Rajasthan,Assam,ACC255607,ACC155880,169401.75,Trade Invoice Payment,Hawala Network,0.16,False
TX0002826,2020-11-05,2020,Haryana,Mizoram,ACC969715,ACC815688,92345.23,Cash Deposit,Hawala Network,0.19,False
TX0002827,2021-01-20,2021,Bihar,West Bengal,ACC369494,ACC197046,104159.7,Trade Invoice Payment,Hawala Network,0.3,False
TX0002828,2024-03-17,2024,Rajasthan,Telangana,ACC225962,ACC147199,88567.29,Trade Invoice Payment,Bank Transfer,0.12,False
TX0002829,2021-03-03,2021,Kerala,Tamil Nadu,ACC698946,ACC365461,126190.65,Remittance,Hawala Network,0.28,False
TX0002830,2024-09-02,2024,Delhi,Karnataka,ACC510131,ACC418073,353881.29,Remittance,Cash,0.26,False
TX0002831,2021-09-19,2021,Uttar Pradesh,Uttar Pradesh,ACC951947,ACC291008,891954.0,Trade Invoice Payment,Crypto Exchange,0.04,False
TX0002832,2019-11-21,2019,Karnataka,Manipur,ACC621667,ACC913698,38893.99,Shell Company Transfer,UPI,0.65,True
TX0002833,2022-10-07,2022,Gujarat,Telangana,ACC752355,ACC765272,1159009.46,Trade Invoice Payment,UPI,0.18,False
TX0002834,2021-10-10,2021,Mizoram,Tamil Nadu,ACC817426,ACC243181,137864.45,Remittance,Bank Transfer,0.23,False
TX0002835,2024-01-21,2024,Karnataka,Mizoram,ACC120116,ACC908781,23215.13,Trade Invoice Payment,Cash,0.23,False
TX0002836,2023-12-21,2023,Tamil Nadu,Gujarat,ACC273952,ACC872552,184593.23,Trade Invoice Payment,Crypto Exchange,0.18,False
TX0002837,2018-06-17,2018,Gujarat,Odisha,ACC805199,ACC543419,38465.29,Cash Deposit,Hawala Network,0.14,False
TX0002838,2022-11-05,2022,Punjab,Haryana,ACC892414,ACC923037,99357.52,Cash Deposit,UPI,0.27,False
TX0002839,2019-04-24,2019,Rajasthan,Andhra Pradesh,ACC798125,ACC723027,31935.83,Cash Deposit,Cash,0.16,False
TX0002840,2022-10-20,2022,Gujarat,Madhya Pradesh,ACC484246,ACC918641,240272.57,Hawala-linked Transfer,Crypto Exchange,0.62,False
TX0002841,2023-07-23,2023,Karnataka,Rajasthan,ACC305389,ACC398212,517939.2,Remittance,Crypto Exchange,0.28,False
TX0002842,2024-04-22,2024,Gujarat,Jammu and Kashmir,ACC176213,ACC172229,657229.38,Trade Invoice Payment,Bank Transfer,0.17,False
TX0002843,2022-06-24,2022,Rajasthan,Karnataka,ACC250162,ACC841502,36615.08,Shell Company Transfer,Cash,0.74,True
TX0002844,2023-10-10,2023,Karnataka,West Bengal,ACC971468,ACC993887,33921.95,Remittance,Cash,0.26,False
TX0002845,2019-03-22,2019,Madhya Pradesh,Tamil Nadu,ACC292322,ACC662817,97345.49,Shell Company Transfer,Hawala Network,0.69,True
TX0002846,2022-03-26,2022,Mizoram,Punjab,ACC245397,ACC504935,168783.6,Trade Invoice Payment,UPI,0.18,False
TX0002847,2020-05-22,2020,Jammu and Kashmir,Rajasthan,ACC628581,ACC158472,39443.37,Remittance,Bank Transfer,0.18,False
TX0002848,2024-07-11,2024,Telangana,Haryana,ACC606416,ACC358164,84808.87,Cash Deposit,Cash,0.23,False
TX0002849,2019-05-16,2019,Haryana,Odisha,ACC399517,ACC811819,48643.16,Cash Deposit,Bank Transfer,0.25,False
TX0002850,2018-01-10,2018,Maharashtra,Tamil Nadu,ACC834068,ACC707434,33655.48,Shell Company Transfer,Bank Transfer,0.72,True
TX0002851,2018-12-08,2018,Telangana,Tamil Nadu,ACC310542,ACC980440,89238.63,Hawala-linked Transfer,Hawala Network,0.65,True
TX0002852,2018-05-10,2018,Kerala,Andhra Pradesh,ACC728769,ACC377522,291498.35,Cash Deposit,UPI,0.27,False
TX0002853,2020-07-08,2020,Assam,Jammu and Kashmir,ACC434239,ACC885469,342790.95,Trade Invoice Payment,Cash,0.26,False
TX0002854,2019-04-27,2019,Delhi,Haryana,ACC980261,ACC705031,58188.83,Trade Invoice Payment,Cash,0.18,False
TX0002855,2018-05-17,2018,Mizoram,Jammu and Kashmir,ACC802714,ACC654023,42457.09,Remittance,Crypto Exchange,0.14,False
TX0002856,2022-06-04,2022,Haryana,Tamil Nadu,ACC640582,ACC715795,624954.75,Trade Invoice Payment,Cash,0.21,False
TX0002857,2019-01-21,2019,Kerala,Rajasthan,ACC501220,ACC656264,31666.62,Trade Invoice Payment,Crypto Exchange,0.2,False
TX0002858,2020-06-05,2020,Telangana,Telangana,ACC562987,ACC237680,90616.09,Trade Invoice Payment,Cash,0.11,False
TX0002859,2022-11-18,2022,Manipur,Odisha,ACC234923,ACC350756,304579.7,Trade Invoice Payment,UPI,0.22,False
TX0002860,2018-07-04,2018,Andhra Pradesh,Andhra Pradesh,ACC813918,ACC974290,163017.18,Remittance,UPI,0.01,False
TX0002861,2021-08-06,2021,Kerala,Delhi,ACC904443,ACC803062,48666.74,Cash Deposit,Cash,0.12,False
TX0002862,2024-10-12,2024,Bihar,Rajasthan,ACC217241,ACC911188,123269.1,Hawala-linked Transfer,Crypto Exchange,0.74,True
TX0002863,2024-10-01,2024,Rajasthan,Haryana,ACC600124,ACC927952,32330.26,Hawala-linked Transfer,Hawala Network,0.69,True
TX0002864,2020-04-19,2020,Delhi,Manipur,ACC405557,ACC106726,74049.25,Hawala-linked Transfer,Cash,0.58,False
TX0002865,2023-10-06,2023,Assam,Assam,ACC999155,ACC349147,54915.44,Cash Deposit,UPI,0.13,False
TX0002866,2018-12-05,2018,Madhya Pradesh,Haryana,ACC378616,ACC579662,78152.22,Hawala-linked Transfer,Bank Transfer,0.74,True
TX0002867,2020-08-04,2020,Jammu and Kashmir,Rajasthan,ACC971952,ACC965345,319603.64,Hawala-linked Transfer,Bank Transfer,0.57,False
TX0002868,2022-09-25,2022,Maharashtra,Maharashtra,ACC459184,ACC915041,19361.28,Crypto Off-ramp,UPI,0.51,False
TX0002869,2018-01-25,2018,Karnataka,Kerala,ACC648870,ACC600705,107825.15,Remittance,Crypto Exchange,0.1,False
TX0002870,2021-12-05,2021,Delhi,Uttar Pradesh,ACC260163,ACC968547,1046695.51,Trade Invoice Payment,Bank Transfer,0.24,False
TX0002871,2022-01-15,2022,Punjab,West Bengal,ACC878818,ACC435894,99253.3,Trade Invoice Payment,Hawala Network,0.28,False
TX0002872,2018-01-19,2018,Bihar,Karnataka,ACC141819,ACC391140,226912.48,Trade Invoice Payment,Hawala Network,0.17,False
TX0002873,2019-02-16,2019,Uttar Pradesh,Jammu and Kashmir,ACC818067,ACC970228,206736.66,Remittance,UPI,0.13,False
TX0002874,2018-08-26,2018,Odisha,West Bengal,ACC547077,ACC286680,11477.61,Trade Invoice Payment,UPI,0.22,False
TX0002875,2024-07-01,2024,Uttar Pradesh,Manipur,ACC230439,ACC954758,12943.17,Trade Invoice Payment,Crypto Exchange,0.3,False
TX0002876,2020-12-18,2020,Kerala,Haryana,ACC688108,ACC504406,61064.99,Shell Company Transfer,Bank Transfer,0.73,True
TX0002877,2020-08-02,2020,Assam,Jammu and Kashmir,ACC806454,ACC198487,116440.66,Cash Deposit,Bank Transfer,0.14,False
TX0002878,2019-02-07,2019,Punjab,Manipur,ACC667203,ACC300880,7704.66,Remittance,Cash,0.17,False
TX0002879,2019-12-16,2019,Manipur,Kerala,ACC758950,ACC648940,27806.86,Remittance,Hawala Network,0.1,False
TX0002880,2022-04-25,2022,Odisha,Delhi,ACC199751,ACC354270,29785.75,Remittance,UPI,0.2,False
TX0002881,2021-01-05,2021,Andhra Pradesh,Mizoram,ACC846433,ACC127052,28956.52,Cash Deposit,Cash,0.13,False
TX0002882,2023-01-17,2023,Karnataka,Delhi,ACC899060,ACC224019,399422.77,Remittance,Bank Transfer,0.24,False
TX0002883,2023-09-10,2023,West Bengal,West Bengal,ACC912338,ACC444803,34928.72,Cash Deposit,Hawala Network,0.08,False
TX0002884,2021-10-05,2021,Punjab,Uttar Pradesh,ACC967239,ACC331555,36443.29,Remittance,Bank Transfer,0.22,False
TX0002885,2022-12-04,2022,Andhra Pradesh,Odisha,ACC144488,ACC397327,20500.99,Shell Company Transfer,Crypto Exchange,0.7,True
TX0002886,2023-10-24,2023,Maharashtra,Punjab,ACC236253,ACC216914,440307.58,Trade Invoice Payment,Cash,0.12,False
TX0002887,2018-06-08,2018,Jammu and Kashmir,Andhra Pradesh,ACC113929,ACC651000,25042.0,Trade Invoice Payment,Hawala Network,0.19,False
TX0002888,2019-01-18,2019,Madhya Pradesh,Uttar Pradesh,ACC699818,ACC470359,257424.29,Cash Deposit,Bank Transfer,0.1,False
TX0002889,2020-03-15,2020,Mizoram,Bihar,ACC556361,ACC356654,72676.64,Cash Deposit,Cash,0.24,False
TX0002890,2018-03-01,2018,Manipur,Punjab,ACC140203,ACC182827,58138.8,Shell Company Transfer,Cash,0.69,True
TX0002891,2023-12-17,2023,Telangana,Mizoram,ACC307249,ACC738996,22345.36,Cash Deposit,UPI,0.27,False
TX0002892,2018-05-16,2018,Gujarat,Odisha,ACC491898,ACC185950,144135.62,Cash Deposit,Hawala Network,0.15,False
TX0002893,2021-06-01,2021,West Bengal,Tamil Nadu,ACC379813,ACC511564,56831.43,Trade Invoice Payment,Bank Transfer,0.12,False
TX0002894,2019-01-01,2019,Odisha,Delhi,ACC259018,ACC304340,104989.36,Shell Company Transfer,Bank Transfer,0.6,False
TX0002895,2019-12-06,2019,Uttar Pradesh,Mizoram,ACC377902,ACC744713,83221.01,Shell Company Transfer,Bank Transfer,0.62,False
TX0002896,2020-06-13,2020,Karnataka,Tamil Nadu,ACC103569,ACC690119,96697.0,Remittance,Hawala Network,0.15,False
TX0002897,2020-08-16,2020,Madhya Pradesh,Assam,ACC196868,ACC132524,36018.13,Shell Company Transfer,Hawala Network,0.74,True
TX0002898,2021-12-10,2021,Kerala,Rajasthan,ACC960315,ACC928026,162365.23,Cash Deposit,UPI,0.21,False
TX0002899,2022-08-25,2022,Maharashtra,Kerala,ACC322271,ACC581977,81019.58,Trade Invoice Payment,Hawala Network,0.28,False
TX0002900,2020-05-17,2020,Madhya Pradesh,Assam,ACC953244,ACC674585,10941.55,Trade Invoice Payment,UPI,0.22,False
TX0002901,2024-12-22,2024,Gujarat,Karnataka,ACC715474,ACC961624,128609.91,Shell Company Transfer,UPI,0.75,True
TX0002902,2019-09-23,2019,Punjab,Mizoram,ACC662361,ACC906713,138627.37,Shell Company Transfer,UPI,0.74,True
TX0002903,2023-05-02,2023,Haryana,Rajasthan,ACC550972,ACC217161,105010.27,Remittance,Bank Transfer,0.14,False
TX0002904,2021-05-26,2021,Manipur,Haryana,ACC988493,ACC983450,81430.74,Cash Deposit,Crypto Exchange,0.29,False
TX0002905,2024-08-12,2024,Jammu and Kashmir,Uttar Pradesh,ACC822538,ACC583342,113468.29,Shell Company Transfer,Crypto Exchange,0.62,False
TX0002906,2024-01-13,2024,Madhya Pradesh,Rajasthan,ACC512208,ACC199856,70986.99,Remittance,Crypto Exchange,0.15,False
TX0002907,2022-11-07,2022,Madhya Pradesh,Tamil Nadu,ACC132267,ACC127677,9171.19,Hawala-linked Transfer,UPI,0.55,False
TX0002908,2021-09-06,2021,Andhra Pradesh,West Bengal,ACC466537,ACC969664,337518.87,Remittance,Cash,0.21,False
TX0002909,2022-01-06,2022,Delhi,Maharashtra,ACC658460,ACC875384,1102851.4,Crypto Off-ramp,Bank Transfer,0.64,False
TX0002910,2022-10-02,2022,Manipur,Madhya Pradesh,ACC498362,ACC574083,22629.67,Remittance,Hawala Network,0.28,False
TX0002911,2022-02-22,2022,Rajasthan,Bihar,ACC443335,ACC661847,77976.5,Hawala-linked Transfer,Hawala Network,0.72,True
TX0002912,2021-06-23,2021,Telangana,Mizoram,ACC189829,ACC811332,101906.82,Trade Invoice Payment,UPI,0.28,False
TX0002913,2021-12-23,2021,Rajasthan,Jammu and Kashmir,ACC859921,ACC605708,1493689.61,Cash Deposit,UPI,0.29,False
TX0002914,2022-02-27,2022,West Bengal,Haryana,ACC865748,ACC225500,28779.89,Remittance,Bank Transfer,0.13,False
TX0002915,2018-11-21,2018,Madhya Pradesh,Odisha,ACC242366,ACC113270,100048.52,Remittance,UPI,0.19,False
TX0002916,2022-05-27,2022,Manipur,Jammu and Kashmir,ACC645232,ACC586928,74551.98,Trade Invoice Payment,Hawala Network,0.15,False
TX0002917,2021-01-07,2021,Telangana,Odisha,ACC286074,ACC118422,368178.93,Hawala-linked Transfer,Hawala Network,0.59,False
TX0002918,2023-07-18,2023,Kerala,West Bengal,ACC362342,ACC501860,77020.29,Hawala-linked Transfer,Hawala Network,0.62,False
TX0002919,2021-08-19,2021,Madhya Pradesh,West Bengal,ACC676940,ACC156626,78293.97,Shell Company Transfer,Bank Transfer,0.57,False
TX0002920,2018-09-01,2018,Bihar,Telangana,ACC305316,ACC757397,53775.61,Shell Company Transfer,Cash,0.6,False
TX0002921,2024-06-10,2024,Rajasthan,Mizoram,ACC698937,ACC253235,89443.21,Cash Deposit,Hawala Network,0.28,False
TX0002922,2024-09-04,2024,Manipur,Karnataka,ACC621929,ACC671106,20179.47,Trade Invoice Payment,Bank Transfer,0.13,False
TX0002923,2021-12-08,2021,Haryana,West Bengal,ACC358427,ACC979765,126287.51,Crypto Off-ramp,UPI,0.56,False
TX0002924,2023-04-07,2023,Rajasthan,Telangana,ACC333782,ACC996633,22170.3,Remittance,Hawala Network,0.15,False
TX0002925,2020-07-18,2020,Rajasthan,Andhra Pradesh,ACC608862,ACC307044,31206.05,Shell Company Transfer,UPI,0.65,True
TX0002926,2018-10-15,2018,Madhya Pradesh,West Bengal,ACC972511,ACC125805,105970.2,Remittance,UPI,0.16,False
TX0002927,2022-04-25,2022,Rajasthan,West Bengal,ACC852106,ACC494697,64630.91,Trade Invoice Payment,UPI,0.15,False
TX0002928,2018-04-07,2018,West Bengal,Haryana,ACC739141,ACC981286,255410.41,Remittance,Bank Transfer,0.1,False
TX0002929,2023-07-08,2023,Tamil Nadu,Manipur,ACC694947,ACC436211,69675.16,Shell Company Transfer,Crypto Exchange,0.68,True
TX0002930,2023-01-20,2023,Delhi,Karnataka,ACC225876,ACC374172,169077.04,Trade Invoice Payment,Cash,0.17,False
TX0002931,2019-10-19,2019,Assam,Tamil Nadu,ACC996049,ACC161609,4927.46,Remittance,Bank Transfer,0.29,False
TX0002932,2022-11-22,2022,Andhra Pradesh,Assam,ACC620052,ACC878926,37653.17,Trade Invoice Payment,Cash,0.25,False
TX0002933,2022-05-18,2022,Telangana,Jammu and Kashmir,ACC365102,ACC220564,787334.24,Remittance,UPI,0.14,False
TX0002934,2020-03-01,2020,Mizoram,Tamil Nadu,ACC370147,ACC931959,79970.69,Cash Deposit,Hawala Network,0.3,False
TX0002935,2022-07-04,2022,Manipur,Maharashtra,ACC147704,ACC995113,73634.83,Remittance,Crypto Exchange,0.18,False
TX0002936,2024-01-21,2024,Madhya Pradesh,Tamil Nadu,ACC391254,ACC685929,948108.72,Cash Deposit,Hawala Network,0.27,False
TX0002937,2021-01-11,2021,Punjab,Assam,ACC217429,ACC675862,70321.29,Trade Invoice Payment,Bank Transfer,0.25,False
TX0002938,2020-05-14,2020,Maharashtra,Mizoram,ACC896330,ACC666187,50782.12,Trade Invoice Payment,Crypto Exchange,0.21,False
TX0002939,2018-11-02,2018,Delhi,Maharashtra,ACC544087,ACC998487,250777.03,Shell Company Transfer,Bank Transfer,0.63,False
TX0002940,2021-07-18,2021,Mizoram,Odisha,ACC676615,ACC595082,104944.05,Cash Deposit,Crypto Exchange,0.11,False
TX0002941,2022-06-23,2022,Delhi,West Bengal,ACC160881,ACC358714,1101470.53,Trade Invoice Payment,UPI,0.26,False
TX0002942,2024-08-04,2024,Odisha,Assam,ACC237959,ACC985342,885426.54,Shell Company Transfer,Crypto Exchange,0.68,True
TX0002943,2018-11-01,2018,West Bengal,Tamil Nadu,ACC503126,ACC303438,23260.61,Crypto Off-ramp,Crypto Exchange,0.64,False
TX0002944,2020-10-01,2020,Maharashtra,Odisha,ACC180633,ACC493508,211749.34,Cash Deposit,UPI,0.19,False
TX0002945,2022-12-26,2022,Karnataka,Karnataka,ACC924239,ACC946646,216946.33,Remittance,Hawala Network,0.18,False
TX0002946,2021-09-08,2021,Gujarat,Karnataka,ACC451617,ACC862765,197618.04,Trade Invoice Payment,Cash,0.18,False
TX0002947,2021-07-17,2021,Gujarat,Jammu and Kashmir,ACC859119,ACC595255,323051.47,Trade Invoice Payment,Bank Transfer,0.24,False
TX0002948,2024-06-15,2024,Uttar Pradesh,Maharashtra,ACC354317,ACC832095,209828.98,Hawala-linked Transfer,Bank Transfer,0.75,True
TX0002949,2018-03-11,2018,West Bengal,Maharashtra,ACC922996,ACC285512,51188.22,Cash Deposit,Hawala Network,0.18,False
TX0002950,2021-08-22,2021,Rajasthan,Punjab,ACC954447,ACC378650,11697.52,Trade Invoice Payment,Crypto Exchange,0.16,False
TX0002951,2019-04-19,2019,Jammu and Kashmir,Jammu and Kashmir,ACC758633,ACC884424,229302.8,Remittance,UPI,0.03,False
TX0002952,2020-04-05,2020,West Bengal,Kerala,ACC521075,ACC259055,108031.57,Trade Invoice Payment,UPI,0.2,False
TX0002953,2021-11-26,2021,Delhi,Punjab,ACC141110,ACC630896,353608.4,Remittance,Hawala Network,0.2,False
TX0002954,2018-11-15,2018,Maharashtra,Kerala,ACC538019,ACC719587,192990.17,Remittance,Bank Transfer,0.12,False
TX0002955,2019-09-09,2019,Delhi,Assam,ACC298364,ACC479680,70570.57,Remittance,Crypto Exchange,0.19,False
TX0002956,2019-01-14,2019,Manipur,Karnataka,ACC439864,ACC311978,10421.89,Crypto Off-ramp,Cash,0.69,True
TX0002957,2023-12-10,2023,Punjab,Maharashtra,ACC195660,ACC821043,34311.25,Trade Invoice Payment,UPI,0.18,False
TX0002958,2018-03-01,2018,Rajasthan,Maharashtra,ACC969459,ACC458511,59895.66,Trade Invoice Payment,Hawala Network,0.13,False
TX0002959,2022-01-07,2022,Bihar,Maharashtra,ACC409559,ACC952350,22969.99,Cash Deposit,Crypto Exchange,0.28,False
TX0002960,2024-03-14,2024,Uttar Pradesh,Karnataka,ACC369008,ACC191716,199329.4,Trade Invoice Payment,Crypto Exchange,0.2,False
TX0002961,2023-10-14,2023,West Bengal,Rajasthan,ACC344648,ACC606593,1187134.49,Shell Company Transfer,UPI,0.64,False
TX0002962,2023-12-04,2023,Punjab,Gujarat,ACC462122,ACC634352,38968.7,Trade Invoice Payment,Hawala Network,0.25,False
TX0002963,2018-07-23,2018,Gujarat,Punjab,ACC663763,ACC406557,141132.97,Trade Invoice Payment,Crypto Exchange,0.17,False
TX0002964,2019-06-05,2019,Telangana,Punjab,ACC168183,ACC779761,23992.28,Cash Deposit,Crypto Exchange,0.18,False
TX0002965,2019-06-10,2019,Manipur,Jammu and Kashmir,ACC925407,ACC920728,4620.57,Trade Invoice Payment,Bank Transfer,0.15,False
TX0002966,2019-07-08,2019,Gujarat,Andhra Pradesh,ACC769442,ACC488388,66332.76,Trade Invoice Payment,Cash,0.16,False
TX0002967,2018-02-22,2018,West Bengal,Uttar Pradesh,ACC260021,ACC506218,101077.55,Trade Invoice Payment,Hawala Network,0.28,False
TX0002968,2020-04-14,2020,Bihar,Maharashtra,ACC795214,ACC450842,22497.74,Trade Invoice Payment,Bank Transfer,0.3,False
TX0002969,2018-10-07,2018,Andhra Pradesh,Haryana,ACC604458,ACC495696,68979.38,Cash Deposit,Bank Transfer,0.29,False
TX0002970,2023-03-24,2023,Karnataka,Delhi,ACC466379,ACC387058,419534.18,Remittance,UPI,0.15,False
TX0002971,2020-10-27,2020,Rajasthan,Kerala,ACC800568,ACC903703,144450.69,Remittance,Cash,0.24,False
TX0002972,2019-11-21,2019,Mizoram,Delhi,ACC390891,ACC340439,517858.29,Shell Company Transfer,Hawala Network,0.69,True
TX0002973,2024-01-10,2024,Jammu and Kashmir,Jammu and Kashmir,ACC656364,ACC190567,102905.08,Trade Invoice Payment,Hawala Network,0.0,False
TX0002974,2021-07-23,2021,Manipur,Kerala,ACC489547,ACC393887,136733.11,Remittance,Cash,0.27,False
TX0002975,2021-12-23,2021,Maharashtra,Rajasthan,ACC711055,ACC428188,8943.43,Trade Invoice Payment,Bank Transfer,0.12,False
TX0002976,2024-06-04,2024,Assam,Kerala,ACC489509,ACC784055,3766.97,Hawala-linked Transfer,Bank Transfer,0.58,False
TX0002977,2019-04-21,2019,Punjab,Haryana,ACC369956,ACC564578,92355.17,Trade Invoice Payment,Crypto Exchange,0.21,False
TX0002978,2021-04-26,2021,West Bengal,Madhya Pradesh,ACC499918,ACC709944,42017.81,Remittance,Bank Transfer,0.1,False
TX0002979,2019-05-05,2019,Maharashtra,Gujarat,ACC387959,ACC113536,14414.44,Cash Deposit,Bank Transfer,0.26,False
TX0002980,2021-08-17,2021,Mizoram,Haryana,ACC701216,ACC420803,93381.07,Remittance,Crypto Exchange,0.24,False
TX0002981,2019-08-23,2019,Bihar,Andhra Pradesh,ACC949464,ACC674951,13347.56,Remittance,Hawala Network,0.29,False
TX0002982,2023-04-12,2023,Manipur,Haryana,ACC169354,ACC419929,147012.74,Shell Company Transfer,Hawala Network,0.72,True
TX0002983,2024-11-15,2024,West Bengal,Madhya Pradesh,ACC695142,ACC748519,32525.22,Shell Company Transfer,Cash,0.69,True
TX0002984,2024-02-24,2024,Andhra Pradesh,Tamil Nadu,ACC285389,ACC983472,87983.87,Shell Company Transfer,UPI,0.66,True
TX0002985,2019-08-25,2019,West Bengal,Karnataka,ACC849940,ACC524772,24465.65,Trade Invoice Payment,Cash,0.19,False
TX0002986,2021-04-06,2021,Delhi,Tamil Nadu,ACC452075,ACC494416,440423.52,Remittance,Bank Transfer,0.26,False
TX0002987,2024-12-25,2024,Haryana,Andhra Pradesh,ACC521884,ACC572667,85038.9,Crypto Off-ramp,Crypto Exchange,0.59,False
TX0002988,2021-10-14,2021,Karnataka,Maharashtra,ACC861924,ACC308559,56104.85,Trade Invoice Payment,Crypto Exchange,0.25,False
TX0002989,2018-06-08,2018,Rajasthan,Mizoram,ACC682964,ACC842091,161648.07,Trade Invoice Payment,Hawala Network,0.22,False
TX0002990,2021-05-20,2021,Uttar Pradesh,Kerala,ACC914543,ACC231865,215545.7,Remittance,UPI,0.16,False
TX0002991,2021-09-08,2021,Bihar,Mizoram,ACC111804,ACC216938,268276.71,Shell Company Transfer,Crypto Exchange,0.58,False
TX0002992,2023-09-11,2023,West Bengal,Maharashtra,ACC192618,ACC641578,31427.51,Hawala-linked Transfer,Bank Transfer,0.67,True
TX0002993,2024-02-06,2024,Delhi,Andhra Pradesh,ACC938415,ACC870326,40044.71,Trade Invoice Payment,Crypto Exchange,0.21,False
TX0002994,2022-07-17,2022,Telangana,West Bengal,ACC987636,ACC652521,14708.29,Trade Invoice Payment,UPI,0.11,False
TX0002995,2019-03-01,2019,Rajasthan,Madhya Pradesh,ACC862439,ACC549417,217260.31,Trade Invoice Payment,Hawala Network,0.24,False
TX0002996,2018-08-22,2018,Tamil Nadu,Mizoram,ACC672070,ACC831386,1334166.45,Trade Invoice Payment,Crypto Exchange,0.26,False
TX0002997,2023-11-06,2023,Odisha,Madhya Pradesh,ACC183982,ACC296827,192251.13,Trade Invoice Payment,Hawala Network,0.15,False
TX0002998,2022-12-17,2022,Mizoram,Karnataka,ACC148727,ACC429844,5749.13,Trade Invoice Payment,Bank Transfer,0.22,False
TX0002999,2019-01-03,2019,Mizoram,Uttar Pradesh,ACC935668,ACC736268,39877.59,Remittance,Cash,0.28,False
TX0003000,2018-12-06,2018,Haryana,Rajasthan,ACC936286,ACC978819,2687196.49,Cash Deposit,Cash,0.54,False
TX0003001,2019-10-25,2019,Madhya Pradesh,Mizoram,ACC387502,ACC716474,58799.21,Trade Invoice Payment,Hawala Network,0.22,False
TX0003002,2020-03-15,2020,Odisha,Madhya Pradesh,ACC592263,ACC341136,7907.65,Trade Invoice Payment,Hawala Network,0.26,False
TX0003003,2022-10-01,2022,Karnataka,Madhya Pradesh,ACC181252,ACC683966,143450.7,Shell Company Transfer,Bank Transfer,0.61,False
TX0003004,2022-05-02,2022,Jammu and Kashmir,Assam,ACC485652,ACC423723,43724.79,Remittance,Bank Transfer,0.17,False
TX0003005,2019-07-25,2019,Madhya Pradesh,Rajasthan,ACC453045,ACC249080,102750.02,Remittance,UPI,0.24,False
TX0003006,2022-08-17,2022,Maharashtra,Telangana,ACC980052,ACC220318,55394.53,Remittance,Crypto Exchange,0.19,False
TX0003007,2021-06-13,2021,Odisha,West Bengal,ACC168484,ACC803782,352426.57,Shell Company Transfer,Bank Transfer,0.7,True
TX0003008,2020-11-09,2020,Uttar Pradesh,Punjab,ACC136241,ACC241185,532213.92,Shell Company Transfer,Hawala Network,0.58,False
TX0003009,2023-06-04,2023,Delhi,Madhya Pradesh,ACC679748,ACC329529,6534.41,Trade Invoice Payment,Crypto Exchange,0.14,False
TX0003010,2022-05-24,2022,West Bengal,Andhra Pradesh,ACC127307,ACC564589,262940.42,Trade Invoice Payment,UPI,0.14,False
TX0003011,2019-12-22,2019,Odisha,Jammu and Kashmir,ACC783031,ACC427021,71639.3,Hawala-linked Transfer,Hawala Network,0.72,True
TX0003012,2020-08-04,2020,Karnataka,Jammu and Kashmir,ACC670895,ACC857094,11835.6,Trade Invoice Payment,Bank Transfer,0.25,False
TX0003013,2021-06-07,2021,Haryana,West Bengal,ACC201107,ACC603532,14994.36,Cash Deposit,Bank Transfer,0.15,False
TX0003014,2018-04-21,2018,Uttar Pradesh,Kerala,ACC220483,ACC364830,309491.5,Trade Invoice Payment,Hawala Network,0.25,False
TX0003015,2021-09-16,2021,Rajasthan,Tamil Nadu,ACC421987,ACC774502,603183.76,Trade Invoice Payment,UPI,0.25,False
TX0003016,2021-04-04,2021,Delhi,Odisha,ACC323964,ACC434536,232992.28,Hawala-linked Transfer,UPI,0.7,True
TX0003017,2022-02-15,2022,Haryana,Delhi,ACC336430,ACC746112,32621.59,Trade Invoice Payment,Bank Transfer,0.24,False
TX0003018,2020-06-14,2020,Andhra Pradesh,Maharashtra,ACC696489,ACC413397,2654465.39,Hawala-linked Transfer,Bank Transfer,0.86,True
TX0003019,2018-07-12,2018,Jammu and Kashmir,Odisha,ACC128908,ACC512963,398260.5,Trade Invoice Payment,UPI,0.3,False
TX0003020,2020-07-16,2020,Tamil Nadu,Mizoram,ACC426887,ACC757399,153712.96,Trade Invoice Payment,Hawala Network,0.26,False
TX0003021,2019-06-16,2019,Odisha,West Bengal,ACC928886,ACC799321,447112.36,Hawala-linked Transfer,Hawala Network,0.63,False
TX0003022,2022-01-20,2022,Rajasthan,Karnataka,ACC650747,ACC197350,250075.03,Shell Company Transfer,Hawala Network,0.67,True
TX0003023,2021-03-25,2021,Andhra Pradesh,Uttar Pradesh,ACC193148,ACC289275,891539.11,Remittance,Hawala Network,0.16,False
TX0003024,2024-04-02,2024,Kerala,Delhi,ACC373894,ACC380292,17199.72,Hawala-linked Transfer,UPI,0.58,False
TX0003025,2023-08-05,2023,Manipur,Rajasthan,ACC702784,ACC520592,129102.27,Trade Invoice Payment,Cash,0.26,False
TX0003026,2024-08-03,2024,Gujarat,Punjab,ACC804922,ACC413207,75305.47,Remittance,Crypto Exchange,0.11,False
TX0003027,2018-10-20,2018,Rajasthan,Uttar Pradesh,ACC487709,ACC173305,86039.12,Remittance,Bank Transfer,0.19,False
TX0003028,2024-02-18,2024,Kerala,Andhra Pradesh,ACC365203,ACC284227,81976.55,Trade Invoice Payment,Cash,0.18,False
TX0003029,2021-05-03,2021,Telangana,Andhra Pradesh,ACC575442,ACC623698,78681.45,Cash Deposit,Cash,0.11,False
TX0003030,2024-06-26,2024,West Bengal,Mizoram,ACC773441,ACC288846,382000.15,Remittance,Cash,0.28,False
TX0003031,2021-08-14,2021,Kerala,Rajasthan,ACC423839,ACC256543,292714.2,Remittance,Hawala Network,0.16,False
TX0003032,2021-04-27,2021,Mizoram,Telangana,ACC869695,ACC947103,69913.76,Remittance,Crypto Exchange,0.26,False
TX0003033,2022-11-08,2022,Odisha,Telangana,ACC727963,ACC965987,108609.04,Trade Invoice Payment,Cash,0.2,False
TX0003034,2022-04-17,2022,Karnataka,Manipur,ACC337203,ACC886286,503831.63,Shell Company Transfer,Bank Transfer,0.57,False
TX0003035,2021-05-24,2021,Delhi,Punjab,ACC492115,ACC287049,100986.88,Shell Company Transfer,Cash,0.58,False
TX0003036,2018-01-27,2018,Haryana,Kerala,ACC569440,ACC182639,74010.29,Cash Deposit,Hawala Network,0.26,False
TX0003037,2018-09-24,2018,Haryana,Maharashtra,ACC448180,ACC942778,54061.81,Cash Deposit,Bank Transfer,0.11,False
TX0003038,2021-04-17,2021,Kerala,Bihar,ACC178160,ACC326119,891504.01,Hawala-linked Transfer,Bank Transfer,0.73,True
TX0003039,2023-08-11,2023,Assam,Gujarat,ACC369576,ACC103333,331490.52,Trade Invoice Payment,Cash,0.2,False
TX0003040,2019-09-27,2019,Mizoram,Haryana,ACC665512,ACC534964,889265.74,Hawala-linked Transfer,Hawala Network,0.64,False
TX0003041,2021-02-01,2021,Haryana,Manipur,ACC750434,ACC420580,74437.96,Remittance,Cash,0.2,False
TX0003042,2023-07-26,2023,Rajasthan,Bihar,ACC617722,ACC295442,171759.24,Trade Invoice Payment,Crypto Exchange,0.28,False
TX0003043,2018-03-08,2018,Manipur,Odisha,ACC998508,ACC602353,45880.03,Trade Invoice Payment,Cash,0.15,False
TX0003044,2023-07-27,2023,Assam,Maharashtra,ACC302667,ACC329888,12403.31,Hawala-linked Transfer,Crypto Exchange,0.67,True
TX0003045,2021-07-13,2021,Andhra Pradesh,Telangana,ACC523083,ACC592490,43025.66,Trade Invoice Payment,Crypto Exchange,0.25,False
TX0003046,2022-07-10,2022,Kerala,Tamil Nadu,ACC121609,ACC987158,322117.88,Trade Invoice Payment,Hawala Network,0.17,False
TX0003047,2021-03-26,2021,Odisha,Uttar Pradesh,ACC727775,ACC539517,49535.88,Trade Invoice Payment,Cash,0.28,False
TX0003048,2018-03-10,2018,Rajasthan,Bihar,ACC595035,ACC129692,22942.99,Remittance,Crypto Exchange,0.18,False
TX0003049,2022-04-09,2022,Rajasthan,West Bengal,ACC272063,ACC240746,32429.37,Cash Deposit,Bank Transfer,0.17,False
TX0003050,2018-01-12,2018,Jammu and Kashmir,Rajasthan,ACC191644,ACC669843,854749.37,Trade Invoice Payment,Hawala Network,0.11,False
TX0003051,2020-07-11,2020,Rajasthan,Odisha,ACC173119,ACC273202,20363.67,Trade Invoice Payment,UPI,0.28,False
TX0003052,2022-01-21,2022,Tamil Nadu,Delhi,ACC537534,ACC492627,28467.65,Trade Invoice Payment,Crypto Exchange,0.11,False
TX0003053,2018-07-12,2018,Odisha,Maharashtra,ACC261218,ACC436569,30129.15,Cash Deposit,Bank Transfer,0.26,False
TX0003054,2021-06-19,2021,Bihar,Kerala,ACC875857,ACC851637,32688.24,Cash Deposit,Bank Transfer,0.2,False
TX0003055,2020-07-06,2020,Manipur,Uttar Pradesh,ACC882179,ACC147113,61275.12,Trade Invoice Payment,Cash,0.14,False
TX0003056,2019-01-25,2019,Gujarat,Tamil Nadu,ACC687812,ACC267796,17753.61,Trade Invoice Payment,Cash,0.22,False
TX0003057,2022-07-26,2022,Kerala,Rajasthan,ACC129186,ACC120527,55488.56,Crypto Off-ramp,Bank Transfer,0.65,True
TX0003058,2019-08-11,2019,Madhya Pradesh,Telangana,ACC900556,ACC862878,61905.9,Shell Company Transfer,UPI,0.7,True
TX0003059,2018-11-24,2018,Tamil Nadu,Bihar,ACC122522,ACC145896,15135.34,Remittance,Cash,0.25,False
TX0003060,2019-08-26,2019,Odisha,Manipur,ACC181299,ACC843292,47663.42,Trade Invoice Payment,Hawala Network,0.18,False
TX0003061,2022-12-27,2022,Punjab,Karnataka,ACC121264,ACC129502,6578.29,Hawala-linked Transfer,Crypto Exchange,0.56,False
TX0003062,2023-07-21,2023,Maharashtra,Delhi,ACC561578,ACC837582,383488.93,Remittance,Cash,0.25,False
TX0003063,2021-03-19,2021,Andhra Pradesh,Mizoram,ACC691020,ACC116429,667570.52,Remittance,Crypto Exchange,0.12,False
TX0003064,2022-09-22,2022,Punjab,Tamil Nadu,ACC652182,ACC949846,90138.25,Trade Invoice Payment,Bank Transfer,0.18,False
TX0003065,2022-10-15,2022,Bihar,Mizoram,ACC397001,ACC585390,79649.68,Trade Invoice Payment,UPI,0.24,False
TX0003066,2018-09-12,2018,Jammu and Kashmir,Madhya Pradesh,ACC160190,ACC162325,49849.12,Trade Invoice Payment,UPI,0.19,False
TX0003067,2024-01-06,2024,Assam,Punjab,ACC235914,ACC705306,63180.17,Remittance,Bank Transfer,0.11,False
TX0003068,2018-02-27,2018,Telangana,Bihar,ACC371193,ACC716069,186210.61,Cash Deposit,UPI,0.21,False
TX0003069,2022-09-22,2022,Telangana,Maharashtra,ACC957995,ACC981849,34022.2,Trade Invoice Payment,Crypto Exchange,0.14,False
TX0003070,2019-09-18,2019,Manipur,Madhya Pradesh,ACC545832,ACC958247,154228.96,Trade Invoice Payment,UPI,0.29,False
TX0003071,2019-12-04,2019,Bihar,Manipur,ACC368044,ACC111275,118620.69,Trade Invoice Payment,Cash,0.18,False
TX0003072,2018-02-27,2018,Bihar,Karnataka,ACC330881,ACC637512,877569.69,Trade Invoice Payment,Hawala Network,0.2,False
TX0003073,2019-10-16,2019,Telangana,West Bengal,ACC821802,ACC209990,143020.19,Hawala-linked Transfer,Crypto Exchange,0.65,True
TX0003074,2019-06-13,2019,Jammu and Kashmir,Odisha,ACC599792,ACC510460,27940.06,Shell Company Transfer,Hawala Network,0.69,True
TX0003075,2018-03-02,2018,Uttar Pradesh,Odisha,ACC742522,ACC835538,459262.3,Hawala-linked Transfer,UPI,0.6,False
TX0003076,2019-07-18,2019,Karnataka,Maharashtra,ACC456174,ACC681902,76092.95,Hawala-linked Transfer,UPI,0.63,False
TX0003077,2021-03-03,2021,Karnataka,Tamil Nadu,ACC718105,ACC277145,3407.4,Remittance,Hawala Network,0.27,False
TX0003078,2022-06-10,2022,West Bengal,Delhi,ACC654618,ACC316535,83160.52,Shell Company Transfer,Hawala Network,0.73,True
TX0003079,2019-06-14,2019,Manipur,Madhya Pradesh,ACC752591,ACC673859,110897.07,Remittance,Hawala Network,0.21,False
TX0003080,2023-02-27,2023,Odisha,Delhi,ACC700423,ACC965884,407187.59,Hawala-linked Transfer,Hawala Network,0.6,False
TX0003081,2023-12-07,2023,Assam,Telangana,ACC178938,ACC201285,102809.52,Trade Invoice Payment,Cash,0.1,False
TX0003082,2018-11-26,2018,Manipur,Jammu and Kashmir,ACC591480,ACC534844,83457.86,Hawala-linked Transfer,Cash,0.7,True
TX0003083,2024-03-01,2024,Karnataka,Punjab,ACC730300,ACC391710,301318.87,Remittance,Hawala Network,0.24,False
TX0003084,2018-01-16,2018,Manipur,Andhra Pradesh,ACC247435,ACC546678,224504.21,Trade Invoice Payment,Hawala Network,0.25,False
TX0003085,2019-06-15,2019,Manipur,Tamil Nadu,ACC511985,ACC553116,1033208.16,Cash Deposit,Crypto Exchange,0.26,False
TX0003086,2018-07-22,2018,Odisha,Andhra Pradesh,ACC864973,ACC461592,58595.3,Trade Invoice Payment,Cash,0.21,False
TX0003087,2018-04-25,2018,Karnataka,Haryana,ACC432915,ACC673611,115640.24,Cash Deposit,UPI,0.11,False
TX0003088,2023-03-27,2023,Madhya Pradesh,Andhra Pradesh,ACC203977,ACC843040,75790.47,Remittance,Bank Transfer,0.21,False
TX0003089,2024-12-07,2024,Bihar,Delhi,ACC484878,ACC208502,13788.17,Cash Deposit,Hawala Network,0.16,False
TX0003090,2019-04-09,2019,West Bengal,Punjab,ACC853282,ACC496143,127720.25,Crypto Off-ramp,Bank Transfer,0.71,True
TX0003091,2024-12-12,2024,Assam,Mizoram,ACC655898,ACC100907,39881.52,Shell Company Transfer,UPI,0.61,False
TX0003092,2018-04-08,2018,Punjab,Gujarat,ACC486955,ACC527101,204476.94,Remittance,Bank Transfer,0.24,False
TX0003093,2019-07-12,2019,Tamil Nadu,Karnataka,ACC909982,ACC743143,88200.78,Remittance,Hawala Network,0.24,False
TX0003094,2022-02-16,2022,Tamil Nadu,Mizoram,ACC253372,ACC928439,103637.16,Shell Company Transfer,UPI,0.58,False
TX0003095,2019-08-04,2019,Rajasthan,Kerala,ACC551517,ACC688724,419801.9,Remittance,UPI,0.18,False
TX0003096,2019-09-12,2019,West Bengal,Kerala,ACC350965,ACC368071,11223.25,Trade Invoice Payment,Crypto Exchange,0.29,False
TX0003097,2022-03-17,2022,Jammu and Kashmir,Bihar,ACC268317,ACC590198,203235.16,Trade Invoice Payment,Bank Transfer,0.21,False
TX0003098,2022-10-22,2022,Odisha,Karnataka,ACC559354,ACC107507,630388.92,Trade Invoice Payment,UPI,0.23,False
TX0003099,2020-01-04,2020,West Bengal,Manipur,ACC704185,ACC221729,233616.65,Shell Company Transfer,Bank Transfer,0.68,True
TX0003100,2023-07-20,2023,Tamil Nadu,Punjab,ACC651764,ACC720124,104709.15,Remittance,UPI,0.23,False
TX0003101,2018-06-07,2018,Maharashtra,Bihar,ACC535100,ACC944643,126969.45,Remittance,Hawala Network,0.15,False
TX0003102,2021-09-14,2021,Rajasthan,Uttar Pradesh,ACC503078,ACC481472,34819.52,Shell Company Transfer,Crypto Exchange,0.72,True
TX0003103,2023-10-12,2023,Karnataka,Manipur,ACC446571,ACC627247,137432.37,Crypto Off-ramp,Cash,0.59,False
TX0003104,2023-08-04,2023,Maharashtra,Bihar,ACC127857,ACC223688,73311.59,Crypto Off-ramp,Cash,0.74,True
TX0003105,2021-04-24,2021,Uttar Pradesh,West Bengal,ACC295075,ACC910318,70638.83,Cash Deposit,Crypto Exchange,0.15,False
TX0003106,2020-02-02,2020,Odisha,Delhi,ACC883089,ACC179579,38385.53,Shell Company Transfer,Crypto Exchange,0.68,True
TX0003107,2023-09-17,2023,Tamil Nadu,Gujarat,ACC234242,ACC476172,67198.47,Remittance,Hawala Network,0.24,False
TX0003108,2022-11-25,2022,Punjab,Assam,ACC681973,ACC240368,305058.75,Cash Deposit,Bank Transfer,0.16,False
TX0003109,2023-08-21,2023,Gujarat,Gujarat,ACC854854,ACC553651,99322.11,Cash Deposit,Hawala Network,0.17,False
TX0003110,2024-08-21,2024,Madhya Pradesh,Mizoram,ACC787540,ACC988936,70856.67,Remittance,UPI,0.28,False
TX0003111,2019-10-17,2019,Mizoram,Haryana,ACC738499,ACC523702,100793.89,Trade Invoice Payment,Hawala Network,0.24,False
TX0003112,2019-05-06,2019,Rajasthan,Andhra Pradesh,ACC932142,ACC178765,458718.16,Crypto Off-ramp,Bank Transfer,0.65,True
TX0003113,2023-06-22,2023,Odisha,Karnataka,ACC690121,ACC649293,61171.76,Hawala-linked Transfer,Crypto Exchange,0.69,True
TX0003114,2023-12-03,2023,Andhra Pradesh,Manipur,ACC493090,ACC397477,27799.96,Hawala-linked Transfer,Crypto Exchange,0.59,False
TX0003115,2021-09-25,2021,Punjab,Mizoram,ACC417461,ACC876453,17315.76,Trade Invoice Payment,Crypto Exchange,0.18,False
TX0003116,2018-02-26,2018,Karnataka,Telangana,ACC139687,ACC307719,53147.81,Trade Invoice Payment,Hawala Network,0.18,False
TX0003117,2023-09-02,2023,Punjab,Gujarat,ACC273394,ACC328637,184458.22,Hawala-linked Transfer,Cash,0.56,False
TX0003118,2022-09-08,2022,Delhi,Kerala,ACC603734,ACC163810,109604.74,Hawala-linked Transfer,Crypto Exchange,0.71,True
TX0003119,2018-12-04,2018,Kerala,Telangana,ACC797780,ACC763672,128731.57,Trade Invoice Payment,Bank Transfer,0.15,False
TX0003120,2019-04-16,2019,Telangana,Gujarat,ACC325990,ACC188263,17407.61,Cash Deposit,Crypto Exchange,0.17,False
TX0003121,2020-01-05,2020,Telangana,Jammu and Kashmir,ACC275259,ACC787197,302964.57,Crypto Off-ramp,Crypto Exchange,0.7,True
TX0003122,2023-09-03,2023,Jammu and Kashmir,Bihar,ACC758033,ACC925595,60245.25,Remittance,Hawala Network,0.17,False
TX0003123,2019-06-05,2019,Odisha,Punjab,ACC332856,ACC157624,168637.83,Trade Invoice Payment,Bank Transfer,0.25,False
TX0003124,2019-10-17,2019,Rajasthan,Madhya Pradesh,ACC451011,ACC249809,111757.0,Hawala-linked Transfer,Crypto Exchange,0.71,True
TX0003125,2019-01-25,2019,West Bengal,Karnataka,ACC439449,ACC633983,31788.75,Crypto Off-ramp,Crypto Exchange,0.55,False
TX0003126,2023-03-18,2023,Haryana,Rajasthan,ACC133920,ACC814791,713035.89,Hawala-linked Transfer,Hawala Network,0.66,True
TX0003127,2019-06-10,2019,West Bengal,Rajasthan,ACC874002,ACC776056,1399604.33,Remittance,Crypto Exchange,0.15,False
TX0003128,2018-04-10,2018,Odisha,Madhya Pradesh,ACC499642,ACC727053,13281.76,Shell Company Transfer,Crypto Exchange,0.67,True
TX0003129,2022-04-15,2022,Delhi,Mizoram,ACC911973,ACC804801,215741.71,Trade Invoice Payment,Cash,0.2,False
TX0003130,2021-09-18,2021,Madhya Pradesh,Telangana,ACC827467,ACC904997,150528.89,Trade Invoice Payment,UPI,0.15,False
TX0003131,2018-09-23,2018,Telangana,Gujarat,ACC696032,ACC923534,116613.39,Crypto Off-ramp,Crypto Exchange,0.56,False
TX0003132,2024-03-13,2024,Punjab,Tamil Nadu,ACC179967,ACC898367,33401.02,Trade Invoice Payment,UPI,0.27,False
TX0003133,2023-09-15,2023,Jammu and Kashmir,Manipur,ACC310789,ACC309890,197065.52,Crypto Off-ramp,Cash,0.74,True
TX0003134,2022-01-15,2022,Gujarat,Uttar Pradesh,ACC920248,ACC701446,160474.22,Trade Invoice Payment,Hawala Network,0.17,False
TX0003135,2021-01-06,2021,Haryana,Uttar Pradesh,ACC130962,ACC107721,114825.87,Trade Invoice Payment,Crypto Exchange,0.12,False
TX0003136,2023-04-08,2023,Mizoram,Jammu and Kashmir,ACC758554,ACC703973,69133.19,Trade Invoice Payment,Crypto Exchange,0.16,False
TX0003137,2022-02-06,2022,Karnataka,Delhi,ACC654334,ACC720293,14299.11,Cash Deposit,Hawala Network,0.12,False
TX0003138,2019-01-20,2019,Jammu and Kashmir,West Bengal,ACC986590,ACC335542,197978.3,Remittance,Hawala Network,0.16,False
TX0003139,2023-03-14,2023,Mizoram,Haryana,ACC222246,ACC516521,78760.5,Trade Invoice Payment,Bank Transfer,0.15,False
TX0003140,2019-03-09,2019,West Bengal,Kerala,ACC294137,ACC428263,239846.33,Cash Deposit,UPI,0.16,False
TX0003141,2021-11-15,2021,Jammu and Kashmir,Bihar,ACC270487,ACC621085,128436.79,Crypto Off-ramp,UPI,0.73,True
TX0003142,2020-07-06,2020,Assam,Kerala,ACC161698,ACC584162,75356.0,Hawala-linked Transfer,Crypto Exchange,0.62,False
TX0003143,2022-01-22,2022,Delhi,Jammu and Kashmir,ACC570453,ACC578001,257884.29,Shell Company Transfer,Crypto Exchange,0.65,True
TX0003144,2024-01-15,2024,Telangana,Punjab,ACC467129,ACC766045,124899.39,Shell Company Transfer,Hawala Network,0.65,True
TX0003145,2024-10-22,2024,Andhra Pradesh,Uttar Pradesh,ACC579362,ACC224046,320274.99,Trade Invoice Payment,Cash,0.14,False
TX0003146,2024-08-13,2024,West Bengal,Punjab,ACC547938,ACC639309,950407.28,Remittance,Cash,0.19,False
TX0003147,2024-08-03,2024,Uttar Pradesh,Delhi,ACC116534,ACC395630,92639.76,Cash Deposit,Bank Transfer,0.29,False
TX0003148,2022-11-06,2022,Mizoram,Manipur,ACC692462,ACC912669,202930.4,Remittance,Bank Transfer,0.18,False
TX0003149,2019-12-01,2019,Delhi,Bihar,ACC319241,ACC838807,20216.73,Shell Company Transfer,UPI,0.55,False
TX0003150,2019-03-13,2019,Assam,Jammu and Kashmir,ACC228801,ACC481400,120153.83,Remittance,Hawala Network,0.11,False
TX0003151,2019-09-11,2019,Gujarat,Madhya Pradesh,ACC918597,ACC499380,70846.92,Cash Deposit,Cash,0.17,False
TX0003152,2019-04-06,2019,Mizoram,Bihar,ACC331340,ACC810880,170747.24,Cash Deposit,Cash,0.28,False
TX0003153,2020-02-18,2020,Karnataka,West Bengal,ACC860774,ACC130511,26710.74,Trade Invoice Payment,Crypto Exchange,0.22,False
TX0003154,2023-10-18,2023,Karnataka,Tamil Nadu,ACC710357,ACC602200,15043.21,Remittance,UPI,0.28,False
TX0003155,2019-02-20,2019,West Bengal,Manipur,ACC521470,ACC169967,13415.61,Cash Deposit,Bank Transfer,0.15,False
TX0003156,2020-10-14,2020,West Bengal,Rajasthan,ACC812878,ACC171132,518540.49,Crypto Off-ramp,Hawala Network,0.7,True
TX0003157,2020-11-11,2020,Delhi,Kerala,ACC377504,ACC724749,99635.67,Remittance,Hawala Network,0.25,False
TX0003158,2020-02-24,2020,Punjab,Gujarat,ACC974426,ACC573440,31665.07,Remittance,Cash,0.24,False
TX0003159,2018-08-01,2018,Madhya Pradesh,Kerala,ACC929475,ACC256155,42556.0,Remittance,Bank Transfer,0.18,False
TX0003160,2021-12-11,2021,Mizoram,Rajasthan,ACC318900,ACC369812,232681.7,Cash Deposit,Crypto Exchange,0.27,False
TX0003161,2024-02-16,2024,Gujarat,Uttar Pradesh,ACC160021,ACC643186,186330.35,Shell Company Transfer,Crypto Exchange,0.73,True
TX0003162,2022-05-06,2022,Punjab,Karnataka,ACC773130,ACC599975,4711.64,Cash Deposit,UPI,0.14,False
TX0003163,2024-06-20,2024,Uttar Pradesh,Manipur,ACC173633,ACC838752,44090.6,Trade Invoice Payment,UPI,0.23,False
TX0003164,2018-08-16,2018,Uttar Pradesh,Haryana,ACC626100,ACC189820,104297.69,Hawala-linked Transfer,Crypto Exchange,0.61,False
TX0003165,2018-10-10,2018,Haryana,Andhra Pradesh,ACC963823,ACC357849,892840.04,Cash Deposit,Crypto Exchange,0.12,False
TX0003166,2018-02-10,2018,Bihar,Kerala,ACC395212,ACC675502,847325.54,Remittance,Crypto Exchange,0.11,False
TX0003167,2024-11-06,2024,Mizoram,Telangana,ACC950110,ACC196074,544249.0,Shell Company Transfer,Bank Transfer,0.63,False
TX0003168,2022-08-16,2022,Odisha,Maharashtra,ACC713306,ACC814834,380632.96,Remittance,UPI,0.29,False
TX0003169,2018-08-10,2018,Haryana,Tamil Nadu,ACC662510,ACC346659,11723.37,Trade Invoice Payment,UPI,0.24,False
TX0003170,2024-06-19,2024,Telangana,Bihar,ACC950606,ACC951741,9870.57,Hawala-linked Transfer,Crypto Exchange,0.72,True
TX0003171,2024-06-17,2024,Karnataka,Jammu and Kashmir,ACC465293,ACC214887,301314.58,Remittance,Crypto Exchange,0.2,False
TX0003172,2019-02-16,2019,Rajasthan,Uttar Pradesh,ACC296839,ACC540419,174034.5,Trade Invoice Payment,Bank Transfer,0.21,False
TX0003173,2020-04-20,2020,Gujarat,Uttar Pradesh,ACC882356,ACC425394,17635.45,Shell Company Transfer,UPI,0.56,False
TX0003174,2024-11-20,2024,Rajasthan,Karnataka,ACC395023,ACC715000,154842.39,Trade Invoice Payment,UPI,0.23,False
TX0003175,2020-01-25,2020,Delhi,Telangana,ACC664498,ACC823598,659980.84,Trade Invoice Payment,Cash,0.3,False
TX0003176,2019-12-25,2019,Haryana,Tamil Nadu,ACC133495,ACC467318,14876.1,Remittance,Cash,0.14,False
TX0003177,2020-05-11,2020,Tamil Nadu,Rajasthan,ACC266018,ACC914912,154114.63,Remittance,Hawala Network,0.23,False
TX0003178,2023-10-12,2023,Manipur,West Bengal,ACC142658,ACC736827,337812.44,Hawala-linked Transfer,Bank Transfer,0.74,True
TX0003179,2021-10-06,2021,Rajasthan,Maharashtra,ACC866124,ACC724668,12767.1,Trade Invoice Payment,Hawala Network,0.11,False
TX0003180,2019-06-22,2019,Tamil Nadu,Manipur,ACC950759,ACC806930,80231.97,Cash Deposit,Hawala Network,0.12,False
TX0003181,2022-05-04,2022,Jammu and Kashmir,Haryana,ACC490679,ACC667144,101160.66,Hawala-linked Transfer,Crypto Exchange,0.7,True
TX0003182,2018-11-25,2018,Delhi,Bihar,ACC554399,ACC229094,236349.55,Remittance,Cash,0.26,False
TX0003183,2024-10-26,2024,Tamil Nadu,Assam,ACC818531,ACC844678,49225.46,Remittance,UPI,0.26,False
TX0003184,2022-04-23,2022,Mizoram,Uttar Pradesh,ACC972843,ACC787054,128239.15,Remittance,UPI,0.24,False
TX0003185,2021-02-15,2021,Tamil Nadu,Gujarat,ACC637842,ACC551023,57845.2,Hawala-linked Transfer,UPI,0.75,True
TX0003186,2021-07-15,2021,Karnataka,Jammu and Kashmir,ACC682411,ACC999358,8628.84,Remittance,Crypto Exchange,0.16,False
TX0003187,2022-12-04,2022,Manipur,Gujarat,ACC336180,ACC112436,43990.93,Remittance,Cash,0.17,False
TX0003188,2022-07-04,2022,Tamil Nadu,Odisha,ACC867675,ACC578688,11318.37,Cash Deposit,Cash,0.13,False
TX0003189,2018-05-22,2018,Mizoram,Odisha,ACC106157,ACC372186,208168.23,Remittance,Cash,0.14,False
TX0003190,2020-04-17,2020,Bihar,Andhra Pradesh,ACC255008,ACC880723,68280.5,Trade Invoice Payment,Cash,0.15,False
TX0003191,2020-08-14,2020,Gujarat,West Bengal,ACC316888,ACC489096,66920.21,Hawala-linked Transfer,Cash,0.68,True
TX0003192,2023-06-16,2023,Telangana,Madhya Pradesh,ACC297135,ACC165272,41524.27,Cash Deposit,Cash,0.14,False
TX0003193,2020-02-16,2020,Jammu and Kashmir,Karnataka,ACC876927,ACC792736,125629.13,Hawala-linked Transfer,UPI,0.65,True
TX0003194,2023-04-17,2023,Kerala,Gujarat,ACC934918,ACC441256,98520.28,Remittance,Bank Transfer,0.24,False
TX0003195,2019-10-07,2019,Gujarat,Punjab,ACC852555,ACC671651,91608.24,Cash Deposit,UPI,0.17,False
TX0003196,2023-04-26,2023,Rajasthan,Uttar Pradesh,ACC448462,ACC475394,56566.13,Trade Invoice Payment,Cash,0.2,False
TX0003197,2022-04-27,2022,Uttar Pradesh,Delhi,ACC288615,ACC576740,10711.19,Hawala-linked Transfer,Bank Transfer,0.67,True
TX0003198,2024-12-07,2024,Manipur,Jammu and Kashmir,ACC859248,ACC693459,170876.56,Hawala-linked Transfer,UPI,0.71,True
TX0003199,2018-11-17,2018,Rajasthan,Delhi,ACC863576,ACC942805,126193.06,Trade Invoice Payment,Bank Transfer,0.27,False
TX0003200,2023-10-05,2023,Mizoram,Mizoram,ACC358959,ACC683449,10038.32,Trade Invoice Payment,Bank Transfer,0.03,False
